date,side,entry_time,exit_time,entry,exit,pts,r_mult,regime,pnl,reason
2017-05-10,1,2017-05-09,2017-05-10,116.06,116.41,0.3499999999999943,17.499999999999716,bearish,32.99999999999943,bearish
2017-05-11,1,2017-05-10,2017-05-11,116.05000000000001,116.19999999999999,0.14999999999997726,7.499999999998863,bearish,12.999999999997726,bearish
2017-05-12,1,2017-05-11,2017-05-12,116.51,117.05999999999999,0.549999999999983,27.499999999999147,bearish,52.999999999998295,bearish
2017-07-05,1,2017-07-03,2017-07-05,116.10000000000001,115.89999999999999,-0.20000000000001705,-10.000000000000853,bearish,-22.000000000001705,bearish
2017-07-06,1,2017-07-05,2017-07-06,116.53,116.57,0.03999999999999204,1.999999999999602,bearish,1.9999999999992042,bearish
2017-07-07,1,2017-07-06,2017-07-07,116.48,115.77,-0.710000000000008,-35.5000000000004,bearish,-73.0000000000008,bearish
2017-07-10,1,2017-07-07,2017-07-10,115.29,115.00999999999999,-0.28000000000001535,-14.000000000000767,bearish,-30.000000000001535,bearish
2017-07-11,1,2017-07-10,2017-07-11,115.48,115.25,-0.23000000000000398,-11.500000000000199,bearish,-25.000000000000398,bearish
2017-07-12,1,2017-07-11,2017-07-12,115.63000000000001,116.19999999999999,0.569999999999979,28.49999999999895,bearish,54.9999999999979,bearish
2017-07-13,1,2017-07-12,2017-07-13,116.04,116.03,-0.010000000000005116,-0.5000000000002558,bearish,-3.0000000000005116,bearish
2017-07-14,1,2017-07-13,2017-07-14,115.83,117.03,1.2000000000000028,60.00000000000014,bearish,118.00000000000028,bearish
2017-10-25,1,2017-10-24,2017-10-25,121.34,121.3,-0.04000000000000625,-2.0000000000003126,bearish,-6.000000000000625,bearish
2017-10-26,1,2017-10-25,2017-10-26,121.36,121.14999999999999,-0.21000000000000796,-10.500000000000398,bearish,-23.000000000000796,bearish
2017-10-27,1,2017-10-26,2017-10-27,120.34,120.36999999999999,0.029999999999986926,1.4999999999993463,bearish,0.9999999999986926,bearish
2017-10-30,1,2017-10-27,2017-10-30,120.91000000000001,120.92,0.009999999999990905,0.49999999999954525,bearish,-1.0000000000009095,bearish
2017-10-31,1,2017-10-30,2017-10-31,121.14,120.80999999999999,-0.3300000000000125,-16.500000000000625,bearish,-35.00000000000125,bearish
2017-11-01,1,2017-10-31,2017-11-01,120.68,120.97,0.28999999999999204,14.499999999999602,bearish,26.999999999999204,bearish
2017-11-02,1,2017-11-01,2017-11-02,121.12,121.28,0.1599999999999966,7.9999999999998295,bearish,13.999999999999659,bearish
2017-11-03,1,2017-11-02,2017-11-03,121.2,121.35,0.14999999999999147,7.499999999999574,bearish,12.999999999999147,bearish
2017-11-06,1,2017-11-03,2017-11-06,120.63000000000001,120.71,0.07999999999998408,3.999999999999204,bearish,5.999999999998408,bearish
2017-11-07,1,2017-11-06,2017-11-07,121.66000000000001,121.5,-0.1600000000000108,-8.00000000000054,bearish,-18.00000000000108,bearish
2017-11-08,1,2017-11-07,2017-11-08,121.22,121.92999999999999,0.7099999999999937,35.49999999999969,bearish,68.99999999999937,bearish
2017-11-09,1,2017-11-08,2017-11-09,121.64,121.83999999999999,0.19999999999998863,9.999999999999432,bearish,17.999999999998863,bearish
2017-11-10,1,2017-11-09,2017-11-10,122.14,121.97999999999999,-0.1600000000000108,-8.00000000000054,bearish,-18.00000000000108,bearish
2017-11-13,1,2017-11-10,2017-11-13,121.14,121.42,0.28000000000000114,14.000000000000057,bearish,26.000000000000114,bearish
2017-11-14,1,2017-11-13,2017-11-14,121.32000000000001,120.89,-0.4300000000000068,-21.50000000000034,bearish,-45.00000000000068,bearish
2017-11-15,1,2017-11-14,2017-11-15,121.57000000000001,122.11999999999999,0.549999999999983,27.499999999999147,bearish,52.999999999998295,bearish
2017-11-16,1,2017-11-15,2017-11-16,121.42,121.44,0.01999999999999602,0.999999999999801,bearish,-3.979039320256561e-13,bearish
2017-11-17,1,2017-11-16,2017-11-17,121.41000000000001,122.16,0.7499999999999858,37.49999999999929,bearish,72.99999999999858,bearish
2017-11-21,1,2017-11-20,2017-11-21,121.32000000000001,121.66,0.3399999999999892,16.99999999999946,bearish,31.99999999999892,bearish
2017-11-22,1,2017-11-21,2017-11-22,121.52000000000001,122.25,0.7299999999999898,36.49999999999949,bearish,70.99999999999898,bearish
2017-11-27,1,2017-11-24,2017-11-27,122.33,123.25,0.9200000000000017,46.000000000000085,bearish,90.00000000000017,bearish
2017-11-28,1,2017-11-27,2017-11-28,122.84,123.03999999999999,0.19999999999998863,9.999999999999432,bearish,17.999999999998863,bearish
2017-11-30,1,2017-11-29,2017-11-30,122.05000000000001,121.42999999999999,-0.6200000000000188,-31.000000000000938,bearish,-64.00000000000188,bearish
2017-12-01,1,2017-11-30,2017-12-01,121.11,120.92999999999999,-0.18000000000000682,-9.000000000000341,bearish,-20.000000000000682,bearish
2017-12-04,1,2017-12-01,2017-12-04,121.60000000000001,121.14,-0.46000000000000796,-23.000000000000398,bearish,-48.000000000000796,bearish
2017-12-05,1,2017-12-04,2017-12-05,121.19000000000001,120.42999999999999,-0.7600000000000193,-38.000000000000966,bearish,-78.00000000000193,bearish
2017-12-06,1,2017-12-05,2017-12-06,120.33,120.02,-0.3100000000000023,-15.500000000000114,bearish,-33.00000000000023,bearish
2017-12-07,1,2017-12-06,2017-12-07,120.08,119.0,-1.0799999999999983,-53.999999999999915,bearish,-109.99999999999983,bearish
2017-12-08,1,2017-12-07,2017-12-08,118.5,118.61999999999999,0.11999999999999034,5.999999999999517,bearish,9.999999999999034,bearish
2017-12-11,1,2017-12-08,2017-12-11,118.49000000000001,118.36,-0.13000000000000966,-6.500000000000483,bearish,-15.000000000000966,bearish
2017-12-12,1,2017-12-11,2017-12-12,118.02000000000001,117.72,-0.30000000000001137,-15.000000000000568,bearish,-32.00000000000114,bearish
2017-12-13,1,2017-12-12,2017-12-13,118.16000000000001,118.17999999999999,0.01999999999998181,0.9999999999990905,bearish,-1.8189894035458565e-12,bearish
2017-12-14,1,2017-12-13,2017-12-14,119.18,119.08999999999999,-0.09000000000001762,-4.500000000000881,bearish,-11.000000000001762,bearish
2017-12-15,1,2017-12-14,2017-12-15,118.94000000000001,119.39999999999999,0.45999999999997954,22.999999999998977,bearish,43.999999999997954,bearish
2017-12-18,1,2017-12-15,2017-12-18,119.19000000000001,119.61999999999999,0.4299999999999784,21.49999999999892,bearish,40.99999999999784,bearish
2017-12-19,1,2017-12-18,2017-12-19,119.74000000000001,119.66,-0.0800000000000125,-4.000000000000625,bearish,-10.00000000000125,bearish
2017-12-20,1,2017-12-19,2017-12-20,119.83,119.97,0.14000000000000057,7.000000000000028,bearish,12.000000000000057,bearish
2017-12-21,1,2017-12-20,2017-12-21,120.15,120.05999999999999,-0.09000000000001762,-4.500000000000881,bearish,-11.000000000001762,bearish
2017-12-22,1,2017-12-21,2017-12-22,120.32000000000001,120.66,0.3399999999999892,16.99999999999946,bearish,31.99999999999892,bearish
2017-12-26,1,2017-12-22,2017-12-26,120.95,121.53999999999999,0.5899999999999892,29.49999999999946,bearish,56.99999999999892,bearish
2017-12-27,1,2017-12-26,2017-12-27,121.78,121.99,0.20999999999999375,10.499999999999687,bearish,18.999999999999375,bearish
2018-04-24,1,2018-04-23,2018-04-24,125.63000000000001,125.77,0.13999999999998636,6.999999999999318,bearish,11.999999999998636,bearish
2018-04-26,1,2018-04-25,2018-04-26,125.42,125.53,0.10999999999999943,5.499999999999972,bearish,8.999999999999943,bearish
2018-04-27,1,2018-04-26,2018-04-27,124.98,125.19,0.20999999999999375,10.499999999999687,bearish,18.999999999999375,bearish
2018-04-30,1,2018-04-27,2018-04-30,125.51,124.39999999999999,-1.1100000000000136,-55.50000000000068,bearish,-113.00000000000136,bearish
2018-05-01,1,2018-04-30,2018-05-01,124.60000000000001,123.89,-0.710000000000008,-35.5000000000004,bearish,-73.0000000000008,bearish
2018-05-02,1,2018-05-01,2018-05-02,123.72,123.89,0.1700000000000017,8.500000000000085,bearish,15.00000000000017,bearish
2018-05-03,1,2018-05-02,2018-05-03,123.66000000000001,124.64999999999999,0.9899999999999807,49.499999999999034,bearish,96.99999999999807,bearish
2018-05-04,1,2018-05-03,2018-05-04,124.29,124.08999999999999,-0.20000000000001705,-10.000000000000853,bearish,-22.000000000001705,bearish
2018-05-07,1,2018-05-04,2018-05-07,124.55000000000001,124.49,-0.060000000000016485,-3.0000000000008242,bearish,-8.000000000001648,bearish
2018-05-08,1,2018-05-07,2018-05-08,124.58,124.13,-0.45000000000000284,-22.500000000000142,bearish,-47.000000000000284,bearish
2018-05-09,1,2018-05-08,2018-05-09,124.60000000000001,124.44,-0.1600000000000108,-8.00000000000054,bearish,-18.00000000000108,bearish
2018-05-10,1,2018-05-09,2018-05-10,124.34,125.21,0.8699999999999903,43.49999999999952,bearish,84.99999999999903,bearish
2018-05-11,1,2018-05-10,2018-05-11,125.19000000000001,125.55999999999999,0.3699999999999761,18.499999999998806,bearish,34.99999999999761,bearish
2018-05-14,1,2018-05-11,2018-05-14,125.01,125.14999999999999,0.13999999999998636,6.999999999999318,bearish,11.999999999998636,bearish
2018-05-15,1,2018-05-14,2018-05-15,124.5,122.80999999999999,-1.690000000000012,-84.5000000000006,bearish,-171.0000000000012,bearish
2018-05-16,1,2018-05-15,2018-05-16,122.49000000000001,122.36999999999999,-0.12000000000001876,-6.000000000000938,bearish,-14.000000000001876,bearish
2018-05-17,1,2018-05-16,2018-05-17,122.30000000000001,122.22,-0.0800000000000125,-4.000000000000625,bearish,-10.00000000000125,bearish
2018-05-18,1,2018-05-17,2018-05-18,122.37,122.03999999999999,-0.3300000000000125,-16.500000000000625,bearish,-35.00000000000125,bearish
2018-05-21,1,2018-05-18,2018-05-21,122.42,122.14999999999999,-0.27000000000001023,-13.500000000000512,bearish,-29.000000000001023,bearish
2018-05-22,1,2018-05-21,2018-05-22,122.49000000000001,122.69,0.19999999999998863,9.999999999999432,bearish,17.999999999998863,bearish
2018-05-23,1,2018-05-22,2018-05-23,122.42,122.13,-0.29000000000000625,-14.500000000000313,bearish,-31.000000000000625,bearish
2018-05-24,1,2018-05-23,2018-05-24,122.55000000000001,123.08999999999999,0.5399999999999778,26.99999999999889,bearish,51.99999999999778,bearish
2018-05-25,1,2018-05-24,2018-05-25,123.60000000000001,123.64999999999999,0.04999999999998295,2.4999999999991473,bearish,2.9999999999982947,bearish
2018-05-29,1,2018-05-25,2018-05-29,123.22,122.83,-0.39000000000000057,-19.50000000000003,bearish,-41.00000000000006,bearish
2018-05-30,1,2018-05-29,2018-05-30,123.2,123.16,-0.04000000000000625,-2.0000000000003126,bearish,-6.000000000000625,bearish
2018-05-31,1,2018-05-30,2018-05-31,123.38000000000001,123.25,-0.13000000000000966,-6.500000000000483,bearish,-15.000000000000966,bearish
2018-06-01,1,2018-05-31,2018-06-01,123.11,122.58,-0.5300000000000011,-26.500000000000057,bearish,-55.000000000000114,bearish
2018-06-04,1,2018-06-01,2018-06-04,122.5,122.83999999999999,0.3399999999999892,16.99999999999946,bearish,31.99999999999892,bearish
2018-06-05,1,2018-06-04,2018-06-05,122.38000000000001,122.53999999999999,0.15999999999998238,7.999999999999119,bearish,13.999999999998238,bearish
2018-06-06,1,2018-06-05,2018-06-06,122.86,123.07,0.20999999999999375,10.499999999999687,bearish,18.999999999999375,bearish
2018-06-07,1,2018-06-06,2018-06-07,122.93,122.94999999999999,0.01999999999998181,0.9999999999990905,bearish,-1.8189894035458565e-12,bearish
2018-06-08,1,2018-06-07,2018-06-08,122.87,123.07,0.19999999999998863,9.999999999999432,bearish,17.999999999998863,bearish
2018-06-11,1,2018-06-08,2018-06-11,123.02000000000001,123.08999999999999,0.06999999999997897,3.4999999999989484,bearish,4.999999999997897,bearish
2018-06-12,1,2018-06-11,2018-06-12,123.24000000000001,122.94,-0.30000000000001137,-15.000000000000568,bearish,-32.00000000000114,bearish
2018-06-13,1,2018-06-12,2018-06-13,122.83,122.83,0.0,0.0,bearish,-2.0,bearish
2018-06-14,1,2018-06-13,2018-06-14,123.2,123.61999999999999,0.4199999999999875,20.999999999999375,bearish,39.99999999999875,bearish
2018-06-15,1,2018-06-14,2018-06-15,123.39,122.17,-1.2199999999999989,-60.99999999999994,bearish,-123.99999999999989,bearish
2018-06-18,1,2018-06-15,2018-06-18,121.35000000000001,121.33999999999999,-0.010000000000019327,-0.5000000000009663,bearish,-3.0000000000019327,bearish
2018-06-19,1,2018-06-18,2018-06-19,121.12,120.8,-0.3200000000000074,-16.00000000000037,bearish,-34.00000000000074,bearish
2018-06-20,1,2018-06-19,2018-06-20,120.81,120.78,-0.030000000000001137,-1.5000000000000568,bearish,-5.000000000000114,bearish
2018-06-21,1,2018-06-20,2018-06-21,120.27000000000001,119.91,-0.36000000000001364,-18.000000000000682,bearish,-38.000000000001364,bearish
2018-06-22,1,2018-06-21,2018-06-22,120.06,120.21,0.14999999999999147,7.499999999999574,bearish,12.999999999999147,bearish
2018-06-25,1,2018-06-22,2018-06-25,120.35000000000001,119.99,-0.36000000000001364,-18.000000000000682,bearish,-38.000000000001364,bearish
2018-06-26,1,2018-06-25,2018-06-26,119.9,119.27,-0.6300000000000097,-31.500000000000483,bearish,-65.00000000000097,bearish
2018-06-27,1,2018-06-26,2018-06-27,119.27000000000001,118.94999999999999,-0.3200000000000216,-16.00000000000108,bearish,-34.00000000000216,bearish
2018-06-28,1,2018-06-27,2018-06-28,118.59,118.58,-0.010000000000005116,-0.5000000000002558,bearish,-3.0000000000005116,bearish
2018-06-29,1,2018-06-28,2018-06-29,118.23,118.42,0.18999999999999773,9.499999999999886,bearish,16.999999999999773,bearish
2018-07-02,1,2018-06-29,2018-07-02,118.66000000000001,118.17,-0.4900000000000091,-24.500000000000455,bearish,-51.00000000000091,bearish
2018-07-03,1,2018-07-02,2018-07-03,117.47,118.39,0.9200000000000017,46.000000000000085,bearish,90.00000000000017,bearish
2018-07-05,1,2018-07-03,2018-07-05,118.66000000000001,118.91,0.2499999999999858,12.49999999999929,bearish,22.99999999999858,bearish
2018-07-06,1,2018-07-05,2018-07-06,119.06,118.96,-0.10000000000000853,-5.000000000000426,bearish,-12.000000000000853,bearish
2018-07-09,1,2018-07-06,2018-07-09,118.87,119.64,0.769999999999996,38.4999999999998,bearish,74.9999999999996,bearish
2018-07-10,1,2018-07-09,2018-07-10,119.16000000000001,118.86999999999999,-0.29000000000002046,-14.500000000001023,bearish,-31.000000000002046,bearish
2018-07-11,1,2018-07-10,2018-07-11,118.94000000000001,118.44,-0.5000000000000142,-25.00000000000071,bearish,-52.00000000000142,bearish
2018-07-12,1,2018-07-11,2018-07-12,117.65,117.99,0.3399999999999892,16.99999999999946,bearish,31.99999999999892,bearish
2018-07-13,1,2018-07-12,2018-07-13,118.14,117.61,-0.5300000000000011,-26.500000000000057,bearish,-55.000000000000114,bearish
2018-07-16,1,2018-07-13,2018-07-16,117.62,117.5,-0.12000000000000455,-6.000000000000227,bearish,-14.000000000000455,bearish
2018-07-17,1,2018-07-16,2018-07-17,117.56,116.71,-0.8500000000000085,-42.500000000000426,bearish,-87.00000000000085,bearish
2018-07-18,1,2018-07-17,2018-07-18,116.29,116.02,-0.27000000000001023,-13.500000000000512,bearish,-29.000000000001023,bearish
2018-07-19,1,2018-07-18,2018-07-19,116.32000000000001,115.11999999999999,-1.200000000000017,-60.00000000000085,bearish,-122.0000000000017,bearish
2018-07-20,1,2018-07-19,2018-07-20,115.82000000000001,116.39,0.5699999999999932,28.49999999999966,bearish,54.99999999999932,bearish
2018-07-23,1,2018-07-20,2018-07-23,116.57000000000001,116.24,-0.3300000000000125,-16.500000000000625,bearish,-35.00000000000125,bearish
2018-07-24,1,2018-07-23,2018-07-24,116.01,116.21,0.19999999999998863,9.999999999999432,bearish,17.999999999998863,bearish
2018-07-25,1,2018-07-24,2018-07-25,116.05000000000001,116.78,0.7299999999999898,36.49999999999949,bearish,70.99999999999898,bearish
2018-07-26,1,2018-07-25,2018-07-26,116.69000000000001,116.22999999999999,-0.46000000000002217,-23.00000000000111,bearish,-48.00000000000222,bearish
2018-07-27,1,2018-07-26,2018-07-27,115.78,115.91,0.12999999999999545,6.499999999999773,bearish,10.999999999999545,bearish
2018-07-30,1,2018-07-27,2018-07-30,115.84,115.78999999999999,-0.05000000000001137,-2.5000000000005684,bearish,-7.000000000001137,bearish
2018-07-31,1,2018-07-30,2018-07-31,115.66000000000001,115.46,-0.20000000000001705,-10.000000000000853,bearish,-22.000000000001705,bearish
2018-08-01,1,2018-07-31,2018-08-01,116.0,115.61999999999999,-0.38000000000000966,-19.000000000000483,bearish,-40.000000000000966,bearish
2018-08-02,1,2018-08-01,2018-08-02,115.15,115.16,0.009999999999990905,0.49999999999954525,bearish,-1.0000000000009095,bearish
2018-08-03,1,2018-08-02,2018-08-03,114.53,115.08,0.5499999999999972,27.499999999999858,bearish,52.999999999999716,bearish
2018-08-06,1,2018-08-03,2018-08-06,114.93,114.55,-0.38000000000000966,-19.000000000000483,bearish,-40.000000000000966,bearish
2018-08-07,1,2018-08-06,2018-08-07,114.34,114.83999999999999,0.4999999999999858,24.99999999999929,bearish,47.99999999999858,bearish
2018-08-08,1,2018-08-07,2018-08-08,114.60000000000001,114.74,0.13999999999998636,6.999999999999318,bearish,11.999999999998636,bearish
2018-08-09,1,2018-08-08,2018-08-09,114.92,115.00999999999999,0.0899999999999892,4.49999999999946,bearish,6.99999999999892,bearish
2018-08-10,1,2018-08-09,2018-08-10,114.75,114.8,0.04999999999999716,2.499999999999858,bearish,2.999999999999716,bearish
2018-08-13,1,2018-08-10,2018-08-13,114.7,113.8,-0.9000000000000057,-45.000000000000284,bearish,-92.00000000000057,bearish
2018-08-14,1,2018-08-13,2018-08-14,112.97,113.24,0.269999999999996,13.499999999999801,bearish,24.999999999999602,bearish
2018-08-15,1,2018-08-14,2018-08-15,113.08,112.16,-0.9200000000000017,-46.000000000000085,bearish,-94.00000000000017,bearish
2018-08-16,1,2018-08-15,2018-08-16,111.2,111.44999999999999,0.2499999999999858,12.49999999999929,bearish,22.99999999999858,bearish
2018-08-17,1,2018-08-16,2018-08-17,111.11,111.67999999999999,0.5699999999999932,28.49999999999966,bearish,54.99999999999932,bearish
2018-08-20,1,2018-08-17,2018-08-20,112.14,112.36999999999999,0.22999999999998977,11.499999999999488,bearish,20.999999999998977,bearish
2018-08-21,1,2018-08-20,2018-08-21,112.7,112.75999999999999,0.05999999999998806,2.999999999999403,bearish,3.9999999999988063,bearish
2018-08-22,1,2018-08-21,2018-08-22,113.03,113.38,0.3499999999999943,17.499999999999716,bearish,32.99999999999943,bearish
2018-08-23,1,2018-08-22,2018-08-23,113.28,112.67,-0.6099999999999994,-30.49999999999997,bearish,-62.99999999999994,bearish
2018-08-24,1,2018-08-23,2018-08-24,112.21000000000001,113.24,1.029999999999987,51.499999999999346,bearish,100.99999999999869,bearish
2018-08-27,1,2018-08-24,2018-08-27,114.17,114.11,-0.060000000000002274,-3.0000000000001137,bearish,-8.000000000000227,bearish
2018-08-28,1,2018-08-27,2018-08-28,114.60000000000001,114.75,0.14999999999999147,7.499999999999574,bearish,12.999999999999147,bearish
2018-08-29,1,2018-08-28,2018-08-29,113.69000000000001,114.14999999999999,0.45999999999997954,22.999999999998977,bearish,43.999999999997954,bearish
2018-08-30,1,2018-08-29,2018-08-30,114.21000000000001,113.91,-0.30000000000001137,-15.000000000000568,bearish,-32.00000000000114,bearish
2018-08-31,1,2018-08-30,2018-08-31,113.65,113.71,0.05999999999998806,2.999999999999403,bearish,3.9999999999988063,bearish
2018-09-04,1,2018-08-31,2018-09-04,113.52000000000001,112.74,-0.7800000000000153,-39.00000000000077,bearish,-80.00000000000153,bearish
2018-09-05,1,2018-09-04,2018-09-05,112.94000000000001,113.35,0.4099999999999824,20.49999999999912,bearish,38.99999999999824,bearish
2018-09-06,1,2018-09-05,2018-09-06,113.33,113.88,0.5499999999999972,27.499999999999858,bearish,52.999999999999716,bearish
2018-09-07,1,2018-09-06,2018-09-07,113.55000000000001,113.25,-0.30000000000001137,-15.000000000000568,bearish,-32.00000000000114,bearish
2018-09-10,1,2018-09-07,2018-09-10,113.24000000000001,113.25,0.009999999999990905,0.49999999999954525,bearish,-1.0000000000009095,bearish
2018-09-11,1,2018-09-10,2018-09-11,113.16000000000001,112.64,-0.5200000000000102,-26.00000000000051,bearish,-54.00000000000102,bearish
2018-09-12,1,2018-09-11,2018-09-12,113.23,113.11,-0.12000000000000455,-6.000000000000227,bearish,-14.000000000000455,bearish
2018-09-13,1,2018-09-12,2018-09-13,114.18,114.71,0.5299999999999869,26.499999999999346,bearish,50.99999999999869,bearish
2018-09-14,1,2018-09-13,2018-09-14,113.77000000000001,113.78,0.009999999999990905,0.49999999999954525,bearish,-1.0000000000009095,bearish
2018-09-17,1,2018-09-14,2018-09-17,113.03,113.58999999999999,0.5599999999999881,27.999999999999403,bearish,53.999999999998806,bearish
2018-09-18,1,2018-09-17,2018-09-18,113.62,113.78,0.1599999999999966,7.9999999999998295,bearish,13.999999999999659,bearish
2018-09-19,1,2018-09-18,2018-09-19,113.45,113.92999999999999,0.47999999999998977,23.99999999999949,bearish,45.99999999999898,bearish
2018-09-20,1,2018-09-19,2018-09-20,113.89,114.19999999999999,0.30999999999998806,15.499999999999403,bearish,28.999999999998806,bearish
2018-09-21,1,2018-09-20,2018-09-21,114.28,112.86,-1.4200000000000017,-71.00000000000009,bearish,-144.00000000000017,bearish
2018-09-24,1,2018-09-21,2018-09-24,113.5,113.67,0.1700000000000017,8.500000000000085,bearish,15.00000000000017,bearish
2018-09-25,1,2018-09-24,2018-09-25,113.48,113.74,0.2599999999999909,12.999999999999545,bearish,23.99999999999909,bearish
2018-09-26,1,2018-09-25,2018-09-26,113.66000000000001,113.1,-0.5600000000000165,-28.000000000000824,bearish,-58.00000000000165,bearish
2018-09-27,1,2018-09-26,2018-09-27,113.06,112.08999999999999,-0.9700000000000131,-48.500000000000654,bearish,-99.00000000000131,bearish
2018-09-28,1,2018-09-27,2018-09-28,112.06,112.14999999999999,0.0899999999999892,4.49999999999946,bearish,6.99999999999892,bearish
2018-10-01,1,2018-09-28,2018-10-01,112.77000000000001,112.39,-0.38000000000000966,-19.000000000000483,bearish,-40.000000000000966,bearish
2018-10-02,1,2018-10-01,2018-10-02,112.58,113.69,1.1099999999999994,55.49999999999997,bearish,108.99999999999994,bearish
2018-10-04,1,2018-10-03,2018-10-04,113.43,113.82,0.38999999999998636,19.499999999999318,bearish,36.999999999998636,bearish
2018-10-09,1,2018-10-08,2018-10-09,112.55000000000001,112.36,-0.19000000000001194,-9.500000000000597,bearish,-21.000000000001194,bearish
2018-10-10,1,2018-10-09,2018-10-10,112.61,112.46,-0.15000000000000568,-7.500000000000284,bearish,-17.00000000000057,bearish
2018-10-11,1,2018-10-10,2018-10-11,112.89,114.19,1.2999999999999972,64.99999999999986,bearish,127.99999999999972,bearish
2019-04-02,1,2019-04-01,2019-04-02,121.54,121.71,0.1699999999999875,8.499999999999375,bearish,14.99999999999875,bearish
2019-04-04,1,2019-04-03,2019-04-04,121.81,121.08999999999999,-0.7200000000000131,-36.000000000000654,bearish,-74.00000000000131,bearish
2019-04-12,1,2019-04-11,2019-04-12,121.96000000000001,121.94999999999999,-0.010000000000019327,-0.5000000000009663,bearish,-3.0000000000019327,bearish
2019-04-15,1,2019-04-12,2019-04-15,121.84,121.19,-0.6500000000000057,-32.500000000000284,bearish,-67.00000000000057,bearish
2019-04-16,1,2019-04-15,2019-04-16,121.61,120.36999999999999,-1.240000000000009,-62.000000000000455,bearish,-126.00000000000091,bearish
2019-04-17,1,2019-04-16,2019-04-17,120.52000000000001,120.44999999999999,-0.0700000000000216,-3.50000000000108,bearish,-9.00000000000216,bearish
2019-04-18,1,2019-04-17,2019-04-18,120.29,120.22999999999999,-0.060000000000016485,-3.0000000000008242,bearish,-8.000000000001648,bearish
2019-04-22,1,2019-04-18,2019-04-22,120.38000000000001,120.44999999999999,0.06999999999997897,3.4999999999989484,bearish,4.999999999997897,bearish
2019-04-23,1,2019-04-22,2019-04-23,120.38000000000001,119.66,-0.7200000000000131,-36.000000000000654,bearish,-74.00000000000131,bearish
2019-04-24,1,2019-04-23,2019-04-24,120.13000000000001,120.05,-0.0800000000000125,-4.000000000000625,bearish,-10.00000000000125,bearish
2019-04-25,1,2019-04-24,2019-04-25,120.48,120.71,0.22999999999998977,11.499999999999488,bearish,20.999999999998977,bearish
2019-04-26,1,2019-04-25,2019-04-26,120.58,121.25,0.6700000000000017,33.500000000000085,bearish,65.00000000000017,bearish
2019-04-29,1,2019-04-26,2019-04-29,121.38000000000001,120.86999999999999,-0.5100000000000193,-25.500000000000966,bearish,-53.00000000000193,bearish
2019-04-30,1,2019-04-29,2019-04-30,120.84,120.88,0.03999999999999204,1.999999999999602,bearish,1.9999999999992042,bearish
2019-05-01,1,2019-04-30,2019-05-01,121.21000000000001,121.02,-0.19000000000001194,-9.500000000000597,bearish,-21.000000000001194,bearish
2019-05-02,1,2019-05-01,2019-05-02,120.41000000000001,119.67999999999999,-0.7300000000000182,-36.50000000000091,bearish,-75.00000000000182,bearish
2019-05-03,1,2019-05-02,2019-05-03,119.95,120.55,0.5999999999999943,29.999999999999716,bearish,57.99999999999943,bearish
2019-05-06,1,2019-05-03,2019-05-06,120.66000000000001,120.6,-0.060000000000016485,-3.0000000000008242,bearish,-8.000000000001648,bearish
2019-05-07,1,2019-05-06,2019-05-07,120.82000000000001,121.00999999999999,0.18999999999998352,9.499999999999176,bearish,16.99999999999835,bearish
2019-05-08,1,2019-05-07,2019-05-08,121.22,121.53,0.3100000000000023,15.500000000000114,bearish,29.000000000000227,bearish
2019-05-09,1,2019-05-08,2019-05-09,120.92,120.94999999999999,0.029999999999986926,1.4999999999993463,bearish,0.9999999999986926,bearish
2019-05-10,1,2019-05-09,2019-05-10,121.21000000000001,121.39999999999999,0.18999999999998352,9.499999999999176,bearish,16.99999999999835,bearish
2019-05-13,1,2019-05-10,2019-05-13,121.44000000000001,122.61999999999999,1.1799999999999784,58.99999999999892,bearish,115.99999999999784,bearish
2019-05-14,1,2019-05-13,2019-05-14,122.68,122.58999999999999,-0.09000000000001762,-4.500000000000881,bearish,-11.000000000001762,bearish
2019-05-15,1,2019-05-14,2019-05-15,122.47,122.69999999999999,0.22999999999998977,11.499999999999488,bearish,20.999999999998977,bearish
2019-05-16,1,2019-05-15,2019-05-16,122.4,122.02,-0.38000000000000966,-19.000000000000483,bearish,-40.000000000000966,bearish
2019-05-17,1,2019-05-16,2019-05-17,121.52000000000001,121.02,-0.5000000000000142,-25.00000000000071,bearish,-52.00000000000142,bearish
2019-05-20,1,2019-05-17,2019-05-20,120.66000000000001,120.5,-0.1600000000000108,-8.00000000000054,bearish,-18.00000000000108,bearish
2019-05-21,1,2019-05-20,2019-05-21,120.65,120.07,-0.5800000000000125,-29.000000000000625,bearish,-60.00000000000125,bearish
2019-05-22,1,2019-05-21,2019-05-22,120.37,120.33999999999999,-0.030000000000015348,-1.5000000000007674,bearish,-5.000000000001535,bearish
2019-05-23,1,2019-05-22,2019-05-23,120.25,120.80999999999999,0.5599999999999881,27.999999999999403,bearish,53.999999999998806,bearish
2019-05-24,1,2019-05-23,2019-05-24,121.18,121.11999999999999,-0.060000000000016485,-3.0000000000008242,bearish,-8.000000000001648,bearish
2019-05-28,1,2019-05-24,2019-05-28,121.31,120.78999999999999,-0.5200000000000102,-26.00000000000051,bearish,-54.00000000000102,bearish
2019-05-29,1,2019-05-28,2019-05-29,120.84,121.1,0.2599999999999909,12.999999999999545,bearish,23.99999999999909,bearish
2019-05-30,1,2019-05-29,2019-05-30,120.88000000000001,120.94999999999999,0.06999999999997897,3.4999999999989484,bearish,4.999999999997897,bearish
2019-05-31,1,2019-05-30,2019-05-31,121.7,122.53999999999999,0.8399999999999892,41.99999999999946,bearish,81.99999999999892,bearish
2019-11-08,1,2019-11-07,2019-11-08,138.28,137.72,-0.5600000000000023,-28.000000000000114,bearish,-58.00000000000023,bearish
2019-11-11,1,2019-11-08,2019-11-11,137.39999999999998,137.60000000000002,0.20000000000004547,10.000000000002274,bearish,18.000000000004547,bearish
2019-11-12,1,2019-11-11,2019-11-12,137.07,137.02,-0.04999999999998295,-2.4999999999991473,bearish,-6.999999999998295,bearish
2019-11-13,1,2019-11-12,2019-11-13,137.44,137.79000000000002,0.35000000000002274,17.500000000001137,bearish,33.000000000002274,bearish
2019-11-14,1,2019-11-13,2019-11-14,137.98999999999998,138.38,0.3900000000000148,19.50000000000074,bearish,37.00000000000148,bearish
2019-11-15,1,2019-11-14,2019-11-15,138.57,138.02,-0.549999999999983,-27.499999999999147,bearish,-56.999999999998295,bearish
2019-11-18,1,2019-11-15,2019-11-18,138.22,138.43,0.21000000000000796,10.500000000000398,bearish,19.000000000000796,bearish
2019-11-19,1,2019-11-18,2019-11-19,138.63,138.12,-0.5099999999999909,-25.499999999999545,bearish,-52.99999999999909,bearish
2019-11-20,1,2019-11-19,2019-11-20,138.7,138.51000000000002,-0.1899999999999693,-9.499999999998465,bearish,-20.99999999999693,bearish
2019-11-21,1,2019-11-20,2019-11-21,138.76999999999998,138.38,-0.38999999999998636,-19.499999999999318,bearish,-40.999999999998636,bearish
2019-11-22,1,2019-11-21,2019-11-22,138.01,138.36,0.35000000000002274,17.500000000001137,bearish,33.000000000002274,bearish
2019-11-25,1,2019-11-22,2019-11-25,137.75,137.31,-0.4399999999999977,-21.999999999999886,bearish,-45.99999999999977,bearish
2019-11-26,1,2019-11-25,2019-11-26,137.09,136.97,-0.12000000000000455,-6.000000000000227,bearish,-14.000000000000455,bearish
2019-11-27,1,2019-11-26,2019-11-27,137.75,137.02,-0.7299999999999898,-36.49999999999949,bearish,-74.99999999999898,bearish
2019-11-29,1,2019-11-27,2019-11-29,137.01999999999998,137.09,0.0700000000000216,3.50000000000108,bearish,5.00000000000216,bearish
2019-12-02,1,2019-11-29,2019-12-02,137.87,137.31,-0.5600000000000023,-28.000000000000114,bearish,-58.00000000000023,bearish
2019-12-03,1,2019-12-02,2019-12-03,137.79999999999998,139.03,1.2300000000000182,61.50000000000091,bearish,121.00000000000182,bearish
2019-12-04,1,2019-12-03,2019-12-04,139.12,139.15,0.030000000000001137,1.5000000000000568,bearish,1.0000000000001137,bearish
2019-12-05,1,2019-12-04,2019-12-05,138.92999999999998,138.79000000000002,-0.13999999999995794,-6.999999999997897,bearish,-15.999999999995794,bearish
2019-12-06,1,2019-12-05,2019-12-06,139.01,137.75,-1.259999999999991,-62.999999999999545,bearish,-127.99999999999909,bearish
2019-12-09,1,2019-12-06,2019-12-09,137.63,137.79000000000002,0.160000000000025,8.00000000000125,bearish,14.000000000002501,bearish
2019-12-10,1,2019-12-09,2019-12-10,137.59,138.24,0.6500000000000057,32.500000000000284,bearish,63.00000000000057,bearish
2019-12-11,1,2019-12-10,2019-12-11,137.98,138.19,0.21000000000000796,10.500000000000398,bearish,19.000000000000796,bearish
2019-12-12,1,2019-12-11,2019-12-12,138.92999999999998,139.77,0.8400000000000318,42.00000000000159,bearish,82.00000000000318,bearish
2019-12-13,1,2019-12-12,2019-12-13,138.44,138.51000000000002,0.0700000000000216,3.50000000000108,bearish,5.00000000000216,bearish
2019-12-16,1,2019-12-13,2019-12-16,139.06,139.19,0.12999999999999545,6.499999999999773,bearish,10.999999999999545,bearish
2019-12-17,1,2019-12-16,2019-12-17,139.04999999999998,139.01000000000002,-0.03999999999996362,-1.999999999998181,bearish,-5.999999999996362,bearish
2019-12-18,1,2019-12-17,2019-12-18,139.01999999999998,138.85000000000002,-0.16999999999995907,-8.499999999997954,bearish,-18.999999999995907,bearish
2019-12-19,1,2019-12-18,2019-12-19,139.03,139.03,0.0,0.0,bearish,-2.0,bearish
2019-12-20,1,2019-12-19,2019-12-20,139.39,139.36,-0.029999999999972715,-1.4999999999986358,bearish,-4.9999999999972715,bearish
2019-12-23,1,2019-12-20,2019-12-23,139.53,139.52,-0.009999999999990905,-0.49999999999954525,bearish,-2.9999999999990905,bearish
2020-03-17,1,2020-03-16,2020-03-17,141.64999999999998,140.17000000000002,-1.4799999999999613,-73.99999999999807,bearish,-149.99999999999613,bearish
2020-03-19,1,2020-03-18,2020-03-19,140.70999999999998,139.07000000000002,-1.639999999999958,-81.9999999999979,bearish,-165.9999999999958,bearish
2020-03-20,1,2020-03-19,2020-03-20,138.04999999999998,140.70000000000002,2.650000000000034,132.5000000000017,bearish,263.0000000000034,bearish
2020-03-23,1,2020-03-20,2020-03-23,140.12,142.67000000000002,2.5500000000000114,127.50000000000057,bearish,253.00000000000114,bearish
2020-09-24,1,2020-09-23,2020-09-24,174.79999999999998,174.35000000000002,-0.4499999999999602,-22.49999999999801,bearish,-46.99999999999602,bearish
2020-09-25,1,2020-09-24,2020-09-25,175.45,174.4,-1.049999999999983,-52.49999999999915,bearish,-106.9999999999983,bearish
2020-09-28,1,2020-09-25,2020-09-28,174.95,175.82000000000002,0.870000000000033,43.50000000000165,bearish,85.0000000000033,bearish
2020-09-29,1,2020-09-28,2020-09-29,176.70999999999998,177.18,0.4700000000000273,23.500000000001364,bearish,45.00000000000273,bearish
2020-10-01,1,2020-09-30,2020-10-01,177.13,178.70000000000002,1.5700000000000216,78.50000000000108,bearish,155.00000000000216,bearish
2020-10-07,1,2020-10-06,2020-10-07,177.31,177.03,-0.28000000000000114,-14.000000000000057,bearish,-30.000000000000114,bearish
2020-10-08,1,2020-10-07,2020-10-08,177.23,178.17000000000002,0.9400000000000261,47.00000000000131,bearish,92.00000000000261,bearish
2020-10-09,1,2020-10-08,2020-10-09,177.85999999999999,180.12,2.2600000000000193,113.00000000000097,bearish,224.00000000000193,bearish
2020-10-14,1,2020-10-13,2020-10-14,177.73,179.08,1.3500000000000227,67.50000000000114,bearish,133.00000000000227,bearish
2020-10-15,1,2020-10-14,2020-10-15,178.28,177.70000000000002,-0.5799999999999841,-28.999999999999204,bearish,-59.99999999999841,bearish
2020-10-16,1,2020-10-15,2020-10-16,178.92999999999998,179.21,0.28000000000002956,14.000000000001478,bearish,26.000000000002956,bearish
2020-10-19,1,2020-10-16,2020-10-19,178.31,179.4,1.0900000000000034,54.50000000000017,bearish,107.00000000000034,bearish
2020-10-20,1,2020-10-19,2020-10-20,178.39999999999998,178.53,0.13000000000002387,6.500000000001194,bearish,11.000000000002387,bearish
2020-10-21,1,2020-10-20,2020-10-21,179.26,180.46,1.200000000000017,60.00000000000085,bearish,118.0000000000017,bearish
2020-10-23,1,2020-10-22,2020-10-23,178.84,179.08,0.2400000000000091,12.000000000000455,bearish,22.00000000000091,bearish
2020-10-26,1,2020-10-23,2020-10-26,178.64999999999998,178.74,0.09000000000003183,4.500000000001592,bearish,7.000000000003183,bearish
2020-10-27,1,2020-10-26,2020-10-27,178.56,178.70000000000002,0.14000000000001478,7.000000000000739,bearish,12.000000000001478,bearish
2020-10-28,1,2020-10-27,2020-10-28,179.03,176.44,-2.5900000000000034,-129.50000000000017,bearish,-261.00000000000034,bearish
2020-10-29,1,2020-10-28,2020-10-29,176.14,175.01000000000002,-1.129999999999967,-56.49999999999835,bearish,-114.9999999999967,bearish
2020-10-30,1,2020-10-29,2020-10-30,175.41,177.17000000000002,1.7600000000000193,88.00000000000097,bearish,174.00000000000193,bearish
2020-11-02,1,2020-10-30,2020-11-02,176.20999999999998,177.44,1.2300000000000182,61.50000000000091,bearish,121.00000000000182,bearish
2020-11-03,1,2020-11-02,2020-11-03,177.92,178.94,1.0200000000000102,51.00000000000051,bearish,100.00000000000102,bearish
2020-11-04,1,2020-11-03,2020-11-04,178.92999999999998,178.92000000000002,-0.009999999999962483,-0.49999999999812417,bearish,-2.9999999999962483,bearish
2020-11-05,1,2020-11-04,2020-11-05,178.82999999999998,180.99,2.160000000000025,108.00000000000125,bearish,214.0000000000025,bearish
2020-11-10,1,2020-11-09,2020-11-10,175.09,176.74,1.6500000000000057,82.50000000000028,bearish,163.00000000000057,bearish
2020-11-11,1,2020-11-10,2020-11-11,175.67,174.69,-0.9799999999999898,-48.99999999999949,bearish,-99.99999999999898,bearish
2020-11-12,1,2020-11-11,2020-11-12,174.91,176.03,1.1200000000000045,56.00000000000023,bearish,110.00000000000045,bearish
2020-11-13,1,2020-11-12,2020-11-13,175.97,177.64000000000001,1.670000000000016,83.5000000000008,bearish,165.0000000000016,bearish
2020-11-16,1,2020-11-13,2020-11-16,177.17,177.22,0.05000000000001137,2.5000000000005684,bearish,3.000000000001137,bearish
2020-11-17,1,2020-11-16,2020-11-17,177.16,177.24,0.0800000000000125,4.000000000000625,bearish,6.0000000000012506,bearish
2020-11-18,1,2020-11-17,2020-11-18,176.51,176.25,-0.2599999999999909,-12.999999999999545,bearish,-27.99999999999909,bearish
2020-11-19,1,2020-11-18,2020-11-19,175.5,174.29000000000002,-1.2099999999999795,-60.49999999999898,bearish,-122.99999999999795,bearish
2020-11-20,1,2020-11-19,2020-11-20,175.17,176.11,0.9400000000000261,47.00000000000131,bearish,92.00000000000261,bearish
2020-11-23,1,2020-11-20,2020-11-23,175.7,175.08,-0.6199999999999761,-30.999999999998806,bearish,-63.99999999999761,bearish
2020-11-24,1,2020-11-23,2020-11-24,172.23999999999998,169.29000000000002,-2.94999999999996,-147.499999999998,bearish,-296.999999999996,bearish
2020-11-25,1,2020-11-24,2020-11-25,169.6,169.96,0.36000000000001364,18.000000000000682,bearish,34.000000000001364,bearish
2020-11-27,1,2020-11-25,2020-11-27,169.51999999999998,166.89000000000001,-2.629999999999967,-131.49999999999835,bearish,-264.9999999999967,bearish
2020-11-30,1,2020-11-27,2020-11-30,167.79999999999998,166.67000000000002,-1.129999999999967,-56.49999999999835,bearish,-114.9999999999967,bearish
2020-12-01,1,2020-11-30,2020-12-01,166.67999999999998,169.71,3.0300000000000296,151.50000000000148,bearish,301.00000000000296,bearish
2020-12-02,1,2020-12-01,2020-12-02,170.19,170.56,0.37000000000000455,18.500000000000227,bearish,35.000000000000455,bearish
2020-12-03,1,2020-12-02,2020-12-03,171.47,172.64000000000001,1.170000000000016,58.500000000000796,bearish,115.00000000000159,bearish
2020-12-04,1,2020-12-03,2020-12-04,172.82,172.77,-0.04999999999998295,-2.4999999999991473,bearish,-6.999999999998295,bearish
2020-12-07,1,2020-12-04,2020-12-07,172.32999999999998,172.56,0.2300000000000182,11.50000000000091,bearish,21.00000000000182,bearish
2020-12-08,1,2020-12-07,2020-12-08,174.89999999999998,175.5,0.6000000000000227,30.000000000001137,bearish,58.000000000002274,bearish
2020-12-09,1,2020-12-08,2020-12-09,175.51,173.91,-1.5999999999999943,-79.99999999999972,bearish,-161.99999999999943,bearish
2020-12-10,1,2020-12-09,2020-12-10,172.51,172.89000000000001,0.3800000000000239,19.000000000001194,bearish,36.00000000000239,bearish
2020-12-11,1,2020-12-10,2020-12-11,172.17999999999998,172.24,0.060000000000030695,3.0000000000015348,bearish,4.0000000000030695,bearish
2020-12-14,1,2020-12-11,2020-12-14,172.5,171.9,-0.5999999999999943,-29.999999999999716,bearish,-61.99999999999943,bearish
2020-12-15,1,2020-12-14,2020-12-15,171.54999999999998,173.42000000000002,1.870000000000033,93.50000000000165,bearish,185.0000000000033,bearish
2020-12-16,1,2020-12-15,2020-12-16,173.95,174.12,0.17000000000001592,8.500000000000796,bearish,15.000000000001592,bearish
2020-12-17,1,2020-12-16,2020-12-17,174.91,177.14000000000001,2.230000000000018,111.50000000000091,bearish,221.00000000000182,bearish
2020-12-18,1,2020-12-17,2020-12-18,176.75,176.64000000000001,-0.10999999999998522,-5.499999999999261,bearish,-12.999999999998522,bearish
2020-12-21,1,2020-12-18,2020-12-21,176.45,176.28,-0.1699999999999875,-8.499999999999375,bearish,-18.99999999999875,bearish
2020-12-22,1,2020-12-21,2020-12-22,175.89,176.19,0.30000000000001137,15.000000000000568,bearish,28.000000000001137,bearish
2020-12-23,1,2020-12-22,2020-12-23,174.5,175.10000000000002,0.6000000000000227,30.000000000001137,bearish,58.000000000002274,bearish
2020-12-24,1,2020-12-23,2020-12-24,175.66,175.54000000000002,-0.11999999999997613,-5.999999999998806,bearish,-13.999999999997613,bearish
2020-12-28,1,2020-12-24,2020-12-28,176.35999999999999,177.25,0.8900000000000148,44.50000000000074,bearish,87.00000000000148,bearish
2020-12-29,1,2020-12-28,2020-12-29,175.72,176.24,0.5200000000000102,26.00000000000051,bearish,50.00000000000102,bearish
2020-12-30,1,2020-12-29,2020-12-30,176.35999999999999,176.46,0.10000000000002274,5.000000000001137,bearish,8.000000000002274,bearish
2021-01-19,1,2021-01-15,2021-01-19,171.14,172.70000000000002,1.5600000000000307,78.00000000000153,bearish,154.00000000000307,bearish
2021-01-20,1,2021-01-19,2021-01-20,172.59,174.36,1.7700000000000102,88.50000000000051,bearish,175.00000000000102,bearish
2021-01-25,1,2021-01-22,2021-01-25,173.91,174.81,0.9000000000000057,45.000000000000284,bearish,88.00000000000057,bearish
2021-01-28,1,2021-01-27,2021-01-28,172.53,174.27,1.740000000000009,87.00000000000045,bearish,172.0000000000009,bearish
2021-01-29,1,2021-01-28,2021-01-29,172.69,174.86,2.170000000000016,108.5000000000008,bearish,215.0000000000016,bearish
2021-02-01,1,2021-01-29,2021-02-01,172.62,175.01000000000002,2.390000000000015,119.50000000000074,bearish,237.00000000000148,bearish
2021-02-03,1,2021-02-02,2021-02-03,172.12,172.35000000000002,0.2300000000000182,11.50000000000091,bearish,21.00000000000182,bearish
2021-02-04,1,2021-02-03,2021-02-04,171.85999999999999,168.28,-3.579999999999984,-178.9999999999992,bearish,-359.9999999999984,bearish
2021-02-05,1,2021-02-04,2021-02-05,168.16,168.98000000000002,0.8200000000000216,41.00000000000108,bearish,80.00000000000216,bearish
2021-02-08,1,2021-02-05,2021-02-08,169.82,171.97,2.1500000000000057,107.50000000000028,bearish,213.00000000000057,bearish
2021-02-09,1,2021-02-08,2021-02-09,171.53,172.56,1.0300000000000011,51.50000000000006,bearish,101.00000000000011,bearish
2021-02-10,1,2021-02-09,2021-02-10,172.09,173.14000000000001,1.0500000000000114,52.50000000000057,bearish,103.00000000000114,bearish
2021-02-11,1,2021-02-10,2021-02-11,172.72,172.69,-0.030000000000001137,-1.5000000000000568,bearish,-5.000000000000114,bearish
2021-02-12,1,2021-02-11,2021-02-12,171.22,170.28,-0.9399999999999977,-46.999999999999886,bearish,-95.99999999999977,bearish
2021-02-16,1,2021-02-12,2021-02-16,170.7,168.13,-2.569999999999993,-128.49999999999966,bearish,-258.9999999999993,bearish
2021-02-17,1,2021-02-16,2021-02-17,168.25,166.91,-1.3400000000000034,-67.00000000000017,bearish,-136.00000000000034,bearish
2021-02-18,1,2021-02-17,2021-02-18,166.34,166.97,0.6299999999999955,31.499999999999773,bearish,60.999999999999545,bearish
2021-02-19,1,2021-02-18,2021-02-19,166.32999999999998,166.75,0.4200000000000159,21.000000000000796,bearish,40.00000000000159,bearish
2021-02-22,1,2021-02-19,2021-02-22,167.01999999999998,168.53,1.5100000000000193,75.50000000000097,bearish,149.00000000000193,bearish
2021-02-23,1,2021-02-22,2021-02-23,169.51999999999998,169.47,-0.04999999999998295,-2.4999999999991473,bearish,-6.999999999998295,bearish
2021-02-24,1,2021-02-23,2021-02-24,169.13,167.64000000000001,-1.4899999999999807,-74.49999999999903,bearish,-150.99999999999807,bearish
2021-02-25,1,2021-02-24,2021-02-25,169.01,166.91,-2.0999999999999943,-104.99999999999972,bearish,-211.99999999999943,bearish
2021-02-26,1,2021-02-25,2021-02-26,165.82999999999998,164.99,-0.839999999999975,-41.99999999999875,bearish,-85.9999999999975,bearish
2021-03-01,1,2021-02-26,2021-03-01,161.82,163.02,1.200000000000017,60.00000000000085,bearish,118.0000000000017,bearish
2021-03-02,1,2021-03-01,2021-03-02,161.54,161.92000000000002,0.3800000000000239,19.000000000001194,bearish,36.00000000000239,bearish
2021-03-03,1,2021-03-02,2021-03-03,162.42,160.60000000000002,-1.8199999999999648,-90.99999999999824,bearish,-183.99999999999648,bearish
2021-03-04,1,2021-03-03,2021-03-04,160.63,160.59,-0.03999999999999204,-1.999999999999602,bearish,-5.999999999999204,bearish
2021-03-05,1,2021-03-04,2021-03-05,159.04999999999998,159.62,0.5700000000000216,28.50000000000108,bearish,55.00000000000216,bearish
2021-03-08,1,2021-03-05,2021-03-08,159.14999999999998,158.57000000000002,-0.5799999999999557,-28.999999999997783,bearish,-59.999999999995566,bearish
2021-03-09,1,2021-03-08,2021-03-09,157.5,160.74,3.240000000000009,162.00000000000045,bearish,322.0000000000009,bearish
2021-03-10,1,2021-03-09,2021-03-10,160.85,161.05,0.20000000000001705,10.000000000000853,bearish,18.000000000001705,bearish
2021-03-11,1,2021-03-10,2021-03-11,161.67,161.46,-0.20999999999997954,-10.499999999998977,bearish,-22.999999999997954,bearish
2021-03-12,1,2021-03-11,2021-03-12,161.53,159.53,-2.0,-100.0,bearish,-202.0,bearish
2021-03-15,1,2021-03-12,2021-03-15,161.5,162.3,0.8000000000000114,40.00000000000057,bearish,78.00000000000114,bearish
2021-03-16,1,2021-03-15,2021-03-16,162.20999999999998,162.35000000000002,0.1400000000000432,7.00000000000216,bearish,12.00000000000432,bearish
2021-03-17,1,2021-03-16,2021-03-17,162.35999999999999,162.26000000000002,-0.0999999999999659,-4.999999999998295,bearish,-11.99999999999659,bearish
2021-03-18,1,2021-03-17,2021-03-18,163.51999999999998,161.14000000000001,-2.379999999999967,-118.99999999999835,bearish,-239.9999999999967,bearish
2021-03-19,1,2021-03-18,2021-03-19,162.57,162.55,-0.01999999999998181,-0.9999999999990905,bearish,-3.999999999998181,bearish
2021-03-22,1,2021-03-19,2021-03-22,163.25,162.26000000000002,-0.9899999999999807,-49.499999999999034,bearish,-100.99999999999807,bearish
2021-03-23,1,2021-03-22,2021-03-23,163.01,162.44,-0.5699999999999932,-28.49999999999966,bearish,-58.99999999999932,bearish
2021-03-24,1,2021-03-23,2021-03-24,161.82,162.20000000000002,0.3800000000000239,19.000000000001194,bearish,36.00000000000239,bearish
2021-03-25,1,2021-03-24,2021-03-25,162.38,163.05,0.6700000000000159,33.500000000000796,bearish,65.00000000000159,bearish
2021-03-26,1,2021-03-25,2021-03-26,161.79,161.70000000000002,-0.08999999999997499,-4.4999999999987494,bearish,-10.999999999997499,bearish
2021-03-29,1,2021-03-26,2021-03-29,162.25,161.45000000000002,-0.799999999999983,-39.99999999999915,bearish,-81.9999999999983,bearish
2021-03-30,1,2021-03-29,2021-03-30,160.32,157.93,-2.3899999999999864,-119.49999999999932,bearish,-240.99999999999864,bearish
2021-03-31,1,2021-03-30,2021-03-31,157.57999999999998,158.05,0.4700000000000273,23.500000000001364,bearish,45.00000000000273,bearish
2021-04-01,1,2021-03-31,2021-04-01,159.97,161.55,1.5800000000000125,79.00000000000063,bearish,156.00000000000125,bearish
2021-04-05,1,2021-04-01,2021-04-05,161.98999999999998,161.51000000000002,-0.47999999999996135,-23.999999999998067,bearish,-49.999999999996135,bearish
2021-04-06,1,2021-04-05,2021-04-06,161.92999999999998,162.78,0.8500000000000227,42.50000000000114,bearish,83.00000000000227,bearish
2021-04-07,1,2021-04-06,2021-04-07,163.23,162.81,-0.4199999999999875,-20.999999999999375,bearish,-43.99999999999875,bearish
2021-04-08,1,2021-04-07,2021-04-08,162.76999999999998,164.16,1.3900000000000148,69.50000000000074,bearish,137.00000000000148,bearish
2021-04-09,1,2021-04-08,2021-04-09,164.51999999999998,162.74,-1.7799999999999727,-88.99999999999864,bearish,-179.99999999999727,bearish
2021-04-12,1,2021-04-09,2021-04-12,163.28,162.72,-0.5600000000000023,-28.000000000000114,bearish,-58.00000000000023,bearish
2021-04-13,1,2021-04-12,2021-04-13,162.29,163.20000000000002,0.910000000000025,45.50000000000125,bearish,89.0000000000025,bearish
2021-04-14,1,2021-04-13,2021-04-14,163.44,162.76000000000002,-0.6799999999999784,-33.99999999999892,bearish,-69.99999999999784,bearish
2021-04-15,1,2021-04-14,2021-04-15,162.73,164.06,1.3300000000000125,66.50000000000063,bearish,131.00000000000125,bearish
2021-06-21,1,2021-06-18,2021-06-21,164.94,166.51000000000002,1.5700000000000216,78.50000000000108,bearish,155.00000000000216,bearish
2021-06-25,1,2021-06-24,2021-06-25,166.04999999999998,167.44,1.3900000000000148,69.50000000000074,bearish,137.00000000000148,bearish
2021-06-28,1,2021-06-25,2021-06-28,166.6,166.67000000000002,0.0700000000000216,3.50000000000108,bearish,5.00000000000216,bearish
2021-06-29,1,2021-06-28,2021-06-29,166.59,164.33,-2.259999999999991,-112.99999999999955,bearish,-227.9999999999991,bearish
2021-06-30,1,2021-06-29,2021-06-30,164.84,164.56,-0.28000000000000114,-14.000000000000057,bearish,-30.000000000000114,bearish
2021-07-01,1,2021-06-30,2021-07-01,165.64,166.64000000000001,1.0000000000000284,50.00000000000142,bearish,98.00000000000284,bearish
2021-07-02,1,2021-07-01,2021-07-02,166.20999999999998,167.34,1.1300000000000239,56.500000000001194,bearish,111.00000000000239,bearish
2021-07-06,1,2021-07-02,2021-07-06,167.29999999999998,169.26000000000002,1.9600000000000364,98.00000000000182,bearish,194.00000000000364,bearish
2021-07-23,1,2021-07-22,2021-07-23,169.1,168.49,-0.6099999999999852,-30.49999999999926,bearish,-62.99999999999852,bearish
2021-07-26,1,2021-07-23,2021-07-26,168.57,168.57000000000002,2.842170943040401e-14,1.4210854715202004e-12,bearish,-1.9999999999971578,bearish
2021-07-27,1,2021-07-26,2021-07-27,168.17,168.72,0.5500000000000114,27.50000000000057,bearish,53.00000000000114,bearish
2021-07-28,1,2021-07-27,2021-07-28,168.45,168.25,-0.19999999999998863,-9.999999999999432,bearish,-21.999999999998863,bearish
2021-07-29,1,2021-07-28,2021-07-29,169.29999999999998,170.69,1.3900000000000148,69.50000000000074,bearish,137.00000000000148,bearish
2021-08-02,1,2021-07-30,2021-08-02,169.82999999999998,169.29000000000002,-0.5399999999999636,-26.99999999999818,bearish,-55.99999999999636,bearish
2021-08-03,1,2021-08-02,2021-08-03,169.62,169.41,-0.21000000000000796,-10.500000000000398,bearish,-23.000000000000796,bearish
2021-08-04,1,2021-08-03,2021-08-04,169.5,171.27,1.7700000000000102,88.50000000000051,bearish,175.00000000000102,bearish
2021-08-05,1,2021-08-04,2021-08-05,169.54,169.36,-0.1799999999999784,-8.99999999999892,bearish,-19.99999999999784,bearish
2021-08-09,1,2021-08-06,2021-08-09,164.64999999999998,163.0,-1.6499999999999773,-82.49999999999886,bearish,-166.99999999999773,bearish
2021-08-10,1,2021-08-09,2021-08-10,161.73,161.38,-0.3499999999999943,-17.499999999999716,bearish,-36.99999999999943,bearish
2021-08-11,1,2021-08-10,2021-08-11,161.78,163.14000000000001,1.3600000000000136,68.00000000000068,bearish,134.00000000000136,bearish
2021-08-12,1,2021-08-11,2021-08-12,164.01,163.64000000000001,-0.3699999999999761,-18.499999999998806,bearish,-38.99999999999761,bearish
2021-08-13,1,2021-08-12,2021-08-13,164.04999999999998,165.01000000000002,0.9600000000000364,48.00000000000182,bearish,94.00000000000364,bearish
2021-08-16,1,2021-08-13,2021-08-16,166.39999999999998,166.72,0.3200000000000216,16.00000000000108,bearish,30.00000000000216,bearish
2021-08-17,1,2021-08-16,2021-08-17,167.23,167.28,0.05000000000001137,2.5000000000005684,bearish,3.000000000001137,bearish
2021-08-18,1,2021-08-17,2021-08-18,166.98,167.21,0.2300000000000182,11.50000000000091,bearish,21.00000000000182,bearish
2021-08-19,1,2021-08-18,2021-08-19,167.10999999999999,167.23000000000002,0.12000000000003297,6.0000000000016485,bearish,10.000000000003297,bearish
2021-08-20,1,2021-08-19,2021-08-20,166.62,166.79000000000002,0.17000000000001592,8.500000000000796,bearish,15.000000000001592,bearish
2021-08-23,1,2021-08-20,2021-08-23,166.70999999999998,168.81,2.1000000000000227,105.00000000000114,bearish,208.00000000000227,bearish
2021-08-24,1,2021-08-23,2021-08-24,168.73999999999998,169.03,0.29000000000002046,14.500000000001023,bearish,27.000000000002046,bearish
2021-08-25,1,2021-08-24,2021-08-25,168.66,167.87,-0.789999999999992,-39.4999999999996,bearish,-80.9999999999992,bearish
2021-08-26,1,2021-08-25,2021-08-26,167.48999999999998,167.20000000000002,-0.2899999999999636,-14.499999999998181,bearish,-30.999999999996362,bearish
2021-08-27,1,2021-08-26,2021-08-27,167.67999999999998,167.57000000000002,-0.1099999999999568,-5.49999999999784,bearish,-12.99999999999568,bearish
2021-09-08,1,2021-09-07,2021-09-08,167.72,167.99,0.27000000000001023,13.500000000000512,bearish,25.000000000001023,bearish
2021-09-09,1,2021-09-08,2021-09-09,167.29999999999998,168.16,0.8600000000000136,43.00000000000068,bearish,84.00000000000136,bearish
2021-09-10,1,2021-09-09,2021-09-10,168.04,167.8,-0.23999999999998067,-11.999999999999034,bearish,-25.999999999998067,bearish
2021-09-13,1,2021-09-10,2021-09-13,167.19,167.46,0.27000000000001023,13.500000000000512,bearish,25.000000000001023,bearish
2021-09-14,1,2021-09-13,2021-09-14,167.75,168.21,0.46000000000000796,23.000000000000398,bearish,44.000000000000796,bearish
2021-09-17,1,2021-09-16,2021-09-17,164.04,163.85000000000002,-0.1899999999999693,-9.499999999998465,bearish,-20.99999999999693,bearish
2021-09-20,1,2021-09-17,2021-09-20,163.78,164.28,0.5,25.0,bearish,48.0,bearish
2021-09-21,1,2021-09-20,2021-09-21,164.95,165.8,0.8500000000000227,42.50000000000114,bearish,83.00000000000227,bearish
2021-09-22,1,2021-09-21,2021-09-22,166.04999999999998,165.88,-0.1699999999999875,-8.499999999999375,bearish,-18.99999999999875,bearish
2021-09-23,1,2021-09-22,2021-09-23,165.42999999999998,164.09,-1.339999999999975,-66.99999999999875,bearish,-135.9999999999975,bearish
2021-09-24,1,2021-09-23,2021-09-24,163.51999999999998,162.99,-0.5299999999999727,-26.499999999998636,bearish,-54.99999999999727,bearish
2021-09-27,1,2021-09-24,2021-09-27,163.31,163.87,0.5600000000000023,28.000000000000114,bearish,54.00000000000023,bearish
2021-09-28,1,2021-09-27,2021-09-28,163.64999999999998,162.72,-0.9299999999999784,-46.49999999999892,bearish,-94.99999999999784,bearish
2021-09-29,1,2021-09-28,2021-09-29,162.06,162.34,0.28000000000000114,14.000000000000057,bearish,26.000000000000114,bearish
2021-09-30,1,2021-09-29,2021-09-30,161.32999999999998,162.65,1.3200000000000216,66.00000000000108,bearish,130.00000000000216,bearish
2021-10-01,1,2021-09-30,2021-10-01,164.23,164.26000000000002,0.03000000000002956,1.500000000001478,bearish,1.0000000000029559,bearish
2021-10-04,1,2021-10-01,2021-10-04,164.6,163.68,-0.9199999999999875,-45.999999999999375,bearish,-93.99999999999875,bearish
2021-10-05,1,2021-10-04,2021-10-05,165.37,163.93,-1.4399999999999977,-71.99999999999989,bearish,-145.99999999999977,bearish
2021-10-06,1,2021-10-05,2021-10-06,164.6,164.22,-0.37999999999999545,-18.999999999999773,bearish,-39.999999999999545,bearish
2021-10-07,1,2021-10-06,2021-10-07,165.04,164.01000000000002,-1.0299999999999727,-51.499999999998636,bearish,-104.99999999999727,bearish
2021-10-08,1,2021-10-07,2021-10-08,164.17,166.31,2.140000000000015,107.00000000000074,bearish,212.00000000000148,bearish
2021-10-11,1,2021-10-08,2021-10-11,164.23999999999998,164.03,-0.20999999999997954,-10.499999999998977,bearish,-22.999999999997954,bearish
2021-10-12,1,2021-10-11,2021-10-12,163.92999999999998,164.56,0.6300000000000239,31.500000000001194,bearish,61.00000000000239,bearish
2021-10-13,1,2021-10-12,2021-10-13,164.67,165.27,0.6000000000000227,30.000000000001137,bearish,58.000000000002274,bearish
2021-10-18,1,2021-10-15,2021-10-18,165.34,165.41,0.06999999999999318,3.499999999999659,bearish,4.999999999999318,bearish
2021-10-19,1,2021-10-18,2021-10-19,164.92999999999998,166.49,1.5600000000000307,78.00000000000153,bearish,154.00000000000307,bearish
2021-10-20,1,2021-10-19,2021-10-20,165.45999999999998,166.20000000000002,0.7400000000000375,37.000000000001876,bearish,72.00000000000375,bearish
2021-12-01,1,2021-11-30,2021-12-01,165.51,166.83,1.3200000000000216,66.00000000000108,bearish,130.00000000000216,bearish
2021-12-02,1,2021-12-01,2021-12-02,166.17,165.88,-0.28999999999999204,-14.499999999999602,bearish,-30.999999999999204,bearish
2021-12-03,1,2021-12-02,2021-12-03,165.25,165.48000000000002,0.2300000000000182,11.50000000000091,bearish,21.00000000000182,bearish
2021-12-10,1,2021-12-09,2021-12-10,165.89,166.71,0.8200000000000216,41.00000000000108,bearish,80.00000000000216,bearish
2021-12-15,1,2021-12-14,2021-12-15,165.45,165.28,-0.1699999999999875,-8.499999999999375,bearish,-18.99999999999875,bearish
2021-12-16,1,2021-12-15,2021-12-16,166.16,167.0,0.8400000000000034,42.00000000000017,bearish,82.00000000000034,bearish
2021-12-20,1,2021-12-17,2021-12-20,167.81,167.87,0.060000000000002274,3.0000000000001137,bearish,4.000000000000227,bearish
2021-12-21,1,2021-12-20,2021-12-21,167.1,167.68,0.5800000000000125,29.000000000000625,bearish,56.00000000000125,bearish
2021-12-22,1,2021-12-21,2021-12-22,167.03,167.57000000000002,0.5400000000000205,27.000000000001023,bearish,52.000000000002046,bearish
2022-01-07,1,2022-01-06,2022-01-07,167.0,167.36,0.36000000000001364,18.000000000000682,bearish,34.000000000001364,bearish
2022-01-10,1,2022-01-07,2022-01-10,167.76,167.35000000000002,-0.40999999999996817,-20.49999999999841,bearish,-42.99999999999682,bearish
2022-01-28,1,2022-01-27,2022-01-28,167.60999999999999,166.55,-1.0599999999999739,-52.99999999999869,bearish,-107.99999999999739,bearish
2022-01-31,1,2022-01-28,2022-01-31,167.10999999999999,167.78,0.6700000000000159,33.500000000000796,bearish,65.00000000000159,bearish
2022-04-26,1,2022-04-25,2022-04-26,177.06,177.94,0.8799999999999955,43.99999999999977,bearish,85.99999999999955,bearish
2022-04-27,1,2022-04-26,2022-04-27,177.32999999999998,176.45000000000002,-0.879999999999967,-43.99999999999835,bearish,-89.9999999999967,bearish
2022-04-28,1,2022-04-27,2022-04-28,175.98999999999998,175.91,-0.07999999999998408,-3.999999999999204,bearish,-9.999999999998408,bearish
2022-04-29,1,2022-04-28,2022-04-29,176.94,178.06,1.1200000000000045,56.00000000000023,bearish,110.00000000000045,bearish
2022-05-02,1,2022-04-29,2022-05-02,176.92,173.60000000000002,-3.3199999999999648,-165.99999999999824,bearish,-333.9999999999965,bearish
2022-05-03,1,2022-05-02,2022-05-03,173.64,173.88,0.2400000000000091,12.000000000000455,bearish,22.00000000000091,bearish
2022-05-04,1,2022-05-03,2022-05-04,174.1,174.31,0.21000000000000796,10.500000000000398,bearish,19.000000000000796,bearish
2022-05-05,1,2022-05-04,2022-05-05,175.81,177.55,1.740000000000009,87.00000000000045,bearish,172.0000000000009,bearish
2022-05-06,1,2022-05-05,2022-05-06,175.14,175.38,0.2400000000000091,12.000000000000455,bearish,22.00000000000091,bearish
2022-05-09,1,2022-05-06,2022-05-09,175.42999999999998,174.26000000000002,-1.169999999999959,-58.499999999997954,bearish,-118.99999999999591,bearish
2022-05-10,1,2022-05-09,2022-05-10,172.89,173.79000000000002,0.9000000000000341,45.000000000001705,bearish,88.00000000000341,bearish
2022-05-11,1,2022-05-10,2022-05-11,171.42999999999998,172.52,1.0900000000000318,54.50000000000159,bearish,107.00000000000318,bearish
2022-05-12,1,2022-05-11,2022-05-12,172.82999999999998,172.06,-0.7699999999999818,-38.49999999999909,bearish,-78.99999999999818,bearish
2022-05-13,1,2022-05-12,2022-05-13,170.17999999999998,168.3,-1.879999999999967,-93.99999999999835,bearish,-189.9999999999967,bearish
2022-05-16,1,2022-05-13,2022-05-16,168.79999999999998,168.42000000000002,-0.37999999999996703,-18.99999999999835,bearish,-39.9999999999967,bearish
2022-05-17,1,2022-05-16,2022-05-17,170.41,170.43,0.020000000000010232,1.0000000000005116,bearish,1.0231815394945443e-12,bearish
2022-05-18,1,2022-05-17,2022-05-18,169.34,169.0,-0.3400000000000034,-17.00000000000017,bearish,-36.00000000000034,bearish
2022-05-19,1,2022-05-18,2022-05-19,169.42999999999998,171.54000000000002,2.110000000000042,105.5000000000021,bearish,209.0000000000042,bearish
2022-05-20,1,2022-05-19,2022-05-20,171.92,171.70000000000002,-0.21999999999997044,-10.999999999998522,bearish,-23.999999999997044,bearish
2022-05-23,1,2022-05-20,2022-05-23,172.04,173.12,1.0800000000000125,54.000000000000625,bearish,106.00000000000125,bearish
2022-05-24,1,2022-05-23,2022-05-24,172.84,173.46,0.6200000000000045,31.000000000000227,bearish,60.000000000000455,bearish
2022-05-25,1,2022-05-24,2022-05-25,174.14,172.78,-1.3599999999999852,-67.99999999999926,bearish,-137.99999999999852,bearish
2022-05-26,1,2022-05-25,2022-05-26,173.09,172.12,-0.9699999999999989,-48.49999999999994,bearish,-98.99999999999989,bearish
2022-05-27,1,2022-05-26,2022-05-27,172.76999999999998,173.48000000000002,0.7100000000000364,35.50000000000182,bearish,69.00000000000364,bearish
2022-05-31,1,2022-05-27,2022-05-31,172.85999999999999,172.70000000000002,-0.15999999999996817,-7.999999999998408,bearish,-17.999999999996817,bearish
2022-06-01,1,2022-05-31,2022-06-01,171.14999999999998,172.20000000000002,1.0500000000000398,52.50000000000199,bearish,103.00000000000398,bearish
2022-06-02,1,2022-06-01,2022-06-02,172.23999999999998,173.73000000000002,1.4900000000000375,74.50000000000188,bearish,147.00000000000375,bearish
2022-06-03,1,2022-06-02,2022-06-03,174.35999999999999,173.52,-0.839999999999975,-41.99999999999875,bearish,-85.9999999999975,bearish
2022-06-06,1,2022-06-03,2022-06-06,172.59,172.8,0.21000000000000796,10.500000000000398,bearish,19.000000000000796,bearish
2022-06-07,1,2022-06-06,2022-06-07,171.82999999999998,172.10000000000002,0.27000000000003865,13.500000000001933,bearish,25.000000000003865,bearish
2022-06-08,1,2022-06-07,2022-06-08,172.95,172.88,-0.06999999999999318,-3.499999999999659,bearish,-8.999999999999318,bearish
2022-06-09,1,2022-06-08,2022-06-09,172.78,172.44,-0.3400000000000034,-17.00000000000017,bearish,-36.00000000000034,bearish
2022-06-10,1,2022-06-09,2022-06-10,172.23999999999998,170.88,-1.3599999999999852,-67.99999999999926,bearish,-137.99999999999852,bearish
2022-06-13,1,2022-06-10,2022-06-13,174.54999999999998,171.17000000000002,-3.379999999999967,-168.99999999999835,bearish,-339.9999999999967,bearish
2022-06-14,1,2022-06-13,2022-06-14,169.94,169.60000000000002,-0.339999999999975,-16.99999999999875,bearish,-35.9999999999975,bearish
2022-06-15,1,2022-06-14,2022-06-15,168.57999999999998,170.44,1.8600000000000136,93.00000000000068,bearish,184.00000000000136,bearish
2022-06-16,1,2022-06-15,2022-06-16,170.78,170.55,-0.22999999999998977,-11.499999999999488,bearish,-24.999999999998977,bearish
2022-06-17,1,2022-06-16,2022-06-17,172.7,172.14000000000001,-0.5599999999999739,-27.999999999998693,bearish,-57.999999999997385,bearish
2022-06-21,1,2022-06-17,2022-06-21,171.28,171.05,-0.22999999999998977,-11.499999999999488,bearish,-24.999999999998977,bearish
2022-06-22,1,2022-06-21,2022-06-22,170.64,171.60000000000002,0.9600000000000364,48.00000000000182,bearish,94.00000000000364,bearish
2022-06-23,1,2022-06-22,2022-06-23,171.32,171.38,0.060000000000002274,3.0000000000001137,bearish,4.000000000000227,bearish
2022-06-24,1,2022-06-23,2022-06-24,170.26999999999998,170.23000000000002,-0.03999999999996362,-1.999999999998181,bearish,-5.999999999996362,bearish
2022-06-27,1,2022-06-24,2022-06-27,170.1,170.58,0.4800000000000182,24.00000000000091,bearish,46.00000000000182,bearish
2022-06-28,1,2022-06-27,2022-06-28,169.91,170.06,0.15000000000000568,7.500000000000284,bearish,13.000000000000568,bearish
2022-06-29,1,2022-06-28,2022-06-29,169.63,170.57000000000002,0.9400000000000261,47.00000000000131,bearish,92.00000000000261,bearish
2022-06-30,1,2022-06-29,2022-06-30,169.5,169.5,0.0,0.0,bearish,-2.0,bearish
2022-07-01,1,2022-06-30,2022-07-01,168.47,167.13,-1.3400000000000034,-67.00000000000017,bearish,-136.00000000000034,bearish
2022-07-05,1,2022-07-01,2022-07-05,168.32999999999998,167.17000000000002,-1.1599999999999682,-57.99999999999841,bearish,-117.99999999999682,bearish
2022-07-06,1,2022-07-05,2022-07-06,164.76,164.31,-0.44999999999998863,-22.49999999999943,bearish,-46.99999999999886,bearish
2022-07-07,1,2022-07-06,2022-07-07,162.14999999999998,162.42000000000002,0.27000000000003865,13.500000000001933,bearish,25.000000000003865,bearish
2022-07-08,1,2022-07-07,2022-07-08,162.23999999999998,162.34,0.10000000000002274,5.000000000001137,bearish,8.000000000002274,bearish
2022-07-11,1,2022-07-08,2022-07-11,162.31,161.92000000000002,-0.38999999999998636,-19.499999999999318,bearish,-40.999999999998636,bearish
2022-07-12,1,2022-07-11,2022-07-12,161.44,161.21,-0.22999999999998977,-11.499999999999488,bearish,-24.999999999998977,bearish
2022-07-13,1,2022-07-12,2022-07-13,160.84,160.09,-0.75,-37.5,bearish,-77.0,bearish
2022-07-14,1,2022-07-13,2022-07-14,161.60999999999999,159.01000000000002,-2.599999999999966,-129.9999999999983,bearish,-261.9999999999966,bearish
2022-07-15,1,2022-07-14,2022-07-15,159.34,159.0,-0.3400000000000034,-17.00000000000017,bearish,-36.00000000000034,bearish
2022-07-18,1,2022-07-15,2022-07-18,159.01999999999998,160.07000000000002,1.0500000000000398,52.50000000000199,bearish,103.00000000000398,bearish
2022-07-19,1,2022-07-18,2022-07-19,159.17,159.46,0.29000000000002046,14.500000000001023,bearish,27.000000000002046,bearish
2022-07-20,1,2022-07-19,2022-07-20,159.54999999999998,159.70000000000002,0.1500000000000341,7.500000000001705,bearish,13.00000000000341,bearish
2022-07-21,1,2022-07-20,2022-07-21,158.04999999999998,158.3,0.2500000000000284,12.500000000001421,bearish,23.000000000002842,bearish
2022-07-22,1,2022-07-21,2022-07-22,160.28,160.54000000000002,0.2600000000000193,13.000000000000966,bearish,24.000000000001933,bearish
2022-07-25,1,2022-07-22,2022-07-25,160.67999999999998,160.63,-0.04999999999998295,-2.4999999999991473,bearish,-6.999999999998295,bearish
2022-07-26,1,2022-07-25,2022-07-26,160.23999999999998,160.22,-0.01999999999998181,-0.9999999999990905,bearish,-3.999999999998181,bearish
2022-07-27,1,2022-07-26,2022-07-27,160.04999999999998,160.01000000000002,-0.03999999999996362,-1.999999999998181,bearish,-5.999999999996362,bearish
2022-07-28,1,2022-07-27,2022-07-28,161.67999999999998,163.3,1.620000000000033,81.00000000000165,bearish,160.0000000000033,bearish
2022-07-29,1,2022-07-28,2022-07-29,163.64999999999998,163.88,0.2300000000000182,11.50000000000091,bearish,21.00000000000182,bearish
2022-08-01,1,2022-07-29,2022-08-01,164.10999999999999,164.97,0.8600000000000136,43.00000000000068,bearish,84.00000000000136,bearish
2022-08-02,1,2022-08-01,2022-08-02,165.04,165.65,0.6100000000000136,30.500000000000682,bearish,59.000000000001364,bearish
2022-08-03,1,2022-08-02,2022-08-03,164.06,164.76000000000002,0.700000000000017,35.00000000000085,bearish,68.0000000000017,bearish
2022-08-04,1,2022-08-03,2022-08-04,164.45999999999998,165.52,1.0600000000000307,53.000000000001535,bearish,104.00000000000307,bearish
2022-08-05,1,2022-08-04,2022-08-05,167.17999999999998,164.98000000000002,-2.19999999999996,-109.99999999999801,bearish,-221.99999999999602,bearish
2022-08-08,1,2022-08-05,2022-08-08,165.29999999999998,166.02,0.7200000000000273,36.000000000001364,bearish,70.00000000000273,bearish
2022-08-09,1,2022-08-08,2022-08-09,166.7,167.47,0.7700000000000102,38.50000000000051,bearish,75.00000000000102,bearish
2022-08-10,1,2022-08-09,2022-08-10,167.20999999999998,167.38,0.17000000000001592,8.500000000000796,bearish,15.000000000001592,bearish
2022-08-11,1,2022-08-10,2022-08-11,166.79,167.15,0.36000000000001364,18.000000000000682,bearish,34.000000000001364,bearish
2022-08-12,1,2022-08-11,2022-08-12,166.35,167.16,0.8100000000000023,40.500000000000114,bearish,79.00000000000023,bearish
2022-08-16,1,2022-08-15,2022-08-16,165.72,165.3,-0.4199999999999875,-20.999999999999375,bearish,-43.99999999999875,bearish
2022-08-17,1,2022-08-16,2022-08-17,165.42999999999998,165.20000000000002,-0.22999999999996135,-11.499999999998067,bearish,-24.999999999996135,bearish
2022-08-18,1,2022-08-17,2022-08-18,164.35999999999999,164.59,0.2300000000000182,11.50000000000091,bearish,21.00000000000182,bearish
2022-08-19,1,2022-08-18,2022-08-19,163.92999999999998,163.64000000000001,-0.2899999999999636,-14.499999999998181,bearish,-30.999999999996362,bearish
2022-08-22,1,2022-08-19,2022-08-22,162.73,161.65,-1.079999999999984,-53.999999999999204,bearish,-109.99999999999841,bearish
2022-08-23,1,2022-08-22,2022-08-23,161.64999999999998,161.95000000000002,0.3000000000000398,15.00000000000199,bearish,28.00000000000398,bearish
2022-08-24,1,2022-08-23,2022-08-24,162.78,162.43,-0.3499999999999943,-17.499999999999716,bearish,-36.99999999999943,bearish
2022-08-25,1,2022-08-24,2022-08-25,163.26,163.96,0.700000000000017,35.00000000000085,bearish,68.0000000000017,bearish
2022-08-29,1,2022-08-26,2022-08-29,161.76999999999998,161.87,0.10000000000002274,5.000000000001137,bearish,8.000000000002274,bearish
2022-08-30,1,2022-08-29,2022-08-30,161.87,161.26000000000002,-0.6099999999999852,-30.49999999999926,bearish,-62.99999999999852,bearish
2022-08-31,1,2022-08-30,2022-08-31,160.51999999999998,159.49,-1.0299999999999727,-51.499999999998636,bearish,-104.99999999999727,bearish
2022-09-01,1,2022-08-31,2022-09-01,159.28,158.16,-1.1200000000000045,-56.00000000000023,bearish,-114.00000000000045,bearish
2022-09-02,1,2022-09-01,2022-09-02,157.88,159.33,1.450000000000017,72.50000000000085,bearish,143.0000000000017,bearish
2022-09-06,1,2022-09-02,2022-09-06,159.26999999999998,159.16,-0.10999999999998522,-5.499999999999261,bearish,-12.999999999998522,bearish
2022-09-07,1,2022-09-06,2022-09-07,158.34,158.14000000000001,-0.19999999999998863,-9.999999999999432,bearish,-21.999999999998863,bearish
2022-09-08,1,2022-09-07,2022-09-08,159.95,159.53,-0.4199999999999875,-20.999999999999375,bearish,-43.99999999999875,bearish
2022-09-09,1,2022-09-08,2022-09-09,158.98999999999998,159.71,0.7200000000000273,36.000000000001364,bearish,70.00000000000273,bearish
2022-09-12,1,2022-09-09,2022-09-12,159.82999999999998,161.03,1.200000000000017,60.00000000000085,bearish,118.0000000000017,bearish
2022-09-13,1,2022-09-12,2022-09-13,160.64,158.46,-2.1799999999999784,-108.99999999999892,bearish,-219.99999999999784,bearish
2022-09-14,1,2022-09-13,2022-09-14,158.54999999999998,158.67000000000002,0.12000000000003297,6.0000000000016485,bearish,10.000000000003297,bearish
2022-09-15,1,2022-09-14,2022-09-15,157.94,156.75,-1.1899999999999977,-59.499999999999886,bearish,-120.99999999999977,bearish
2022-09-16,1,2022-09-15,2022-09-16,154.98999999999998,154.65,-0.339999999999975,-16.99999999999875,bearish,-35.9999999999975,bearish
2022-09-19,1,2022-09-16,2022-09-19,155.85,154.86,-0.9899999999999807,-49.499999999999034,bearish,-100.99999999999807,bearish
2022-09-20,1,2022-09-19,2022-09-20,155.97,155.04000000000002,-0.9299999999999784,-46.49999999999892,bearish,-94.99999999999784,bearish
2022-09-21,1,2022-09-20,2022-09-21,155.07999999999998,155.96,0.8800000000000239,44.000000000001194,bearish,86.00000000000239,bearish
2022-09-22,1,2022-09-21,2022-09-22,155.79999999999998,156.25,0.45000000000001705,22.500000000000853,bearish,43.000000000001705,bearish
2022-09-23,1,2022-09-22,2022-09-23,155.70999999999998,153.92000000000002,-1.7899999999999636,-89.49999999999818,bearish,-180.99999999999636,bearish
2022-09-26,1,2022-09-23,2022-09-26,153.01999999999998,153.21,0.19000000000002615,9.500000000001307,bearish,17.000000000002615,bearish
2022-09-27,1,2022-09-26,2022-09-27,151.23999999999998,152.24,1.0000000000000284,50.00000000000142,bearish,98.00000000000284,bearish
2022-09-28,1,2022-09-27,2022-09-28,151.54999999999998,153.19,1.6400000000000148,82.00000000000074,bearish,162.00000000000148,bearish
2022-09-29,1,2022-09-28,2022-09-29,154.7,154.13,-0.5699999999999932,-28.49999999999966,bearish,-58.99999999999932,bearish
2022-09-30,1,2022-09-29,2022-09-30,154.67,154.93,0.2600000000000193,13.000000000000966,bearish,24.000000000001933,bearish
2022-10-03,1,2022-09-30,2022-10-03,154.67999999999998,155.43,0.7500000000000284,37.50000000000142,bearish,73.00000000000284,bearish
2022-10-04,1,2022-10-03,2022-10-04,158.44,159.17000000000002,0.7300000000000182,36.50000000000091,bearish,71.00000000000182,bearish
2022-10-05,1,2022-10-04,2022-10-05,160.70999999999998,159.31,-1.3999999999999773,-69.99999999999886,bearish,-141.99999999999773,bearish
2022-10-06,1,2022-10-05,2022-10-06,159.82,159.4,-0.4199999999999875,-20.999999999999375,bearish,-43.99999999999875,bearish
2022-10-07,1,2022-10-06,2022-10-07,159.64,158.45000000000002,-1.1899999999999693,-59.499999999998465,bearish,-120.99999999999693,bearish
2022-10-10,1,2022-10-07,2022-10-10,157.89,155.93,-1.9599999999999795,-97.99999999999898,bearish,-197.99999999999795,bearish
2022-10-11,1,2022-10-10,2022-10-11,155.48999999999998,155.45000000000002,-0.03999999999996362,-1.999999999998181,bearish,-5.999999999996362,bearish
2022-10-12,1,2022-10-11,2022-10-12,155.17,155.5,0.3300000000000125,16.500000000000625,bearish,31.00000000000125,bearish
2022-10-13,1,2022-10-12,2022-10-13,156.0,153.47,-2.530000000000001,-126.50000000000006,bearish,-255.0000000000001,bearish
2022-10-14,1,2022-10-13,2022-10-14,154.92,154.01000000000002,-0.9099999999999682,-45.49999999999841,bearish,-92.99999999999682,bearish
2022-10-17,1,2022-10-14,2022-10-17,152.98999999999998,154.91,1.920000000000016,96.0000000000008,bearish,190.0000000000016,bearish
2022-10-18,1,2022-10-17,2022-10-18,153.42999999999998,154.07000000000002,0.6400000000000432,32.00000000000216,bearish,62.00000000000432,bearish
2022-10-19,1,2022-10-18,2022-10-19,153.76,152.08,-1.6799999999999784,-83.99999999999892,bearish,-169.99999999999784,bearish
2022-10-20,1,2022-10-19,2022-10-20,151.7,151.91,0.21000000000000796,10.500000000000398,bearish,19.000000000000796,bearish
2022-10-21,1,2022-10-20,2022-10-21,151.45999999999998,151.97,0.5100000000000193,25.500000000000966,bearish,49.00000000000193,bearish
2022-10-24,1,2022-10-21,2022-10-24,154.16,153.44,-0.7199999999999989,-35.99999999999994,bearish,-73.99999999999989,bearish
2022-10-25,1,2022-10-24,2022-10-25,153.66,153.95000000000002,0.29000000000002046,14.500000000001023,bearish,27.000000000002046,bearish
2022-10-26,1,2022-10-25,2022-10-26,154.01,154.77,0.7600000000000193,38.000000000000966,bearish,74.00000000000193,bearish
2022-10-27,1,2022-10-26,2022-10-27,154.98999999999998,154.70000000000002,-0.2899999999999636,-14.499999999998181,bearish,-30.999999999996362,bearish
2022-10-28,1,2022-10-27,2022-10-28,154.75,152.95000000000002,-1.799999999999983,-89.99999999999915,bearish,-181.9999999999983,bearish
2022-10-31,1,2022-10-28,2022-10-31,153.17,152.15,-1.0199999999999818,-50.99999999999909,bearish,-103.99999999999818,bearish
2022-11-01,1,2022-10-31,2022-11-01,151.92,153.81,1.8900000000000148,94.50000000000074,bearish,187.00000000000148,bearish
2022-11-02,1,2022-11-01,2022-11-02,153.47,154.15,0.6800000000000068,34.00000000000034,bearish,66.00000000000068,bearish
2022-11-03,1,2022-11-02,2022-11-03,152.39999999999998,150.69,-1.7099999999999795,-85.49999999999898,bearish,-172.99999999999795,bearish
2022-11-04,1,2022-11-03,2022-11-04,151.82,154.94,3.1200000000000045,156.00000000000023,bearish,310.00000000000045,bearish
2023-03-08,1,2023-03-07,2023-03-08,168.63,168.60000000000002,-0.029999999999972715,-1.4999999999986358,bearish,-4.9999999999972715,bearish
2023-03-09,1,2023-03-08,2023-03-09,168.54999999999998,169.74,1.1900000000000261,59.50000000000131,bearish,117.00000000000261,bearish
2023-03-10,1,2023-03-09,2023-03-10,170.20999999999998,171.92000000000002,1.7100000000000364,85.50000000000182,bearish,169.00000000000364,bearish
2023-06-21,1,2023-06-20,2023-06-21,179.76,179.14000000000001,-0.6199999999999761,-30.999999999998806,bearish,-63.99999999999761,bearish
2023-06-22,1,2023-06-21,2023-06-22,179.5,178.35000000000002,-1.1499999999999773,-57.49999999999886,bearish,-116.99999999999773,bearish
2023-06-23,1,2023-06-22,2023-06-23,177.72,179.59,1.8700000000000045,93.50000000000023,bearish,185.00000000000045,bearish
2023-06-26,1,2023-06-23,2023-06-26,178.20999999999998,179.04000000000002,0.8300000000000409,41.500000000002046,bearish,81.00000000000409,bearish
2023-06-27,1,2023-06-26,2023-06-27,178.51999999999998,179.06,0.5400000000000205,27.000000000001023,bearish,52.000000000002046,bearish
2023-06-28,1,2023-06-27,2023-06-28,177.7,177.22,-0.47999999999998977,-23.99999999999949,bearish,-49.99999999999898,bearish
2023-06-29,1,2023-06-28,2023-06-29,177.29,175.82000000000002,-1.4699999999999704,-73.49999999999852,bearish,-148.99999999999704,bearish
2023-06-30,1,2023-06-29,2023-06-30,177.1,177.68,0.5800000000000125,29.000000000000625,bearish,56.00000000000125,bearish
2023-07-03,1,2023-06-30,2023-07-03,178.28,178.60000000000002,0.3200000000000216,16.00000000000108,bearish,30.00000000000216,bearish
2023-07-05,1,2023-07-03,2023-07-05,178.48,179.39000000000001,0.910000000000025,45.50000000000125,bearish,89.0000000000025,bearish
2023-07-06,1,2023-07-05,2023-07-06,177.85,177.5,-0.3499999999999943,-17.499999999999716,bearish,-36.99999999999943,bearish
2023-07-07,1,2023-07-06,2023-07-07,177.32,178.35000000000002,1.0300000000000296,51.50000000000148,bearish,101.00000000000296,bearish
2023-07-10,1,2023-07-07,2023-07-10,178.64999999999998,178.36,-0.2899999999999636,-14.499999999998181,bearish,-30.999999999996362,bearish
2023-07-11,1,2023-07-10,2023-07-11,178.79,179.42000000000002,0.6300000000000239,31.500000000001194,bearish,61.00000000000239,bearish
2023-07-12,1,2023-07-11,2023-07-12,179.45999999999998,181.17000000000002,1.7100000000000364,85.50000000000182,bearish,169.00000000000364,bearish
2023-07-13,1,2023-07-12,2023-07-13,181.89,181.95000000000002,0.060000000000030695,3.0000000000015348,bearish,4.0000000000030695,bearish
2023-07-14,1,2023-07-13,2023-07-14,182.01999999999998,181.60000000000002,-0.4199999999999591,-20.999999999997954,bearish,-43.99999999999591,bearish
2023-07-17,1,2023-07-14,2023-07-17,181.44,180.98000000000002,-0.45999999999997954,-22.999999999998977,bearish,-47.999999999997954,bearish
2023-07-18,1,2023-07-17,2023-07-18,181.57,182.78,1.210000000000008,60.5000000000004,bearish,119.0000000000008,bearish
2023-07-19,1,2023-07-18,2023-07-19,183.64999999999998,183.44,-0.20999999999997954,-10.499999999998977,bearish,-22.999999999997954,bearish
2023-07-20,1,2023-07-19,2023-07-20,183.67999999999998,183.72,0.040000000000020464,2.000000000001023,bearish,2.0000000000020464,bearish
2023-07-21,1,2023-07-20,2023-07-21,182.75,182.05,-0.6999999999999886,-34.99999999999943,bearish,-71.99999999999886,bearish
2023-07-24,1,2023-07-21,2023-07-24,182.19,182.21,0.020000000000010232,1.0000000000005116,bearish,1.0231815394945443e-12,bearish
2023-07-25,1,2023-07-24,2023-07-25,181.41,181.71,0.30000000000001137,15.000000000000568,bearish,28.000000000001137,bearish
2023-07-26,1,2023-07-25,2023-07-26,182.42,182.65,0.2300000000000182,11.50000000000091,bearish,21.00000000000182,bearish
2023-07-28,1,2023-07-27,2023-07-28,180.42999999999998,181.47,1.0400000000000205,52.00000000000102,bearish,102.00000000000205,bearish
2023-08-02,1,2023-08-01,2023-08-02,180.47,180.56,0.09000000000000341,4.5000000000001705,bearish,7.000000000000341,bearish
2023-08-03,1,2023-08-02,2023-08-03,179.60999999999999,179.43,-0.1799999999999784,-8.99999999999892,bearish,-19.99999999999784,bearish
2023-08-04,1,2023-08-03,2023-08-04,179.54999999999998,180.24,0.6900000000000261,34.50000000000131,bearish,67.00000000000261,bearish
2023-08-09,1,2023-08-08,2023-08-09,178.64999999999998,178.67000000000002,0.020000000000038654,1.0000000000019327,bearish,3.865352482534945e-12,bearish
2023-08-10,1,2023-08-09,2023-08-10,177.79999999999998,178.21,0.410000000000025,20.50000000000125,bearish,39.0000000000025,bearish
2023-08-11,1,2023-08-10,2023-08-11,177.60999999999999,177.69,0.0800000000000125,4.000000000000625,bearish,6.0000000000012506,bearish
2023-08-14,1,2023-08-11,2023-08-14,177.60999999999999,176.85000000000002,-0.7599999999999625,-37.999999999998124,bearish,-77.99999999999625,bearish
2023-08-15,1,2023-08-14,2023-08-15,177.07,176.74,-0.3299999999999841,-16.499999999999204,bearish,-34.99999999999841,bearish
2023-08-16,1,2023-08-15,2023-08-16,176.6,176.63,0.030000000000001137,1.5000000000000568,bearish,1.0000000000001137,bearish
2023-08-17,1,2023-08-16,2023-08-17,175.57999999999998,176.52,0.9400000000000261,47.00000000000131,bearish,92.00000000000261,bearish
2023-08-18,1,2023-08-17,2023-08-18,175.31,175.82000000000002,0.5100000000000193,25.500000000000966,bearish,49.00000000000193,bearish
2023-08-21,1,2023-08-18,2023-08-21,175.34,175.89000000000001,0.5500000000000114,27.50000000000057,bearish,53.00000000000114,bearish
2023-08-22,1,2023-08-21,2023-08-22,175.82,175.82000000000002,2.842170943040401e-14,1.4210854715202004e-12,bearish,-1.9999999999971578,bearish
2023-08-23,1,2023-08-22,2023-08-23,176.10999999999999,177.31,1.200000000000017,60.00000000000085,bearish,118.0000000000017,bearish
2023-08-24,1,2023-08-23,2023-08-24,177.89999999999998,177.65,-0.24999999999997158,-12.499999999998579,bearish,-26.999999999997158,bearish
2023-08-25,1,2023-08-24,2023-08-25,177.85999999999999,177.57000000000002,-0.2899999999999636,-14.499999999998181,bearish,-30.999999999996362,bearish
2023-08-28,1,2023-08-25,2023-08-28,177.63,177.64000000000001,0.010000000000019327,0.5000000000009663,bearish,-0.9999999999980673,bearish
2023-08-29,1,2023-08-28,2023-08-29,178.14,178.02,-0.11999999999997613,-5.999999999998806,bearish,-13.999999999997613,bearish
2023-08-30,1,2023-08-29,2023-08-30,179.88,180.57000000000002,0.6900000000000261,34.50000000000131,bearish,67.00000000000261,bearish
2023-08-31,1,2023-08-30,2023-08-31,180.32999999999998,180.36,0.03000000000002956,1.500000000001478,bearish,1.0000000000029559,bearish
2023-09-01,1,2023-08-31,2023-09-01,180.03,180.79000000000002,0.7600000000000193,38.000000000000966,bearish,74.00000000000193,bearish
2023-09-05,1,2023-09-01,2023-09-05,180.12,179.32000000000002,-0.799999999999983,-39.99999999999915,bearish,-81.9999999999983,bearish
2023-09-06,1,2023-09-05,2023-09-06,178.64999999999998,178.32000000000002,-0.32999999999995566,-16.499999999997783,bearish,-34.999999999995566,bearish
2023-09-07,1,2023-09-06,2023-09-07,177.84,178.3,0.46000000000000796,23.000000000000398,bearish,44.000000000000796,bearish
2023-09-08,1,2023-09-07,2023-09-08,178.03,178.35000000000002,0.3200000000000216,16.00000000000108,bearish,30.00000000000216,bearish
2023-09-11,1,2023-09-08,2023-09-11,178.09,178.96,0.8700000000000045,43.50000000000023,bearish,85.00000000000045,bearish
2023-09-12,1,2023-09-11,2023-09-12,178.42,177.10000000000002,-1.3199999999999648,-65.99999999999824,bearish,-133.99999999999648,bearish
2023-09-13,1,2023-09-12,2023-09-13,177.5,177.52,0.020000000000010232,1.0000000000005116,bearish,1.0231815394945443e-12,bearish
2023-09-14,1,2023-09-13,2023-09-14,177.09,176.49,-0.5999999999999943,-29.999999999999716,bearish,-61.99999999999943,bearish
2023-09-15,1,2023-09-14,2023-09-15,177.17999999999998,178.54000000000002,1.360000000000042,68.0000000000021,bearish,134.0000000000042,bearish
2023-09-18,1,2023-09-15,2023-09-18,178.35,178.81,0.46000000000000796,23.000000000000398,bearish,44.000000000000796,bearish
2023-09-19,1,2023-09-18,2023-09-19,179.39999999999998,179.53,0.13000000000002387,6.500000000001194,bearish,11.000000000002387,bearish
2023-09-20,1,2023-09-19,2023-09-20,179.23,179.33,0.10000000000002274,5.000000000001137,bearish,8.000000000002274,bearish
2023-09-21,1,2023-09-20,2023-09-21,179.35999999999999,177.85000000000002,-1.5099999999999625,-75.49999999999812,bearish,-152.99999999999625,bearish
2023-09-22,1,2023-09-21,2023-09-22,178.06,178.64000000000001,0.5800000000000125,29.000000000000625,bearish,56.00000000000125,bearish
2023-09-25,1,2023-09-22,2023-09-25,178.63,178.4,-0.22999999999998977,-11.499999999999488,bearish,-24.999999999998977,bearish
2023-09-26,1,2023-09-25,2023-09-26,177.70999999999998,176.82000000000002,-0.8899999999999579,-44.4999999999979,bearish,-90.9999999999958,bearish
2023-09-27,1,2023-09-26,2023-09-27,176.29,175.26000000000002,-1.0299999999999727,-51.499999999998636,bearish,-104.99999999999727,bearish
2023-09-28,1,2023-09-27,2023-09-28,174.10999999999999,173.9,-0.20999999999997954,-10.499999999998977,bearish,-22.999999999997954,bearish
2023-09-29,1,2023-09-28,2023-09-29,173.23999999999998,173.91,0.6700000000000159,33.500000000000796,bearish,65.00000000000159,bearish
2023-10-02,1,2023-09-29,2023-10-02,171.45999999999998,170.22,-1.2399999999999807,-61.999999999999034,bearish,-125.99999999999807,bearish
2023-10-03,1,2023-10-02,2023-10-03,169.66,169.13,-0.5300000000000011,-26.500000000000057,bearish,-55.000000000000114,bearish
2023-10-04,1,2023-10-03,2023-10-04,169.17,169.20000000000002,0.03000000000002956,1.500000000001478,bearish,1.0000000000029559,bearish
2023-10-05,1,2023-10-04,2023-10-05,169.14999999999998,168.73000000000002,-0.4199999999999591,-20.999999999997954,bearish,-43.99999999999591,bearish
2023-10-06,1,2023-10-05,2023-10-06,168.84,169.17000000000002,0.3300000000000125,16.500000000000625,bearish,31.00000000000125,bearish
2023-10-09,1,2023-10-06,2023-10-09,169.70999999999998,171.17000000000002,1.4600000000000364,73.00000000000182,bearish,144.00000000000364,bearish
2023-10-10,1,2023-10-09,2023-10-10,172.82999999999998,172.07000000000002,-0.7599999999999625,-37.999999999998124,bearish,-77.99999999999625,bearish
2023-10-11,1,2023-10-10,2023-10-11,172.54,173.59,1.0500000000000114,52.50000000000057,bearish,103.00000000000114,bearish
2023-10-12,1,2023-10-11,2023-10-12,173.79999999999998,174.05,0.2500000000000284,12.500000000001421,bearish,23.000000000002842,bearish
2023-10-13,1,2023-10-12,2023-10-13,173.26999999999998,176.88,3.6100000000000136,180.50000000000068,bearish,359.00000000000136,bearish
2023-10-17,1,2023-10-16,2023-10-17,177.97,178.36,0.3900000000000148,19.50000000000074,bearish,37.00000000000148,bearish
2023-10-18,1,2023-10-17,2023-10-18,178.29999999999998,180.89000000000001,2.590000000000032,129.5000000000016,bearish,257.0000000000032,bearish
2024-02-14,1,2024-02-13,2024-02-14,184.54,184.26000000000002,-0.2799999999999727,-13.999999999998636,bearish,-29.99999999999727,bearish
2024-02-15,1,2024-02-14,2024-02-15,184.42999999999998,185.59,1.160000000000025,58.00000000000125,bearish,114.0000000000025,bearish
2024-02-16,1,2024-02-15,2024-02-16,185.67,185.07000000000002,-0.5999999999999659,-29.999999999998295,bearish,-61.99999999999659,bearish
2024-12-09,1,2024-12-06,2024-12-09,242.95999999999998,246.33,3.370000000000033,168.50000000000165,bearish,335.0000000000033,bearish
2024-12-19,1,2024-12-18,2024-12-19,239.26999999999998,239.66,0.3900000000000148,19.50000000000074,bearish,37.00000000000148,bearish
2024-12-20,1,2024-12-19,2024-12-20,239.60999999999999,241.42000000000002,1.8100000000000307,90.50000000000153,bearish,179.00000000000307,bearish
2024-12-23,1,2024-12-20,2024-12-23,242.10999999999999,241.59,-0.5199999999999818,-25.99999999999909,bearish,-53.99999999999818,bearish
2024-12-24,1,2024-12-23,2024-12-24,240.97,241.48000000000002,0.5100000000000193,25.500000000000966,bearish,49.00000000000193,bearish
2024-12-26,1,2024-12-24,2024-12-26,241.45,242.38,0.9300000000000068,46.50000000000034,bearish,91.00000000000068,bearish
2024-12-27,1,2024-12-26,2024-12-27,243.07999999999998,241.34,-1.7399999999999807,-86.99999999999903,bearish,-175.99999999999807,bearish
2024-12-30,1,2024-12-27,2024-12-30,241.41,241.07000000000002,-0.339999999999975,-16.99999999999875,bearish,-35.9999999999975,bearish
2024-12-31,1,2024-12-30,2024-12-31,240.64,241.04000000000002,0.4000000000000341,20.000000000001705,bearish,38.00000000000341,bearish
2025-01-02,1,2024-12-31,2025-01-02,242.14,244.21,2.0700000000000216,103.50000000000108,bearish,205.00000000000216,bearish
2025-01-06,1,2025-01-03,2025-01-06,243.5,242.32000000000002,-1.1799999999999784,-58.99999999999892,bearish,-119.99999999999784,bearish
2025-01-07,1,2025-01-06,2025-01-07,243.2,245.51000000000002,2.3100000000000307,115.50000000000153,bearish,229.00000000000307,bearish
2025-01-08,1,2025-01-07,2025-01-08,244.57,245.71,1.1400000000000148,57.00000000000074,bearish,112.00000000000148,bearish
2025-01-10,1,2025-01-08,2025-01-10,245.87,248.0,2.1299999999999955,106.49999999999977,bearish,210.99999999999955,bearish
2025-01-14,1,2025-01-13,2025-01-14,245.75,245.61,-0.13999999999998636,-6.999999999999318,bearish,-15.999999999998636,bearish
2026-03-20,1,2026-03-19,2026-03-20,426.42,428.12,1.6999999999999886,84.99999999999943,bearish,167.99999999999886,bearish
2026-03-23,1,2026-03-20,2026-03-23,413.39,404.97,-8.419999999999959,-420.99999999999795,bearish,-843.9999999999959,bearish
2026-03-24,1,2026-03-23,2026-03-24,404.05,400.24,-3.8100000000000023,-190.5000000000001,bearish,-383.0000000000002,bearish
2026-03-25,1,2026-03-24,2026-03-25,404.14,419.75,15.610000000000014,780.5000000000007,bearish,1559.0000000000014,bearish
2026-03-26,1,2026-03-25,2026-03-26,416.3,408.49,-7.810000000000002,-390.5000000000001,bearish,-783.0000000000002,bearish
2026-03-27,1,2026-03-26,2026-03-27,400.65,406.24,5.590000000000032,279.5000000000016,bearish,557.0000000000032,bearish
2026-03-30,1,2026-03-27,2026-03-30,414.71,419.53000000000003,4.82000000000005,241.0000000000025,bearish,480.000000000005,bearish
2026-03-31,1,2026-03-30,2026-03-31,414.59,420.07,5.480000000000018,274.0000000000009,bearish,546.0000000000018,bearish
2026-04-01,1,2026-03-31,2026-04-01,430.3,434.99,4.689999999999998,234.4999999999999,bearish,466.9999999999998,bearish
2026-04-02,1,2026-04-01,2026-04-02,437.83,422.28000000000003,-15.549999999999955,-777.4999999999977,bearish,-1556.9999999999955,bearish
2026-04-06,1,2026-04-02,2026-04-06,429.42,428.90000000000003,-0.5199999999999818,-25.99999999999909,bearish,-53.99999999999818,bearish
2026-04-07,1,2026-04-06,2026-04-07,427.65999999999997,427.89,0.2300000000000182,11.50000000000091,bearish,21.00000000000182,bearish
2026-04-08,1,2026-04-07,2026-04-08,431.82,440.07,8.25,412.5,bearish,823.0,bearish
2026-04-09,1,2026-04-08,2026-04-09,434.53999999999996,436.38,1.8400000000000318,92.00000000000159,bearish,182.00000000000318,bearish
2026-04-10,1,2026-04-09,2026-04-10,437.92,438.58,0.6599999999999682,32.99999999999841,bearish,63.99999999999682,bearish
2026-04-13,1,2026-04-10,2026-04-13,437.14,434.77,-2.3700000000000045,-118.50000000000023,bearish,-239.00000000000045,bearish
2026-04-14,1,2026-04-13,2026-04-14,435.37,439.31,3.9399999999999977,196.9999999999999,bearish,391.9999999999998,bearish
2026-04-15,1,2026-04-14,2026-04-15,445.09999999999997,442.82,-2.2799999999999727,-113.99999999999864,bearish,-229.99999999999727,bearish
2026-04-16,1,2026-04-15,2026-04-16,440.46999999999997,442.14,1.670000000000016,83.5000000000008,bearish,165.0000000000016,bearish
2026-04-17,1,2026-04-16,2026-04-17,440.09,445.64,5.550000000000011,277.50000000000057,bearish,553.0000000000011,bearish
2026-04-20,1,2026-04-17,2026-04-20,445.94,443.12,-2.819999999999993,-140.99999999999966,bearish,-283.9999999999993,bearish
2026-04-21,1,2026-04-20,2026-04-21,442.09999999999997,438.54,-3.5599999999999454,-177.99999999999727,bearish,-357.99999999999454,bearish
2026-04-22,1,2026-04-21,2026-04-22,429.58,436.3,6.720000000000027,336.00000000000136,bearish,670.0000000000027,bearish
2026-04-23,1,2026-04-22,2026-04-23,435.27,433.95,-1.3199999999999932,-65.99999999999966,bearish,-133.99999999999932,bearish
2026-04-24,1,2026-04-23,2026-04-24,431.05,431.33,0.2799999999999727,13.999999999998636,bearish,25.99999999999727,bearish
2026-04-27,1,2026-04-24,2026-04-27,433.26,431.65000000000003,-1.6099999999999568,-80.49999999999784,bearish,-162.99999999999568,bearish
2026-04-28,1,2026-04-27,2026-04-28,429.9,420.71000000000004,-9.18999999999994,-459.49999999999704,bearish,-920.9999999999941,bearish
2026-04-29,1,2026-04-28,2026-04-29,421.92,416.73,-5.189999999999998,-259.4999999999999,bearish,-520.9999999999998,bearish
2026-04-30,1,2026-04-29,2026-04-30,417.42,425.40000000000003,7.980000000000018,399.0000000000009,bearish,796.0000000000018,bearish
2026-05-01,1,2026-04-30,2026-05-01,423.67,421.29,-2.3799999999999955,-118.99999999999977,bearish,-239.99999999999955,bearish
2026-05-04,1,2026-05-01,2026-05-04,423.19,418.83,-4.360000000000014,-218.00000000000068,bearish,-438.00000000000136,bearish
2026-05-05,1,2026-05-04,2026-05-05,414.71999999999997,420.14,5.420000000000016,271.0000000000008,bearish,540.0000000000016,bearish
2026-05-06,1,2026-05-05,2026-05-06,418.28,430.14,11.860000000000014,593.0000000000007,bearish,1184.0000000000014,bearish
2026-05-07,1,2026-05-06,2026-05-07,430.96999999999997,435.59000000000003,4.620000000000061,231.00000000000307,bearish,460.00000000000614,bearish
2026-05-14,1,2026-05-13,2026-05-14,430.51,430.35,-0.15999999999996817,-7.999999999998408,bearish,-17.999999999996817,bearish
2026-05-15,1,2026-05-14,2026-05-15,427.21999999999997,417.64,-9.579999999999984,-478.9999999999992,bearish,-959.9999999999984,bearish
2026-05-18,1,2026-05-15,2026-05-18,417.3,419.77,2.4699999999999704,123.49999999999852,bearish,244.99999999999704,bearish
2026-05-19,1,2026-05-18,2026-05-19,418.44,412.44,-6.0,-300.0,bearish,-602.0,bearish
2026-05-20,1,2026-05-19,2026-05-20,411.51,412.13,0.6200000000000045,31.000000000000227,bearish,60.000000000000455,bearish
2026-05-21,1,2026-05-20,2026-05-21,417.40999999999997,413.13,-4.279999999999973,-213.99999999999864,bearish,-429.99999999999727,bearish
2026-05-22,1,2026-05-21,2026-05-22,417.0,415.16,-1.839999999999975,-91.99999999999875,bearish,-185.9999999999975,bearish
2026-05-26,1,2026-05-22,2026-05-26,413.83,415.17,1.3400000000000318,67.00000000000159,bearish,132.00000000000318,bearish
2026-05-27,1,2026-05-26,2026-05-27,414.01,404.33,-9.680000000000007,-484.00000000000034,bearish,-970.0000000000007,bearish
2026-05-28,1,2026-05-27,2026-05-28,408.5,406.47,-2.0299999999999727,-101.49999999999864,bearish,-204.99999999999727,bearish
2026-05-29,1,2026-05-28,2026-05-29,412.78,415.64,2.8600000000000136,143.00000000000068,bearish,284.00000000000136,bearish
2026-06-01,1,2026-05-29,2026-06-01,417.13,409.85,-7.279999999999973,-363.99999999999864,bearish,-729.9999999999973,bearish
2026-06-02,1,2026-06-01,2026-06-02,411.27,414.07,2.8000000000000114,140.00000000000057,bearish,278.00000000000114,bearish
2026-06-03,1,2026-06-02,2026-06-03,411.96,408.37,-3.589999999999975,-179.49999999999875,bearish,-360.9999999999975,bearish
2026-06-04,1,2026-06-03,2026-06-04,407.88,413.34000000000003,5.460000000000036,273.0000000000018,bearish,544.0000000000036,bearish
2026-06-05,1,2026-06-04,2026-06-05,411.28,404.28000000000003,-6.999999999999943,-349.99999999999716,bearish,-701.9999999999943,bearish
2026-06-08,1,2026-06-05,2026-06-08,396.25,397.51,1.259999999999991,62.999999999999545,bearish,123.99999999999909,bearish
2026-06-09,1,2026-06-08,2026-06-09,397.28,397.52,0.2400000000000091,12.000000000000455,bearish,22.00000000000091,bearish
2026-06-10,1,2026-06-09,2026-06-10,390.78999999999996,380.83,-9.95999999999998,-497.999999999999,bearish,-997.999999999998,bearish
2026-06-11,1,2026-06-10,2026-06-11,374.59,373.95,-0.6399999999999864,-31.999999999999318,bearish,-65.99999999999864,bearish
2026-06-12,1,2026-06-11,2026-06-12,386.33,385.71000000000004,-0.6199999999999477,-30.999999999997385,bearish,-63.99999999999477,bearish
2026-06-15,1,2026-06-12,2026-06-15,386.55,399.51,12.95999999999998,647.999999999999,bearish,1293.999999999998,bearish
2026-06-16,1,2026-06-15,2026-06-16,396.56,397.82,1.259999999999991,62.999999999999545,bearish,123.99999999999909,bearish
2026-06-17,1,2026-06-16,2026-06-17,397.64,397.81,0.17000000000001592,8.500000000000796,bearish,15.000000000001592,bearish
2026-06-18,1,2026-06-17,2026-06-18,388.61,391.22,2.6100000000000136,130.50000000000068,bearish,259.00000000000136,bearish
2026-06-22,1,2026-06-18,2026-06-22,387.13,384.21000000000004,-2.919999999999959,-145.99999999999795,bearish,-293.9999999999959,bearish
2026-06-23,1,2026-06-22,2026-06-23,384.59999999999997,377.67,-6.92999999999995,-346.4999999999975,bearish,-694.999999999995,bearish
2026-06-24,1,2026-06-23,2026-06-24,377.33,364.8,-12.529999999999973,-626.4999999999986,bearish,-1254.9999999999973,bearish
2026-06-25,1,2026-06-24,2026-06-25,365.93,368.94,3.009999999999991,150.49999999999955,bearish,298.9999999999991,bearish
2026-06-26,1,2026-06-25,2026-06-26,369.46999999999997,372.26,2.7900000000000205,139.50000000000102,bearish,277.00000000000205,bearish
2026-06-29,1,2026-06-26,2026-06-29,373.64,370.57,-3.069999999999993,-153.49999999999966,bearish,-308.9999999999993,bearish
2026-06-30,1,2026-06-29,2026-06-30,368.59,369.21000000000004,0.6200000000000614,31.00000000000307,bearish,60.00000000000614,bearish
2026-07-01,1,2026-06-30,2026-07-01,368.39,371.14,2.75,137.5,bearish,273.0,bearish
2026-07-02,1,2026-07-01,2026-07-02,370.61,377.43,6.819999999999993,340.99999999999966,bearish,679.9999999999993,bearish
2026-07-06,1,2026-07-02,2026-07-06,378.14,380.03000000000003,1.8900000000000432,94.50000000000216,bearish,187.00000000000432,bearish
2026-07-07,1,2026-07-06,2026-07-07,382.14,382.38,0.2400000000000091,12.000000000000455,bearish,22.00000000000091,bearish
2026-07-08,1,2026-07-07,2026-07-08,377.5,373.16,-4.339999999999975,-216.99999999999875,bearish,-435.9999999999975,bearish
2026-07-09,1,2026-07-08,2026-07-09,374.46,378.5,4.0400000000000205,202.00000000000102,bearish,402.00000000000205,bearish
2026-07-10,1,2026-07-09,2026-07-10,378.19,374.99,-3.1999999999999886,-159.99999999999943,bearish,-321.99999999999886,bearish
2026-07-13,1,2026-07-10,2026-07-13,377.02,372.76,-4.259999999999991,-212.99999999999955,bearish,-427.9999999999991,bearish
2026-07-14,1,2026-07-13,2026-07-14,367.14,374.5,7.360000000000014,368.0000000000007,bearish,734.0000000000014,bearish
2026-07-15,1,2026-07-14,2026-07-15,372.15999999999997,372.1,-0.05999999999994543,-2.9999999999972715,bearish,-7.999999999994543,bearish
2026-07-16,1,2026-07-15,2026-07-16,372.36,367.44,-4.920000000000016,-246.0000000000008,bearish,-494.0000000000016,bearish
2026-07-17,1,2026-07-16,2026-07-17,364.96999999999997,364.1,-0.8699999999999477,-43.499999999997385,bearish,-88.99999999999477,bearish
2026-07-20,1,2026-07-17,2026-07-20,368.42,367.78000000000003,-0.6399999999999864,-31.999999999999318,bearish,-65.99999999999864,bearish
2026-07-21,1,2026-07-20,2026-07-21,367.61,371.69,4.079999999999984,203.9999999999992,bearish,405.9999999999984,bearish
2026-07-22,1,2026-07-21,2026-07-22,374.82,379.06,4.240000000000009,212.00000000000045,bearish,422.0000000000009,bearish
2026-07-23,1,2026-07-22,2026-07-23,379.13,372.26,-6.8700000000000045,-343.5000000000002,bearish,-689.0000000000005,bearish
2026-07-24,1,2026-07-23,2026-07-24,371.53,371.25,-0.2799999999999727,-13.999999999998636,bearish,-29.99999999999727,bearish
2026-07-27,1,2026-07-24,2026-07-27,371.90999999999997,373.88,1.9700000000000273,98.50000000000136,bearish,195.00000000000273,bearish
2026-07-28,1,2026-07-27,2026-07-28,374.64,369.56,-5.079999999999984,-253.9999999999992,bearish,-509.9999999999984,bearish
2026-07-29,1,2026-07-28,2026-07-29,369.38,368.28000000000003,-1.099999999999966,-54.999999999998295,bearish,-111.99999999999659,bearish
2026-07-30,1,2026-07-29,2026-07-30,371.09,374.15000000000003,3.060000000000059,153.00000000000296,bearish,304.0000000000059,bearish
2026-07-31,1,2026-07-30,2026-07-31,377.17,370.83,-6.340000000000032,-317.0000000000016,bearish,-636.0000000000032,bearish
2026-08-03,1,2026-07-31,2026-08-03,371.55,370.03000000000003,-1.5199999999999818,-75.99999999999909,bearish,-153.99999999999818,bearish
2026-08-04,1,2026-08-03,2026-08-04,371.71999999999997,374.13,2.410000000000025,120.50000000000125,bearish,239.0000000000025,bearish
2026-08-05,1,2026-08-04,2026-08-05,374.17,384.95,10.779999999999973,538.9999999999986,bearish,1075.9999999999973,bearish
