date,side,entry_time,exit_time,entry,exit,pts,risk_pts,r_mult,pnl,reason,or_width,volume_ratio
2025-09-08,-1,2025-09-08 10:20:00-04:00,2025-09-08 10:25:00-04:00,6550.75,6558.75,-8.0,7.75,-1.032258064516129,-41.7,stop,10.5,0.5069075451647184
2025-09-09,-1,2025-09-09 10:35:00-04:00,2025-09-09 12:15:00-04:00,6547.75,6562.75,-15.0,14.75,-1.0169491525423728,-76.7,stop,9.5,2.16142735768904
2025-09-10,1,2025-09-10 10:05:00-04:00,2025-09-10 10:50:00-04:00,6613.25,6604.5,-8.75,8.5,-1.0294117647058822,-45.45,stop,11.5,0.9759036144578312
2025-09-11,1,2025-09-11 10:05:00-04:00,2025-09-11 15:55:00-04:00,6628.75,6646.75,18.0,12.0,1.5,88.3,time,20.5,1.0218781555031975
2025-09-12,1,2025-09-12 10:10:00-04:00,2025-09-12 10:10:00-04:00,6651.5,6645.125,-6.375,6.125,-1.0408163265306123,-33.575,stop,9.25,0.8997549565604811
2025-09-15,1,2025-09-15 10:45:00-04:00,2025-09-15 12:55:00-04:00,6679.5,6671.0,-8.5,8.25,-1.0303030303030303,-44.2,stop,12.5,0.553430305806895
2025-09-16,-1,2025-09-16 10:05:00-04:00,2025-09-16 15:55:00-04:00,6669.75,6668.5,1.25,9.5,0.13157894736842105,4.55,time,18.0,1.0066350710900474
2025-09-17,-1,2025-09-17 10:05:00-04:00,2025-09-17 14:00:00-04:00,6664.0,6670.625,-6.625,6.375,-1.0392156862745099,-34.825,stop,10.75,1.0858829162473005
2025-09-18,1,2025-09-18 10:05:00-04:00,2025-09-18 15:55:00-04:00,6696.0,6692.0,-4.0,14.75,-0.2711864406779661,-21.7,time,22.0,0.7311351668964271
2025-09-19,-1,2025-09-19 10:50:00-04:00,2025-09-19 12:00:00-04:00,6696.25,6704.375,-8.125,7.875,-1.0317460317460319,-42.325,stop,14.75,1.612029558343358
2025-09-22,1,2025-09-22 10:10:00-04:00,2025-09-22 15:55:00-04:00,6721.0,6751.25,30.25,8.375,3.611940298507463,149.55,time,13.75,0.7370610170880629
2025-09-23,-1,2025-09-23 10:25:00-04:00,2025-09-23 15:55:00-04:00,6747.0,6716.0,31.0,5.5,5.636363636363637,153.3,time,8.0,0.8293693034395583
2025-09-24,-1,2025-09-24 11:35:00-04:00,2025-09-24 15:55:00-04:00,6703.5,6692.5,11.0,13.75,0.8,53.3,time,22.5,1.2626778834814059
2025-09-25,1,2025-09-25 10:15:00-04:00,2025-09-25 13:35:00-04:00,6661.25,6645.5,-15.75,15.5,-1.0161290322580645,-80.45,stop,29.0,0.9146145900736697
2025-09-26,-1,2025-09-26 10:25:00-04:00,2025-09-26 12:20:00-04:00,6666.5,6683.125,-16.625,16.375,-1.015267175572519,-84.825,stop,30.75,0.7931119192309706
2025-09-29,1,2025-09-29 10:10:00-04:00,2025-09-29 10:15:00-04:00,6730.0,6720.75,-9.25,9.0,-1.0277777777777777,-47.95,stop,10.5,1.1161367101788835
2025-09-30,-1,2025-09-30 10:40:00-04:00,2025-09-30 10:45:00-04:00,6694.75,6703.625,-8.875,8.625,-1.0289855072463767,-46.075,stop,13.25,1.4861271879055737
2025-10-01,1,2025-10-01 10:30:00-04:00,2025-10-01 15:55:00-04:00,6730.5,6760.25,29.75,13.375,2.2242990654205608,147.05,time,23.75,0.6099490537532943
2025-10-02,-1,2025-10-02 10:15:00-04:00,2025-10-02 14:30:00-04:00,6760.0,6771.125,-11.125,10.875,-1.0229885057471264,-57.325,stop,18.75,1.0589169693892166
2025-10-03,1,2025-10-03 10:35:00-04:00,2025-10-03 13:00:00-04:00,6789.25,6779.625,-9.625,9.375,-1.0266666666666666,-49.825,stop,17.25,0.884404018493568
2025-10-06,-1,2025-10-06 10:10:00-04:00,2025-10-06 10:35:00-04:00,6767.75,6780.125,-12.375,12.125,-1.0206185567010309,-63.575,stop,17.75,0.5833717501225678
2025-10-07,-1,2025-10-07 10:05:00-04:00,2025-10-07 15:55:00-04:00,6789.5,6763.0,26.5,7.625,3.4754098360655736,130.8,time,9.25,1.249041558043245
2025-10-08,1,2025-10-08 10:05:00-04:00,2025-10-08 15:55:00-04:00,6784.0,6801.5,17.5,13.5,1.2962962962962963,85.8,time,12.0,1.6659682087966707
2025-10-09,-1,2025-10-09 10:25:00-04:00,2025-10-09 15:55:00-04:00,6784.5,6781.25,3.25,12.875,0.2524271844660194,14.55,time,24.25,0.9252066159318563
2025-10-10,-1,2025-10-10 11:00:00-04:00,2025-10-10 15:55:00-04:00,6757.25,6595.5,161.75,38.625,4.1877022653721685,807.05,time,21.25,5.183532737152465
2025-10-13,1,2025-10-13 10:05:00-04:00,2025-10-13 10:20:00-04:00,6695.5,6678.0,-17.5,17.25,-1.0144927536231885,-89.2,stop,33.0,0.868299928980738
2025-10-14,1,2025-10-14 10:05:00-04:00,2025-10-14 15:55:00-04:00,6638.25,6685.75,47.5,23.25,2.043010752688172,235.8,time,43.0,0.6204839597351182
2025-10-15,1,2025-10-15 10:05:00-04:00,2025-10-15 11:30:00-04:00,6754.0,6736.625,-17.375,17.125,-1.0145985401459854,-88.575,stop,25.75,0.7161041733247306
2025-10-16,-1,2025-10-16 10:15:00-04:00,2025-10-16 10:20:00-04:00,6721.0,6734.5,-13.5,13.25,-1.0188679245283019,-69.2,stop,20.0,1.085436962422403
2025-10-17,1,2025-10-17 10:15:00-04:00,2025-10-17 10:35:00-04:00,6691.5,6662.75,-28.75,28.5,-1.0087719298245614,-145.45,stop,43.0,0.9555790823553971
2025-10-20,1,2025-10-20 10:10:00-04:00,2025-10-20 15:55:00-04:00,6757.75,6773.0,15.25,13.875,1.0990990990990992,74.55,time,21.75,0.6842741475652868
2025-10-21,1,2025-10-21 10:55:00-04:00,2025-10-21 13:00:00-04:00,6780.75,6769.125,-11.625,11.375,-1.021978021978022,-59.825,stop,16.25,0.7609839918626126
2025-10-22,-1,2025-10-22 10:25:00-04:00,2025-10-22 15:55:00-04:00,6763.0,6737.25,25.75,8.25,3.121212121212121,127.05,time,16.0,1.1743774561237723
2025-10-23,1,2025-10-23 12:15:00-04:00,2025-10-23 15:55:00-04:00,6769.0,6774.25,5.25,18.0,0.2916666666666667,24.55,time,30.0,0.5492144581685854
2025-10-24,1,2025-10-24 11:25:00-04:00,2025-10-24 15:55:00-04:00,6840.0,6823.375,-16.625,16.375,-1.015267175572519,-84.825,stop,22.25,1.0224855891789364
2025-10-27,1,2025-10-27 10:05:00-04:00,2025-10-27 10:15:00-04:00,6890.0,6882.375,-7.625,7.375,-1.0338983050847457,-39.825,stop,11.75,1.0516270566727606
2025-10-28,-1,2025-10-28 11:45:00-04:00,2025-10-28 12:25:00-04:00,6906.0,6917.375,-11.375,11.125,-1.0224719101123596,-58.575,stop,20.75,1.068120793461161
2025-10-29,-1,2025-10-29 10:50:00-04:00,2025-10-29 14:00:00-04:00,6935.5,6944.375,-8.875,8.625,-1.0289855072463767,-46.075,stop,15.75,0.8916011900221222
2025-10-30,-1,2025-10-30 15:25:00-04:00,2025-10-30 15:55:00-04:00,6863.75,6854.0,9.75,25.5,0.38235294117647056,47.05,time,43.0,2.0135963232477976
2025-10-31,-1,2025-10-31 10:05:00-04:00,2025-10-31 10:35:00-04:00,6877.75,6891.5,-13.75,13.5,-1.0185185185185186,-70.45,stop,22.5,0.9916136343823556
2025-11-03,-1,2025-11-03 10:05:00-05:00,2025-11-03 13:05:00-05:00,6871.25,6891.125,-19.875,19.625,-1.0127388535031847,-101.075,stop,37.25,0.9768369410531047
2025-11-04,1,2025-11-04 10:05:00-05:00,2025-11-04 12:15:00-05:00,6839.75,6816.5,-23.25,23.0,-1.0108695652173914,-117.95,stop,42.0,0.5215732813427143
2025-11-05,1,2025-11-05 10:10:00-05:00,2025-11-05 15:55:00-05:00,6825.25,6824.0,-1.25,18.125,-0.06896551724137931,-7.95,time,34.75,1.0025816386611712
2025-11-06,-1,2025-11-06 10:05:00-05:00,2025-11-06 15:55:00-05:00,6772.25,6750.5,21.75,32.375,0.6718146718146718,107.05,time,33.25,1.5106860942141744
2025-11-07,-1,2025-11-07 10:45:00-05:00,2025-11-07 14:00:00-05:00,6685.75,6705.75,-20.0,19.75,-1.0126582278481013,-101.7,stop,36.5,0.6640906923604036
2025-11-10,-1,2025-11-10 10:55:00-05:00,2025-11-10 12:35:00-05:00,6811.5,6824.625,-13.125,12.875,-1.0194174757281553,-67.325,stop,22.25,2.0533686778643143
2025-11-11,-1,2025-11-11 10:20:00-05:00,2025-11-11 11:15:00-05:00,6832.0,6845.0,-13.0,12.75,-1.0196078431372548,-66.7,stop,14.5,0.9981907279058951
2025-11-12,-1,2025-11-12 10:20:00-05:00,2025-11-12 13:40:00-05:00,6873.5,6883.375,-9.875,9.625,-1.025974025974026,-51.075,stop,18.75,0.7815233195392014
2025-11-13,-1,2025-11-13 10:45:00-05:00,2025-11-13 15:55:00-05:00,6813.5,6762.25,51.25,19.5,2.628205128205128,254.55,time,32.5,0.7898109098347341
2025-11-14,1,2025-11-14 10:30:00-05:00,2025-11-14 15:55:00-05:00,6736.75,6758.0,21.25,38.125,0.5573770491803278,104.55,time,56.25,0.9730509244761929
2025-11-17,-1,2025-11-17 11:15:00-05:00,2025-11-17 11:35:00-05:00,6723.75,6750.875,-27.125,26.875,-1.0093023255813953,-137.325,stop,48.25,0.9047735502244382
2025-11-18,-1,2025-11-18 10:05:00-05:00,2025-11-18 11:25:00-05:00,6605.5,6650.5,-45.0,44.75,-1.005586592178771,-226.7,stop,57.5,1.0455024929234364
2025-11-19,1,2025-11-19 10:05:00-05:00,2025-11-19 10:55:00-05:00,6697.25,6664.5,-32.75,32.5,-1.0076923076923077,-165.45,stop,58.0,0.9781193060286778
2025-11-20,1,2025-11-20 10:40:00-05:00,2025-11-20 10:50:00-05:00,6788.75,6772.75,-16.0,15.75,-1.0158730158730158,-81.7,stop,26.0,0.6599343082352863
2025-11-21,-1,2025-11-21 10:30:00-05:00,2025-11-21 11:20:00-05:00,6561.5,6579.75,-18.25,18.0,-1.0138888888888888,-92.95,stop,33.5,1.04218187576168
2025-11-24,1,2025-11-24 10:35:00-05:00,2025-11-24 15:55:00-05:00,6691.0,6718.25,27.25,24.25,1.1237113402061856,134.55,time,40.0,0.6651858418286583
2025-11-25,1,2025-11-25 10:45:00-05:00,2025-11-25 15:55:00-05:00,6734.75,6779.75,45.0,32.5,1.3846153846153846,223.3,time,55.5,0.6401893380015844
2025-11-26,1,2025-11-26 11:00:00-05:00,2025-11-26 15:55:00-05:00,6825.0,6825.25,0.25,13.125,0.01904761904761905,-0.44999999999999996,time,23.75,0.7887507663409989
2025-12-01,1,2025-12-01 11:45:00-05:00,2025-12-01 14:30:00-05:00,6846.5,6828.25,-18.25,18.0,-1.0138888888888888,-92.95,stop,31.5,1.2725990584916809
2025-12-02,1,2025-12-02 10:05:00-05:00,2025-12-02 10:25:00-05:00,6855.75,6846.875,-8.875,8.625,-1.0289855072463767,-46.075,stop,14.75,0.9855655518468578
2025-12-03,1,2025-12-03 10:05:00-05:00,2025-12-03 15:55:00-05:00,6846.0,6862.25,16.25,16.5,0.9848484848484849,79.55,time,18.5,0.9267617013908929
2025-12-04,-1,2025-12-04 11:05:00-05:00,2025-12-04 11:50:00-05:00,6849.25,6863.875,-14.625,14.375,-1.017391304347826,-74.825,stop,26.75,0.9253897230020409
2025-12-05,1,2025-12-05 10:05:00-05:00,2025-12-05 11:10:00-05:00,6897.25,6882.375,-14.875,14.625,-1.017094017094017,-76.075,stop,17.25,0.9908497718100554
2025-12-08,-1,2025-12-08 10:15:00-05:00,2025-12-08 15:55:00-05:00,6868.5,6856.75,11.75,9.25,1.2702702702702702,57.05,time,17.0,0.678770235449163
2025-12-09,1,2025-12-09 11:05:00-05:00,2025-12-09 12:45:00-05:00,6865.5,6855.625,-9.875,9.625,-1.025974025974026,-51.075,stop,17.25,1.077550400162091
2025-12-10,1,2025-12-10 11:20:00-05:00,2025-12-10 15:55:00-05:00,6854.25,6892.0,37.75,13.25,2.849056603773585,187.05,time,20.5,1.2033193041860908
2025-12-11,1,2025-12-11 10:25:00-05:00,2025-12-11 10:50:00-05:00,6881.75,6856.875,-24.875,24.625,-1.0101522842639594,-126.075,stop,35.75,0.7781201848998459
2025-12-12,-1,2025-12-12 10:05:00-05:00,2025-12-12 15:55:00-05:00,6881.0,6831.25,49.75,13.375,3.7196261682242993,247.05,time,17.25,1.103011706008772
2025-12-15,-1,2025-12-15 10:05:00-05:00,2025-12-15 15:55:00-05:00,6887.0,6879.25,7.75,26.5,0.29245283018867924,37.05,time,36.0,1.2881683135920423
2025-12-16,-1,2025-12-16 10:25:00-05:00,2025-12-16 10:55:00-05:00,6841.25,6862.75,-21.5,21.25,-1.011764705882353,-109.2,stop,34.0,0.9256487025948104
2025-12-17,-1,2025-12-17 10:40:00-05:00,2025-12-17 15:55:00-05:00,6833.75,6777.0,56.75,22.5,2.522222222222222,282.05,time,30.0,1.4702550858592724
2025-12-18,1,2025-12-18 10:30:00-05:00,2025-12-18 12:05:00-05:00,6854.5,6835.125,-19.375,19.125,-1.0130718954248366,-98.575,stop,29.75,0.8933052197151247
2025-12-19,1,2025-12-19 10:05:00-05:00,2025-12-19 15:55:00-05:00,6884.0,6888.5,4.5,20.375,0.22085889570552147,20.8,time,35.75,0.7986019110973307
2025-12-22,-1,2025-12-22 10:40:00-05:00,2025-12-22 10:40:00-05:00,6910.5,6920.0,-9.5,9.25,-1.027027027027027,-49.2,stop,16.0,1.2702439024390244
2025-12-23,1,2025-12-23 11:00:00-05:00,2025-12-23 15:55:00-05:00,6945.0,6960.0,15.0,13.875,1.0810810810810811,73.3,time,24.75,0.7831797377323662
2025-12-26,-1,2025-12-26 10:15:00-05:00,2025-12-26 10:30:00-05:00,6975.5,6986.875,-11.375,11.125,-1.0224719101123596,-58.575,stop,14.75,0.865703182363581
2025-12-29,-1,2025-12-29 10:10:00-05:00,2025-12-29 10:35:00-05:00,6946.25,6957.875,-11.625,11.375,-1.021978021978022,-59.825,stop,20.25,0.9412012318053924
2025-12-30,-1,2025-12-30 10:35:00-05:00,2025-12-30 10:55:00-05:00,6943.0,6952.625,-9.625,9.375,-1.0266666666666666,-49.825,stop,16.75,0.48775446678702605
2025-12-31,-1,2025-12-31 10:20:00-05:00,2025-12-31 15:55:00-05:00,6923.5,6892.0,31.5,12.875,2.4466019417475726,155.8,time,22.25,0.9083841763432394
2026-01-02,-1,2026-01-02 10:20:00-05:00,2026-01-02 15:55:00-05:00,6908.25,6900.5,7.75,17.125,0.45255474452554745,37.05,time,27.75,1.2553005565009427
2026-01-05,1,2026-01-05 10:20:00-05:00,2026-01-05 15:55:00-05:00,6948.0,6939.875,-8.125,7.875,-1.0317460317460319,-42.325,stop,15.25,0.5673255261985974
2026-01-06,1,2026-01-06 10:10:00-05:00,2026-01-06 10:50:00-05:00,6970.75,6957.375,-13.375,13.125,-1.019047619047619,-68.575,stop,24.75,0.6325742797889161
2026-01-07,-1,2026-01-07 10:15:00-05:00,2026-01-07 10:35:00-05:00,6983.0,6991.375,-8.375,8.125,-1.0307692307692307,-43.575,stop,14.25,0.7511893737496553
2026-01-08,1,2026-01-08 10:10:00-05:00,2026-01-08 14:15:00-05:00,6964.0,6949.0,-15.0,14.75,-1.0169491525423728,-76.7,stop,18.5,1.1133501380617479
2026-01-09,-1,2026-01-09 10:10:00-05:00,2026-01-09 10:15:00-05:00,6959.75,6978.25,-18.5,18.25,-1.0136986301369864,-94.2,stop,19.0,1.383009541184882
2026-01-12,1,2026-01-12 11:00:00-05:00,2026-01-12 15:55:00-05:00,7003.25,7015.75,12.5,17.625,0.7092198581560284,60.8,time,34.25,1.029275360208517
2026-01-13,-1,2026-01-13 10:05:00-05:00,2026-01-13 11:55:00-05:00,7000.5,7014.875,-14.375,14.125,-1.0176991150442478,-73.575,stop,19.25,1.486473639894614
2026-01-14,-1,2026-01-14 10:05:00-05:00,2026-01-14 10:10:00-05:00,6944.5,6962.75,-18.25,18.0,-1.0138888888888888,-92.95,stop,34.0,0.9964921836701346
2026-01-15,1,2026-01-15 11:05:00-05:00,2026-01-15 12:55:00-05:00,7011.25,7001.875,-9.375,9.125,-1.0273972602739727,-48.575,stop,15.25,0.9119577419520126
2026-01-16,-1,2026-01-16 10:20:00-05:00,2026-01-16 11:30:00-05:00,6975.5,6990.625,-15.125,14.875,-1.0168067226890756,-77.325,stop,23.25,0.9711420161654545
2026-01-20,-1,2026-01-20 10:10:00-05:00,2026-01-20 10:20:00-05:00,6867.75,6880.0,-12.25,12.0,-1.0208333333333333,-62.95,stop,21.5,0.7739769858168406
2026-01-21,1,2026-01-21 10:20:00-05:00,2026-01-21 11:50:00-05:00,6884.25,6864.125,-20.125,19.875,-1.0125786163522013,-102.325,stop,37.75,1.1179896550319717
2026-01-22,-1,2026-01-22 10:05:00-05:00,2026-01-22 10:35:00-05:00,6929.5,6947.25,-17.75,17.5,-1.0142857142857142,-90.45,stop,33.5,0.875283288588264
2026-01-23,1,2026-01-23 10:05:00-05:00,2026-01-23 12:50:00-05:00,6947.0,6933.5,-13.5,13.25,-1.0188679245283019,-69.2,stop,17.5,1.0875062201662398
2026-01-26,1,2026-01-26 10:20:00-05:00,2026-01-26 15:55:00-05:00,6984.75,6980.25,-4.5,18.75,-0.24,-24.2,time,28.0,0.9571880068199775
2026-01-27,1,2026-01-27 10:40:00-05:00,2026-01-27 15:55:00-05:00,7008.5,7008.5,0.0,10.5,0.0,-1.7,time,19.5,1.0964742698641563
2026-01-28,-1,2026-01-28 10:10:00-05:00,2026-01-28 15:55:00-05:00,7018.0,7006.75,11.25,7.75,1.4516129032258065,54.55,time,11.0,1.088105374667706
2026-01-29,-1,2026-01-29 10:05:00-05:00,2026-01-29 15:55:00-05:00,6954.25,6993.875,-39.625,39.375,-1.0063492063492063,-199.825,stop,56.25,1.3652300426932527
2026-01-30,-1,2026-01-30 11:20:00-05:00,2026-01-30 14:05:00-05:00,6958.5,6973.125,-14.625,14.375,-1.017391304347826,-74.825,stop,25.25,0.8744454384459497
2026-02-02,1,2026-02-02 10:10:00-05:00,2026-02-02 15:55:00-05:00,6993.25,7002.75,9.5,29.25,0.3247863247863248,45.8,time,45.0,0.8447437091042604
2026-02-03,-1,2026-02-03 10:05:00-05:00,2026-02-03 15:55:00-05:00,6975.0,6941.25,33.75,23.5,1.4361702127659575,167.05,time,37.0,1.5118888573544782
2026-02-04,-1,2026-02-04 10:05:00-05:00,2026-02-04 10:20:00-05:00,6918.0,6942.375,-24.375,24.125,-1.0103626943005182,-123.575,stop,36.75,1.3110986096600497
2026-02-05,-1,2026-02-05 10:15:00-05:00,2026-02-05 11:55:00-05:00,6811.75,6856.625,-44.875,44.625,-1.0056022408963585,-226.075,stop,50.25,0.9449396198587364
2026-02-06,1,2026-02-06 11:05:00-05:00,2026-02-06 15:55:00-05:00,6911.5,6948.5,37.0,32.875,1.1254752851711027,183.3,time,57.25,0.7798677725248497
2026-02-09,1,2026-02-09 10:15:00-05:00,2026-02-09 15:55:00-05:00,6959.5,6980.0,20.5,18.5,1.1081081081081081,100.8,time,33.5,0.5404593033986342
2026-02-10,-1,2026-02-10 13:30:00-05:00,2026-02-10 15:55:00-05:00,6974.5,6961.5,13.0,14.75,0.8813559322033898,63.3,time,28.5,1.7225785010031882
2026-02-11,-1,2026-02-11 10:05:00-05:00,2026-02-11 15:55:00-05:00,6976.5,6959.25,17.25,18.0,0.9583333333333334,84.55,time,34.0,1.0545395875866435
2026-02-12,-1,2026-02-12 10:35:00-05:00,2026-02-12 15:55:00-05:00,6958.0,6850.75,107.25,19.375,5.535483870967742,534.55,time,30.75,0.8238434360774846
2026-02-13,1,2026-02-13 10:30:00-05:00,2026-02-13 15:35:00-05:00,6864.5,6835.875,-28.625,28.375,-1.0088105726872247,-144.825,stop,53.75,0.6651334236476482
2026-02-17,-1,2026-02-17 10:35:00-05:00,2026-02-17 11:00:00-05:00,6794.25,6830.25,-36.0,35.75,-1.006993006993007,-181.7,stop,63.5,0.7801311591634172
2026-02-18,1,2026-02-18 10:05:00-05:00,2026-02-18 14:55:00-05:00,6910.25,6879.25,-31.0,30.75,-1.008130081300813,-156.7,stop,36.5,1.0349669787196192
2026-02-19,-1,2026-02-19 13:05:00-05:00,2026-02-19 15:55:00-05:00,6852.75,6874.0,-21.25,21.0,-1.0119047619047619,-107.95,stop,34.0,0.7841146333865762
2026-02-20,1,2026-02-20 10:05:00-05:00,2026-02-20 15:55:00-05:00,6900.25,6924.25,24.0,34.625,0.6931407942238267,118.3,time,36.75,2.1978419298344725
2026-02-23,-1,2026-02-23 10:05:00-05:00,2026-02-23 15:55:00-05:00,6882.0,6854.25,27.75,29.375,0.9446808510638298,137.05,time,38.25,1.1267319725864122
2026-02-24,1,2026-02-24 10:30:00-05:00,2026-02-24 15:55:00-05:00,6892.75,6902.75,10.0,36.625,0.27303754266211605,48.3,time,55.25,0.9614218992219082
2026-02-25,1,2026-02-25 11:50:00-05:00,2026-02-25 15:55:00-05:00,6951.5,6959.25,7.75,12.125,0.6391752577319587,37.05,time,19.25,1.1496025755288384
2026-02-26,-1,2026-02-26 10:05:00-05:00,2026-02-26 15:55:00-05:00,6930.75,6921.75,9.0,15.625,0.576,43.3,time,29.25,1.17736586307119
2026-02-27,1,2026-02-27 10:10:00-05:00,2026-02-27 15:55:00-05:00,6872.5,6888.0,15.5,17.875,0.8671328671328671,75.8,time,26.25,0.8533575997644729
2026-03-02,1,2026-03-02 10:05:00-05:00,2026-03-02 15:55:00-05:00,6867.25,6887.0,19.75,36.125,0.5467128027681661,97.05,time,53.75,1.1094346799372394
2026-03-03,-1,2026-03-03 10:20:00-05:00,2026-03-03 11:05:00-05:00,6732.5,6767.75,-35.25,35.0,-1.0071428571428571,-177.95,stop,53.0,0.8096353019823782
2026-03-04,1,2026-03-04 10:20:00-05:00,2026-03-04 15:55:00-05:00,6867.75,6873.0,5.25,29.5,0.17796610169491525,24.55,time,39.5,0.8219629012622541
2026-03-05,-1,2026-03-05 10:25:00-05:00,2026-03-05 15:55:00-05:00,6831.5,6835.25,-3.75,25.0,-0.15,-20.45,time,33.0,1.239312452203481
2026-03-06,1,2026-03-06 10:30:00-05:00,2026-03-06 15:30:00-05:00,6760.0,6737.0,-23.0,22.75,-1.010989010989011,-116.7,stop,44.0,0.6814328172865772
2026-03-09,1,2026-03-09 10:55:00-04:00,2026-03-09 15:55:00-04:00,6699.5,6801.25,101.75,30.375,3.3497942386831276,507.05,time,49.75,0.7915439109411897
2026-03-10,-1,2026-03-10 10:10:00-04:00,2026-03-10 10:20:00-04:00,6766.25,6789.25,-23.0,22.75,-1.010989010989011,-116.7,stop,34.0,1.0014864983028482
2026-03-11,-1,2026-03-11 10:25:00-04:00,2026-03-11 10:40:00-04:00,6777.75,6790.375,-12.625,12.375,-1.02020202020202,-64.825,stop,23.75,0.7683617118528592
2026-03-12,-1,2026-03-12 10:30:00-04:00,2026-03-12 10:45:00-04:00,6696.0,6714.75,-18.75,18.5,-1.0135135135135136,-95.45,stop,35.0,0.8331066011924931
2026-03-13,-1,2026-03-13 10:15:00-04:00,2026-03-13 15:55:00-04:00,6702.25,6637.25,65.0,18.25,3.5616438356164384,323.3,time,34.0,0.8070053999337569
2026-03-16,1,2026-03-16 10:25:00-04:00,2026-03-16 10:30:00-04:00,6774.5,6756.5,-18.0,17.75,-1.0140845070422535,-91.7,stop,32.5,0.6811009126055282
2026-03-17,-1,2026-03-17 11:10:00-04:00,2026-03-17 15:55:00-04:00,6781.75,6772.25,9.5,14.125,0.672566371681416,45.8,time,25.25,1.0500650411927555
2026-03-18,-1,2026-03-18 10:15:00-04:00,2026-03-18 15:55:00-04:00,6734.0,6677.25,56.75,16.75,3.388059701492537,282.05,time,18.0,1.0187018476153349
2026-03-19,1,2026-03-19 11:15:00-04:00,2026-03-19 11:30:00-04:00,6654.75,6630.625,-24.125,23.875,-1.0104712041884816,-122.325,stop,38.75,0.7407073247600744
2026-03-20,-1,2026-03-20 10:10:00-04:00,2026-03-20 15:55:00-04:00,6604.5,6562.75,41.75,19.875,2.10062893081761,207.05,time,37.75,0.914819887027403
2026-03-23,1,2026-03-23 10:20:00-04:00,2026-03-23 11:45:00-04:00,6690.25,6659.25,-31.0,30.75,-1.008130081300813,-156.7,stop,42.5,0.6974963445604494
2026-03-24,1,2026-03-24 10:10:00-04:00,2026-03-24 15:55:00-04:00,6609.75,6606.75,-3.0,19.875,-0.1509433962264151,-16.7,time,32.75,1.1307106386540553
2026-03-25,-1,2026-03-25 11:20:00-04:00,2026-03-25 13:35:00-04:00,6625.5,6662.0,-36.5,36.25,-1.006896551724138,-184.2,stop,46.0,2.6424870466321244
2026-03-26,-1,2026-03-26 12:25:00-04:00,2026-03-26 15:55:00-04:00,6575.5,6523.25,52.25,24.375,2.1435897435897435,259.55,time,39.75,1.354029160053989
2026-03-27,-1,2026-03-27 12:40:00-04:00,2026-03-27 15:55:00-04:00,6451.25,6407.5,43.75,23.625,1.8518518518518519,217.05,time,41.75,1.1652942801878972
2026-03-30,-1,2026-03-30 13:15:00-04:00,2026-03-30 15:55:00-04:00,6412.25,6388.0,24.25,29.875,0.8117154811715481,119.55,time,57.75,1.2306181246726036
2026-03-31,1,2026-03-31 12:40:00-04:00,2026-03-31 15:55:00-04:00,6517.0,6568.75,51.75,44.25,1.1694915254237288,257.05,time,44.5,2.890963278530067
2026-04-01,1,2026-04-01 10:50:00-04:00,2026-04-01 14:15:00-04:00,6630.5,6612.75,-17.75,17.5,-1.0142857142857142,-90.45,stop,31.0,0.7846074520339765
2026-04-02,1,2026-04-02 10:20:00-04:00,2026-04-02 15:55:00-04:00,6567.25,6623.0,55.75,28.75,1.9391304347826086,277.05,time,48.5,0.7916322781608583
2026-04-06,1,2026-04-06 10:25:00-04:00,2026-04-06 10:35:00-04:00,6651.0,6633.25,-17.75,17.5,-1.0142857142857142,-90.45,stop,31.5,0.7256077740329506
2026-04-07,-1,2026-04-07 10:05:00-04:00,2026-04-07 12:00:00-04:00,6597.0,6621.0,-24.0,23.75,-1.0105263157894737,-121.7,stop,37.0,1.0830403140076867
2026-04-08,-1,2026-04-08 10:35:00-04:00,2026-04-08 12:00:00-04:00,6802.5,6821.125,-18.625,18.375,-1.0136054421768708,-94.825,stop,31.75,1.1136749531977883
2026-04-09,-1,2026-04-09 10:20:00-04:00,2026-04-09 10:50:00-04:00,6808.0,6815.5,-7.5,7.25,-1.0344827586206897,-39.2,stop,13.0,1.186116810119821
2026-04-10,1,2026-04-10 11:25:00-04:00,2026-04-10 11:30:00-04:00,6882.25,6872.375,-9.875,9.625,-1.025974025974026,-51.075,stop,17.75,0.9193860718640178
2026-04-13,1,2026-04-13 10:35:00-04:00,2026-04-13 15:55:00-04:00,6859.25,6921.25,62.0,16.625,3.7293233082706765,308.3,time,32.25,0.5707979203179655
2026-04-14,1,2026-04-14 10:10:00-04:00,2026-04-14 15:55:00-04:00,6966.0,7006.0,40.0,16.5,2.4242424242424243,198.3,time,23.5,1.0653591160220994
2026-04-15,1,2026-04-15 10:25:00-04:00,2026-04-15 15:55:00-04:00,7028.25,7059.75,31.5,14.0,2.25,155.8,time,21.0,1.0693637162547602
2026-04-16,1,2026-04-16 11:15:00-04:00,2026-04-16 13:15:00-04:00,7076.0,7059.75,-16.25,16.0,-1.015625,-82.95,stop,27.5,0.9972036629880249
2026-04-17,1,2026-04-17 10:05:00-04:00,2026-04-17 15:55:00-04:00,7149.25,7161.0,11.75,18.875,0.6225165562913907,57.05,time,26.75,0.7105969817387784
2026-04-20,-1,2026-04-20 10:45:00-04:00,2026-04-20 15:55:00-04:00,7141.25,7148.5,-7.25,9.625,-0.7532467532467533,-37.95,time,17.25,1.3077630740924209
2026-04-21,1,2026-04-21 10:10:00-04:00,2026-04-21 10:35:00-04:00,7170.25,7157.5,-12.75,12.5,-1.02,-65.45,stop,21.5,0.6647778177669212
2026-04-22,1,2026-04-22 10:10:00-04:00,2026-04-22 12:30:00-04:00,7154.5,7146.625,-7.875,7.625,-1.0327868852459017,-41.075,stop,13.75,1.267868416113566
2026-04-23,1,2026-04-23 10:55:00-04:00,2026-04-23 12:05:00-04:00,7172.75,7160.0,-12.75,12.5,-1.02,-65.45,stop,21.5,0.7656080260719534
2026-04-24,1,2026-04-24 10:50:00-04:00,2026-04-24 15:55:00-04:00,7167.25,7194.5,27.25,11.375,2.3956043956043955,134.55,time,21.75,1.0215057375829684
2026-04-27,1,2026-04-27 13:30:00-04:00,2026-04-27 15:55:00-04:00,7201.25,7206.75,5.5,12.625,0.43564356435643564,25.8,time,19.75,1.2582944055609584
2026-04-28,-1,2026-04-28 10:40:00-04:00,2026-04-28 15:05:00-04:00,7154.25,7172.5,-18.25,18.0,-1.0138888888888888,-92.95,stop,21.5,2.0382183031157597
2026-04-29,1,2026-04-29 10:25:00-04:00,2026-04-29 11:10:00-04:00,7167.25,7157.0,-10.25,10.0,-1.025,-52.95,stop,15.5,0.6045350061937348
2026-04-30,1,2026-04-30 11:55:00-04:00,2026-04-30 15:55:00-04:00,7201.0,7237.75,36.75,20.75,1.7710843373493976,182.05,time,40.5,0.8790804133852061
2026-05-01,1,2026-05-01 10:05:00-04:00,2026-05-01 10:35:00-04:00,7295.75,7275.75,-20.0,19.75,-1.0126582278481013,-101.7,stop,34.0,0.7174844581083103
2026-05-04,1,2026-05-04 10:15:00-04:00,2026-05-04 11:10:00-04:00,7259.75,7249.75,-10.0,9.75,-1.0256410256410255,-51.7,stop,15.5,1.2307029392023467
2026-05-05,1,2026-05-05 10:10:00-04:00,2026-05-05 10:10:00-04:00,7281.75,7270.5,-11.25,11.0,-1.0227272727272727,-57.95,stop,13.0,0.8793048779240439
2026-05-06,1,2026-05-06 10:15:00-04:00,2026-05-06 15:55:00-04:00,7350.5,7386.5,36.0,13.125,2.742857142857143,178.3,time,20.25,0.8076868656985194
2026-05-07,1,2026-05-07 10:50:00-04:00,2026-05-07 11:25:00-04:00,7400.75,7391.75,-9.0,8.75,-1.0285714285714285,-46.7,stop,16.5,0.9532665382008018
2026-05-08,1,2026-05-08 10:25:00-04:00,2026-05-08 15:55:00-04:00,7419.75,7420.75,1.0,15.125,0.06611570247933884,3.3,time,25.25,0.9453993933265925
2026-05-11,1,2026-05-11 10:20:00-04:00,2026-05-11 10:30:00-04:00,7441.0,7423.5,-17.5,17.25,-1.0144927536231885,-89.2,stop,27.0,0.9293342790556288
2026-05-12,-1,2026-05-12 10:35:00-04:00,2026-05-12 14:25:00-04:00,7385.0,7405.875,-20.875,20.625,-1.0121212121212122,-106.075,stop,23.75,1.3801334736449493
2026-05-13,1,2026-05-13 10:35:00-04:00,2026-05-13 15:55:00-04:00,7431.25,7468.25,37.0,17.0,2.176470588235294,183.3,time,30.5,0.5579945142964311
2026-05-14,1,2026-05-14 10:20:00-04:00,2026-05-14 15:55:00-04:00,7505.25,7525.75,20.5,13.625,1.5045871559633028,100.8,time,23.75,0.6679327495768114
2026-05-15,1,2026-05-15 10:20:00-04:00,2026-05-15 11:40:00-04:00,7461.25,7440.125,-21.125,20.875,-1.0119760479041917,-107.325,stop,40.75,0.9498795990367923
2026-05-18,-1,2026-05-18 10:35:00-04:00,2026-05-18 15:55:00-04:00,7414.0,7426.75,-12.75,20.75,-0.6144578313253012,-65.45,time,39.0,1.214573271372974
2026-05-19,-1,2026-05-19 10:15:00-04:00,2026-05-19 12:25:00-04:00,7367.75,7386.125,-18.375,18.125,-1.013793103448276,-93.575,stop,32.25,0.86798604893563
2026-05-20,1,2026-05-20 10:20:00-04:00,2026-05-20 15:55:00-04:00,7411.75,7451.25,39.5,16.0,2.46875,195.8,time,30.0,2.4386350202140927
2026-05-21,1,2026-05-21 10:10:00-04:00,2026-05-21 10:15:00-04:00,7441.5,7424.125,-17.375,17.125,-1.0145985401459854,-88.575,stop,28.75,0.6181648419499118
2026-05-22,-1,2026-05-22 10:15:00-04:00,2026-05-22 11:05:00-04:00,7489.5,7503.875,-14.375,14.125,-1.0176991150442478,-73.575,stop,25.25,0.6754223000182559
2026-05-26,1,2026-05-26 10:10:00-04:00,2026-05-26 11:15:00-04:00,7547.25,7534.625,-12.625,12.375,-1.02020202020202,-64.825,stop,20.25,0.5477345166785734
2026-05-27,-1,2026-05-27 11:20:00-04:00,2026-05-27 12:40:00-04:00,7524.25,7536.25,-12.0,11.75,-1.0212765957446808,-61.7,stop,20.5,0.7079579430924896
2026-05-28,1,2026-05-28 10:10:00-04:00,2026-05-28 15:55:00-04:00,7540.5,7581.75,41.25,9.125,4.52054794520548,204.55,time,11.75,0.7745199730789025
2026-05-29,-1,2026-05-29 10:45:00-04:00,2026-05-29 11:10:00-04:00,7582.0,7598.625,-16.625,16.375,-1.015267175572519,-84.825,stop,23.25,1.4382950334917013
2026-06-01,1,2026-06-01 11:35:00-04:00,2026-06-01 15:55:00-04:00,7599.0,7613.5,14.5,12.75,1.1372549019607843,70.8,time,20.5,5.118988785402014
2026-06-02,1,2026-06-02 10:05:00-04:00,2026-06-02 15:55:00-04:00,7606.0,7623.25,17.25,5.5,3.1363636363636362,84.55,time,10.0,0.8209900038061659
2026-06-03,-1,2026-06-03 12:25:00-04:00,2026-06-03 15:55:00-04:00,7567.75,7572.5,-4.75,26.625,-0.1784037558685446,-25.45,time,40.75,1.389219081089462
2026-06-04,1,2026-06-04 10:25:00-04:00,2026-06-04 15:55:00-04:00,7569.5,7599.5,30.0,16.375,1.83206106870229,148.3,time,22.75,0.7892702322113924
2026-06-05,-1,2026-06-05 11:15:00-04:00,2026-06-05 15:55:00-04:00,7507.25,7400.5,106.75,24.5,4.357142857142857,532.05,time,42.0,0.7486064683896826
2026-06-08,1,2026-06-08 11:00:00-04:00,2026-06-08 11:30:00-04:00,7473.5,7450.0,-23.5,23.25,-1.010752688172043,-119.2,stop,38.5,0.7012755308919448
2026-06-09,-1,2026-06-09 10:15:00-04:00,2026-06-09 15:55:00-04:00,7436.75,7392.0,44.75,36.0,1.2430555555555556,222.05,time,36.5,1.6930286042834555
2026-06-10,1,2026-06-10 10:10:00-04:00,2026-06-10 10:50:00-04:00,7392.0,7362.5,-29.5,29.25,-1.0085470085470085,-149.2,stop,55.0,0.664523854540871
2026-06-11,-1,2026-06-11 11:00:00-04:00,2026-06-11 11:40:00-04:00,7275.0,7309.375,-34.375,34.125,-1.0073260073260073,-173.575,stop,52.25,1.3063472972359642
2026-06-12,1,2026-06-12 10:55:00-04:00,2026-06-12 15:55:00-04:00,7433.75,7433.25,-0.5,38.125,-0.013114754098360656,-4.2,time,58.25,2.3353026192347675
2026-06-15,1,2026-06-15 11:00:00-04:00,2026-06-15 15:55:00-04:00,7623.5,7630.0,6.5,13.125,0.49523809523809526,30.8,time,24.25,0.8950336547207567
2026-06-16,-1,2026-06-16 10:25:00-04:00,2026-06-16 15:55:00-04:00,7617.0,7588.25,28.75,12.125,2.3711340206185567,142.05,time,14.75,1.5897424906501494
2026-06-17,1,2026-06-17 10:25:00-04:00,2026-06-17 10:30:00-04:00,7604.0,7590.375,-13.625,13.375,-1.0186915887850467,-69.825,stop,19.25,0.7609058825986176
2026-06-22,-1,2026-06-22 10:30:00-04:00,2026-06-22 15:55:00-04:00,7561.0,7540.25,20.75,23.125,0.8972972972972973,102.05,time,25.25,1.454861706791712
2026-06-23,1,2026-06-23 10:05:00-04:00,2026-06-23 11:20:00-04:00,7475.0,7440.375,-34.625,34.375,-1.0072727272727273,-174.825,stop,51.25,0.874469829636903
2026-06-24,1,2026-06-24 10:45:00-04:00,2026-06-24 12:50:00-04:00,7473.0,7454.5,-18.5,18.25,-1.0136986301369864,-94.2,stop,35.5,0.7967442850913811
2026-06-26,1,2026-06-26 10:05:00-04:00,2026-06-26 15:55:00-04:00,7415.25,7382.5,-32.75,32.5,-1.0076923076923077,-165.45,stop,45.5,0.7934725891586979
2026-06-29,-1,2026-06-29 10:10:00-04:00,2026-06-29 10:40:00-04:00,7439.25,7467.375,-28.125,27.875,-1.0089686098654709,-142.325,stop,45.25,1.031041569979447
2026-06-30,1,2026-06-30 10:05:00-04:00,2026-06-30 15:55:00-04:00,7532.75,7544.5,11.75,21.375,0.5497076023391813,57.05,time,31.25,1.2278655823231548
2026-07-01,1,2026-07-01 10:05:00-04:00,2026-07-01 15:55:00-04:00,7537.75,7541.5,3.75,16.25,0.23076923076923078,17.05,time,31.0,0.5982478266440957
2026-07-02,-1,2026-07-02 10:45:00-04:00,2026-07-02 15:55:00-04:00,7549.25,7526.75,22.5,23.625,0.9523809523809523,110.8,time,42.25,1.4147594962730872
2026-07-06,1,2026-07-06 10:25:00-04:00,2026-07-06 15:55:00-04:00,7576.0,7593.0,17.0,12.875,1.3203883495145632,83.3,time,21.75,0.829146804878198
2026-07-07,-1,2026-07-07 10:15:00-04:00,2026-07-07 15:55:00-04:00,7547.75,7553.5,-5.75,26.25,-0.21904761904761905,-30.45,time,27.5,1.091945846588096
2026-07-08,-1,2026-07-08 10:40:00-04:00,2026-07-08 12:30:00-04:00,7497.75,7513.5,-15.75,15.5,-1.0161290322580645,-80.45,stop,23.0,1.0406514199726646
2026-07-09,1,2026-07-09 11:10:00-04:00,2026-07-09 15:55:00-04:00,7570.0,7590.25,20.25,21.625,0.9364161849710982,99.55,time,36.25,0.7683472007890927
2026-07-10,-1,2026-07-10 10:35:00-04:00,2026-07-10 10:50:00-04:00,7581.0,7598.125,-17.125,16.875,-1.0148148148148148,-87.325,stop,15.75,3.666203059805285
2026-07-13,-1,2026-07-13 10:20:00-04:00,2026-07-13 10:20:00-04:00,7589.75,7600.25,-10.5,10.25,-1.024390243902439,-54.2,stop,19.5,2.594355249745158
2026-07-14,1,2026-07-14 10:35:00-04:00,2026-07-14 10:50:00-04:00,7591.0,7576.0,-15.0,14.75,-1.0169491525423728,-76.7,stop,24.0,1.718030427631579
2026-07-15,-1,2026-07-15 10:55:00-04:00,2026-07-15 13:50:00-04:00,7600.25,7614.0,-13.75,13.5,-1.0185185185185186,-70.45,stop,25.0,0.7677224158400675
2026-07-16,1,2026-07-16 10:20:00-04:00,2026-07-16 12:10:00-04:00,7608.25,7589.375,-18.875,18.625,-1.0134228187919463,-96.075,stop,28.75,0.718400219213334
2026-07-17,1,2026-07-17 10:05:00-04:00,2026-07-17 15:10:00-04:00,7519.0,7493.25,-25.75,25.5,-1.0098039215686274,-130.45,stop,41.0,1.079073237088069
2026-07-20,-1,2026-07-20 10:10:00-04:00,2026-07-20 15:55:00-04:00,7517.25,7486.0,31.25,18.375,1.7006802721088434,154.55,time,33.25,0.8042876324713059
2026-07-21,1,2026-07-21 10:30:00-04:00,2026-07-21 15:55:00-04:00,7532.25,7545.5,13.25,14.875,0.8907563025210085,64.55,time,25.75,1.0729302733574242
2026-07-22,1,2026-07-22 10:05:00-04:00,2026-07-22 10:20:00-04:00,7552.25,7537.25,-15.0,14.75,-1.0169491525423728,-76.7,stop,25.0,0.9163940580254196
2026-07-23,-1,2026-07-23 10:55:00-04:00,2026-07-23 15:55:00-04:00,7441.5,7444.0,-2.5,24.125,-0.10362694300518134,-14.2,time,41.75,0.908908908908909
2026-07-24,1,2026-07-24 11:00:00-04:00,2026-07-24 14:30:00-04:00,7465.25,7444.125,-21.125,20.875,-1.0119760479041917,-107.325,stop,26.25,1.1036805150943583
2026-07-27,-1,2026-07-27 10:15:00-04:00,2026-07-27 15:55:00-04:00,7467.5,7449.5,18.0,26.5,0.6792452830188679,88.3,time,40.5,1.1033874135657977
2026-07-28,1,2026-07-28 11:20:00-04:00,2026-07-28 15:55:00-04:00,7463.5,7466.0,2.5,28.75,0.08695652173913043,10.8,time,35.5,1.2175871945934291
2026-07-29,-1,2026-07-29 10:15:00-04:00,2026-07-29 14:00:00-04:00,7410.0,7441.75,-31.75,31.5,-1.007936507936508,-160.45,stop,39.0,1.2921455541263849
2026-07-30,1,2026-07-30 12:15:00-04:00,2026-07-30 15:55:00-04:00,7442.0,7472.5,30.5,22.125,1.3785310734463276,150.8,time,40.25,0.77626310551531
2026-07-31,-1,2026-07-31 10:05:00-04:00,2026-07-31 12:20:00-04:00,7454.25,7491.125,-36.875,36.625,-1.006825938566553,-186.075,stop,48.75,0.8607138439906522
2026-08-03,1,2026-08-03 10:15:00-04:00,2026-08-03 15:55:00-04:00,7591.25,7628.0,36.75,25.75,1.4271844660194175,182.05,time,45.5,0.5839594577116183
2026-08-04,1,2026-08-04 10:05:00-04:00,2026-08-04 15:55:00-04:00,7691.0,7764.0,73.0,19.625,3.7197452229299364,363.3,time,30.75,0.9643099754402467
2026-08-05,-1,2026-08-05 10:40:00-04:00,2026-08-05 15:55:00-04:00,7791.0,7748.25,42.75,16.5,2.590909090909091,212.05,time,25.5,0.8609313083860789
2026-08-06,1,2026-08-06 10:20:00-04:00,2026-08-06 10:25:00-04:00,7767.75,7752.75,-15.0,14.75,-1.0169491525423728,-76.7,stop,25.5,0.7336544317112329
2026-08-07,-1,2026-08-07 10:15:00-04:00,2026-08-07 10:15:00-04:00,7745.5,7761.375,-15.875,15.625,-1.016,-81.075,stop,19.25,1.228675312554685
2026-08-10,1,2026-08-10 10:10:00-04:00,2026-08-10 12:30:00-04:00,7787.25,7776.875,-10.375,10.125,-1.0246913580246915,-53.575,stop,12.25,0.6747202441505595
2026-08-11,-1,2026-08-11 11:20:00-04:00,2026-08-11 15:55:00-04:00,7769.75,7750.25,19.5,12.375,1.5757575757575757,95.8,time,20.75,1.2445418950665623
2026-08-12,-1,2026-08-12 10:05:00-04:00,2026-08-12 14:35:00-04:00,7763.75,7780.0,-16.25,16.0,-1.015625,-82.95,stop,28.5,0.899345396250501
2026-08-13,1,2026-08-13 10:05:00-04:00,2026-08-13 11:25:00-04:00,7827.25,7803.125,-24.125,23.875,-1.0104712041884816,-122.325,stop,36.25,1.0483440216374367
2026-08-14,-1,2026-08-14 10:25:00-04:00,2026-08-14 15:55:00-04:00,7817.5,7805.75,11.75,6.375,1.8431372549019607,57.05,time,9.25,1.2752573532168214
2026-08-17,-1,2026-08-17 10:40:00-04:00,2026-08-17 15:55:00-04:00,7791.75,7768.75,23.0,9.375,2.453333333333333,113.3,time,16.75,0.8408201953988202
2026-08-18,-1,2026-08-18 11:10:00-04:00,2026-08-18 12:05:00-04:00,7717.75,7727.125,-9.375,9.125,-1.0273972602739727,-48.575,stop,16.75,0.7734221895293878
2026-08-19,1,2026-08-19 10:40:00-04:00,2026-08-19 13:20:00-04:00,7751.75,7733.25,-18.5,18.25,-1.0136986301369864,-94.2,stop,25.5,0.8688867141005634
2026-08-20,-1,2026-08-20 10:20:00-04:00,2026-08-20 10:20:00-04:00,7692.25,7706.875,-14.625,14.375,-1.017391304347826,-74.825,stop,19.25,0.9613246720469201
2026-08-21,1,2026-08-21 11:05:00-04:00,2026-08-21 14:30:00-04:00,7698.25,7686.125,-12.125,11.875,-1.0210526315789474,-62.325,stop,19.75,1.5867709920276887
2026-08-24,1,2026-08-24 12:05:00-04:00,2026-08-24 13:25:00-04:00,7684.0,7668.625,-15.375,15.125,-1.0165289256198347,-78.575,stop,27.75,1.8088285556539039
2026-08-25,-1,2026-08-25 10:10:00-04:00,2026-08-25 15:55:00-04:00,7686.25,7694.875,-8.625,8.375,-1.0298507462686568,-44.825,stop,13.25,0.700069987911179
2026-08-26,-1,2026-08-26 12:40:00-04:00,2026-08-26 13:30:00-04:00,7673.25,7690.375,-17.125,16.875,-1.0148148148148148,-87.325,stop,22.75,1.2933777114656262
2026-08-27,1,2026-08-27 10:50:00-04:00,2026-08-27 15:55:00-04:00,7734.0,7741.0,7.0,18.375,0.38095238095238093,33.3,time,25.75,0.7348718991459944
2026-08-28,-1,2026-08-28 10:10:00-04:00,2026-08-28 10:20:00-04:00,7738.5,7751.125,-12.625,12.375,-1.02020202020202,-64.825,stop,14.25,1.5852677411551797
2026-08-31,-1,2026-08-31 10:25:00-04:00,2026-08-31 13:50:00-04:00,7677.5,7693.625,-16.125,15.875,-1.015748031496063,-82.325,stop,21.75,0.9057626686226361
2026-09-01,1,2026-09-01 10:10:00-04:00,2026-09-01 12:30:00-04:00,7656.5,7645.0,-11.5,11.25,-1.0222222222222221,-59.2,stop,13.5,0.9314809994794377
2026-09-02,1,2026-09-02 10:05:00-04:00,2026-09-02 15:55:00-04:00,7664.25,7678.25,14.0,14.0,1.0,68.3,time,14.0,1.697210121820717
2026-09-03,-1,2026-09-03 10:10:00-04:00,2026-09-03 10:20:00-04:00,7703.25,7715.625,-12.375,12.125,-1.0206185567010309,-63.575,stop,22.25,1.0610420674571537
2026-09-04,-1,2026-09-04 10:10:00-04:00,2026-09-04 15:55:00-04:00,7737.0,7724.0,13.0,8.5,1.5294117647058822,63.3,time,11.0,0.7522033476669392
2026-09-08,-1,2026-09-08 10:10:00-04:00,2026-09-08 11:10:00-04:00,7684.25,7703.375,-19.125,18.875,-1.0132450331125828,-97.325,stop,29.25,0.7797744004771623
2026-09-09,-1,2026-09-09 10:20:00-04:00,2026-09-09 10:25:00-04:00,7650.0,7658.125,-8.125,7.875,-1.0317460317460319,-42.325,stop,11.75,1.4137616530126316
2026-09-10,1,2026-09-10 10:25:00-04:00,2026-09-10 12:10:00-04:00,7613.0,7597.375,-15.625,15.375,-1.016260162601626,-79.825,stop,23.25,1.659481890334797
2026-09-11,-1,2026-09-11 10:45:00-04:00,2026-09-11 11:15:00-04:00,7657.5,7671.125,-13.625,13.375,-1.0186915887850467,-69.825,stop,22.25,0.9353375776532221
2026-09-14,1,2026-09-14 10:10:00-04:00,2026-09-14 10:20:00-04:00,7692.25,7678.625,-13.625,13.375,-1.0186915887850467,-69.825,stop,21.75,0.7568448684656205
2026-09-15,-1,2026-09-15 10:10:00-04:00,2026-09-15 15:55:00-04:00,7667.5,7657.25,10.25,11.125,0.9213483146067416,49.55,time,16.75,0.9070101640717195
2026-09-16,1,2026-09-16 11:05:00-04:00,2026-09-16 13:00:00-04:00,7687.75,7677.5,-10.25,10.0,-1.025,-52.95,stop,17.5,1.5318837588878673
2026-09-17,-1,2026-09-17 10:05:00-04:00,2026-09-17 10:25:00-04:00,7686.75,7702.5,-15.75,15.5,-1.0161290322580645,-80.45,stop,28.0,0.9166034318165128
2026-09-18,-1,2026-09-18 10:05:00-04:00,2026-09-18 14:20:00-04:00,7686.0,7703.125,-17.125,16.875,-1.0148148148148148,-87.325,stop,23.25,1.2578291946061455
