date,side,entry_time,exit_time,entry,exit,pts,r_mult,tom,pnl,reason
2016-09-28,1,2016-09-27,2016-09-28,59.0,59.14,0.14000000000000057,7.000000000000028,True,12.000000000000057,tom_only
2016-09-29,1,2016-09-28,2016-09-29,59.419999999999995,59.25,-0.1699999999999946,-8.49999999999973,True,-18.99999999999946,tom_only
2016-10-03,1,2016-09-30,2016-10-03,59.14,58.96,-0.17999999999999972,-8.999999999999986,True,-19.99999999999997,tom_only
2016-10-04,1,2016-10-03,2016-10-04,58.98,59.230000000000004,0.2500000000000071,12.500000000000355,True,23.00000000000071,tom_only
2016-10-05,1,2016-10-04,2016-10-05,58.97,59.17,0.20000000000000284,10.000000000000142,True,18.000000000000284,tom_only
2016-11-01,1,2016-10-31,2016-11-01,57.83,57.95,0.12000000000000455,6.000000000000227,True,10.000000000000455,tom_only
2016-11-02,1,2016-11-01,2016-11-02,57.58,57.52,-0.05999999999999517,-2.9999999999997584,True,-7.999999999999517,tom_only
2016-11-03,1,2016-11-02,2016-11-03,57.19,57.370000000000005,0.18000000000000682,9.000000000000341,True,16.000000000000682,tom_only
2016-12-01,1,2016-11-30,2016-12-01,56.8,56.71,-0.0899999999999963,-4.499999999999815,True,-10.99999999999963,tom_only
2016-12-02,1,2016-12-01,2016-12-02,56.58,56.46,-0.11999999999999744,-5.999999999999872,True,-13.999999999999744,tom_only
2016-12-05,1,2016-12-02,2016-12-05,56.72,57.010000000000005,0.29000000000000625,14.500000000000313,True,27.000000000000625,tom_only
2017-01-03,1,2016-12-30,2017-01-03,57.739999999999995,57.940000000000005,0.20000000000000995,10.000000000000497,True,18.000000000000995,tom_only
2017-01-04,1,2017-01-03,2017-01-04,58.1,58.39,0.28999999999999915,14.499999999999957,True,26.999999999999915,tom_only
2017-01-05,1,2017-01-04,2017-01-05,58.76,58.89,0.13000000000000256,6.500000000000128,True,11.000000000000256,tom_only
2017-02-01,1,2017-01-31,2017-02-01,59.64,59.99,0.3500000000000014,17.50000000000007,True,33.00000000000014,tom_only
2017-02-02,1,2017-02-01,2017-02-02,59.879999999999995,59.92,0.04000000000000625,2.0000000000003126,True,2.0000000000006253,tom_only
2017-02-03,1,2017-02-02,2017-02-03,59.91,60.0,0.09000000000000341,4.5000000000001705,True,7.000000000000341,tom_only
2017-03-01,1,2017-02-28,2017-03-01,60.35,60.730000000000004,0.38000000000000256,19.000000000000128,True,36.000000000000256,tom_only
2017-03-02,1,2017-03-01,2017-03-02,60.98,60.690000000000005,-0.28999999999999204,-14.499999999999602,True,-30.999999999999204,tom_only
2017-03-03,1,2017-03-02,2017-03-03,60.58,60.690000000000005,0.11000000000000654,5.500000000000327,True,9.000000000000654,tom_only
2017-04-03,1,2017-03-31,2017-04-03,62.3,62.18,-0.11999999999999744,-5.999999999999872,True,-13.999999999999744,tom_only
2017-04-04,1,2017-04-03,2017-04-04,62.21,61.92,-0.28999999999999915,-14.499999999999957,True,-30.999999999999915,tom_only
2017-04-05,1,2017-04-04,2017-04-05,62.19,62.120000000000005,-0.06999999999999318,-3.499999999999659,True,-8.999999999999318,tom_only
2017-05-01,1,2017-04-28,2017-05-01,63.809999999999995,63.980000000000004,0.1700000000000088,8.50000000000044,True,15.000000000000881,tom_only
2017-05-02,1,2017-05-01,2017-05-02,64.07000000000001,64.24,0.1699999999999875,8.499999999999375,True,14.99999999999875,tom_only
2017-05-03,1,2017-05-02,2017-05-03,64.4,64.21,-0.19000000000001194,-9.500000000000597,True,-21.000000000001194,tom_only
2017-06-01,1,2017-05-31,2017-06-01,66.07000000000001,66.3,0.22999999999998977,11.499999999999488,True,20.999999999998977,tom_only
2017-06-02,1,2017-06-01,2017-06-02,66.5,66.94999999999999,0.44999999999998863,22.49999999999943,True,42.99999999999886,tom_only
2017-06-05,1,2017-06-02,2017-06-05,67.23,66.85,-0.38000000000000966,-19.000000000000483,True,-40.000000000000966,tom_only
2017-07-03,1,2017-06-30,2017-07-03,65.21000000000001,65.11,-0.10000000000000853,-5.000000000000426,True,-12.000000000000853,tom_only
2017-07-05,1,2017-07-03,2017-07-05,65.13000000000001,64.92,-0.21000000000000796,-10.500000000000398,True,-23.000000000000796,tom_only
2017-07-06,1,2017-07-05,2017-07-06,65.13000000000001,64.69,-0.44000000000001194,-22.000000000000597,True,-46.000000000001194,tom_only
2017-08-01,1,2017-07-31,2017-08-01,66.94000000000001,67.44,0.4999999999999858,24.99999999999929,True,47.99999999999858,tom_only
2017-08-02,1,2017-08-01,2017-08-02,67.31,67.33,0.01999999999999602,0.999999999999801,True,-3.979039320256561e-13,tom_only
2017-08-03,1,2017-08-02,2017-08-03,67.34,67.30999999999999,-0.030000000000015348,-1.5000000000007674,True,-5.000000000001535,tom_only
2017-09-01,1,2017-08-31,2017-09-01,66.91000000000001,67.14,0.22999999999998977,11.499999999999488,True,20.999999999998977,tom_only
2017-09-05,1,2017-09-01,2017-09-05,67.0,66.80999999999999,-0.19000000000001194,-9.500000000000597,True,-21.000000000001194,tom_only
2017-09-06,1,2017-09-05,2017-09-06,66.55000000000001,66.88,0.3299999999999841,16.499999999999204,True,30.99999999999841,tom_only
2017-10-02,1,2017-09-29,2017-10-02,68.49000000000001,68.25999999999999,-0.2300000000000182,-11.50000000000091,True,-25.00000000000182,tom_only
2017-10-03,1,2017-10-02,2017-10-03,68.43,68.44999999999999,0.01999999999998181,0.9999999999990905,True,-1.8189894035458565e-12,tom_only
2017-10-04,1,2017-10-03,2017-10-04,68.66000000000001,68.46,-0.20000000000001705,-10.000000000000853,True,-22.000000000001705,tom_only
2017-11-01,1,2017-10-31,2017-11-01,69.64,69.92,0.28000000000000114,14.000000000000057,True,26.000000000000114,tom_only
2017-11-02,1,2017-11-01,2017-11-02,69.71000000000001,69.64,-0.07000000000000739,-3.5000000000003695,True,-9.000000000000739,tom_only
2017-11-03,1,2017-11-02,2017-11-03,69.92,69.78999999999999,-0.13000000000000966,-6.500000000000483,True,-15.000000000000966,tom_only
2017-12-01,1,2017-11-30,2017-12-01,70.12,69.83,-0.29000000000000625,-14.500000000000313,True,-31.000000000000625,tom_only
2017-12-04,1,2017-12-01,2017-12-04,69.84,69.97999999999999,0.13999999999998636,6.999999999999318,True,11.999999999998636,tom_only
2017-12-05,1,2017-12-04,2017-12-05,69.59,69.6,0.009999999999990905,0.49999999999954525,True,-1.0000000000009095,tom_only
2018-01-02,1,2017-12-29,2018-01-02,70.32000000000001,70.52,0.19999999999998863,9.999999999999432,True,17.999999999998863,tom_only
2018-01-03,1,2018-01-02,2018-01-03,70.84,70.88,0.03999999999999204,1.999999999999602,True,1.9999999999992042,tom_only
2018-01-04,1,2018-01-03,2018-01-04,71.18,71.85,0.6699999999999875,33.499999999999375,True,64.99999999999875,tom_only
2018-02-01,1,2018-01-31,2018-02-01,73.85000000000001,73.71,-0.14000000000001478,-7.000000000000739,True,-16.000000000001478,tom_only
2018-02-02,1,2018-02-01,2018-02-02,74.06,73.32,-0.7400000000000091,-37.000000000000455,True,-76.00000000000091,tom_only
2018-02-05,1,2018-02-02,2018-02-05,72.56,71.63,-0.9300000000000068,-46.50000000000034,True,-95.00000000000068,tom_only
2018-03-01,1,2018-02-28,2018-03-01,70.28,69.83,-0.45000000000000284,-22.500000000000142,True,-47.000000000000284,tom_only
2018-03-02,1,2018-03-01,2018-03-02,69.10000000000001,68.83999999999999,-0.2600000000000193,-13.000000000000966,True,-28.000000000001933,tom_only
2018-03-05,1,2018-03-02,2018-03-05,69.43,68.89999999999999,-0.5300000000000153,-26.500000000000767,True,-55.000000000001535,tom_only
2018-04-02,1,2018-03-29,2018-04-02,69.69000000000001,69.39999999999999,-0.29000000000002046,-14.500000000001023,True,-31.000000000002046,tom_only
2018-04-03,1,2018-04-02,2018-04-03,68.73,69.08,0.3499999999999943,17.499999999999716,True,32.99999999999943,tom_only
2018-04-04,1,2018-04-03,2018-04-04,69.17,68.33999999999999,-0.8300000000000125,-41.500000000000625,True,-85.00000000000125,tom_only
2018-05-01,1,2018-04-30,2018-05-01,70.75,70.64999999999999,-0.10000000000000853,-5.000000000000426,True,-12.000000000000853,tom_only
2018-05-02,1,2018-05-01,2018-05-02,70.5,70.83999999999999,0.3399999999999892,16.99999999999946,True,31.99999999999892,tom_only
2018-05-03,1,2018-05-02,2018-05-03,70.47,70.57,0.09999999999999432,4.999999999999716,True,7.999999999999432,tom_only
2018-06-01,1,2018-05-31,2018-06-01,69.41000000000001,69.91,0.4999999999999858,24.99999999999929,True,47.99999999999858,tom_only
2018-06-04,1,2018-06-01,2018-06-04,70.01,70.44999999999999,0.4399999999999835,21.999999999999176,True,41.99999999999835,tom_only
2018-06-05,1,2018-06-04,2018-06-05,70.22,70.21,-0.010000000000005116,-0.5000000000002558,True,-3.0000000000005116,tom_only
2018-07-02,1,2018-06-29,2018-07-02,66.98,66.00999999999999,-0.9700000000000131,-48.500000000000654,True,-99.00000000000131,tom_only
2018-07-03,1,2018-07-02,2018-07-03,66.37,66.88,0.5099999999999909,25.499999999999545,True,48.99999999999909,tom_only
2018-07-05,1,2018-07-03,2018-07-05,66.57000000000001,67.16,0.5899999999999892,29.49999999999946,True,56.99999999999892,tom_only
2018-08-01,1,2018-07-31,2018-08-01,68.89,68.75999999999999,-0.13000000000000966,-6.500000000000483,True,-15.000000000000966,tom_only
2018-08-02,1,2018-08-01,2018-08-02,68.54,67.78,-0.7600000000000051,-38.000000000000256,True,-78.00000000000051,tom_only
2018-08-03,1,2018-08-02,2018-08-03,68.09,67.80999999999999,-0.28000000000001535,-14.000000000000767,True,-30.000000000001535,tom_only
2018-09-04,1,2018-08-31,2018-09-04,67.35000000000001,66.49,-0.8600000000000136,-43.00000000000068,True,-88.00000000000136,tom_only
2018-09-05,1,2018-09-04,2018-09-05,66.78,66.33,-0.45000000000000284,-22.500000000000142,True,-47.000000000000284,tom_only
2018-09-06,1,2018-09-05,2018-09-06,66.17,66.05,-0.12000000000000455,-6.000000000000227,True,-14.000000000000455,tom_only
2018-10-01,1,2018-09-28,2018-10-01,68.0,68.19999999999999,0.19999999999998863,9.999999999999432,True,17.999999999998863,tom_only
2018-10-02,1,2018-10-01,2018-10-02,68.08,67.53999999999999,-0.5400000000000063,-27.000000000000313,True,-56.000000000000625,tom_only
2018-10-03,1,2018-10-02,2018-10-03,67.73,67.83,0.09999999999999432,4.999999999999716,True,7.999999999999432,tom_only
2018-11-01,1,2018-10-31,2018-11-01,62.47,62.99,0.5200000000000031,26.000000000000156,True,50.00000000000031,tom_only
2018-11-02,1,2018-11-01,2018-11-02,63.269999999999996,63.82,0.5500000000000043,27.500000000000213,True,53.000000000000426,tom_only
2018-11-05,1,2018-11-02,2018-11-05,63.36,63.38,0.020000000000003126,1.0000000000001563,True,3.126388037344441e-13,tom_only
2018-12-03,1,2018-11-30,2018-12-03,62.78,63.74,0.9600000000000009,48.00000000000004,True,94.00000000000009,tom_only
2018-12-04,1,2018-12-03,2018-12-04,63.61,63.27,-0.3399999999999963,-16.999999999999815,True,-35.99999999999963,tom_only
2018-12-06,1,2018-12-04,2018-12-06,61.96,60.89,-1.0700000000000003,-53.500000000000014,True,-109.00000000000003,tom_only
2019-01-02,1,2018-12-31,2019-01-02,58.79,57.99,-0.7999999999999972,-39.99999999999986,True,-81.99999999999972,tom_only
2019-01-03,1,2019-01-02,2019-01-03,58.669999999999995,58.510000000000005,-0.15999999999998948,-7.999999999999474,True,-17.99999999999895,tom_only
2019-01-04,1,2019-01-03,2019-01-04,58.14,59.07,0.9299999999999997,46.499999999999986,True,90.99999999999997,tom_only
2019-02-01,1,2019-01-31,2019-02-01,62.69,62.68,-0.00999999999999801,-0.4999999999999005,True,-2.999999999999801,tom_only
2019-02-04,1,2019-02-01,2019-02-04,62.669999999999995,62.56,-0.10999999999999233,-5.499999999999616,True,-12.999999999999233,tom_only
2019-02-05,1,2019-02-04,2019-02-05,62.9,63.28,0.38000000000000256,19.000000000000128,True,36.000000000000256,tom_only
2019-03-01,1,2019-02-28,2019-03-01,64.28,64.63,0.3499999999999943,17.499999999999716,True,32.99999999999943,tom_only
2019-03-04,1,2019-03-01,2019-03-04,64.63000000000001,64.67,0.03999999999999204,1.999999999999602,True,1.9999999999992042,tom_only
2019-03-05,1,2019-03-04,2019-03-05,64.39,64.35,-0.04000000000000625,-2.0000000000003126,True,-6.000000000000625,tom_only
2019-04-01,1,2019-03-29,2019-04-01,64.87,65.47,0.5999999999999943,29.999999999999716,True,57.99999999999943,tom_only
2019-04-02,1,2019-04-01,2019-04-02,65.7,65.6,-0.10000000000000853,-5.000000000000426,True,-12.000000000000853,tom_only
2019-04-03,1,2019-04-02,2019-04-03,65.72,66.16,0.4399999999999977,21.999999999999886,True,41.99999999999977,tom_only
2019-05-01,1,2019-04-30,2019-05-01,66.77000000000001,66.83999999999999,0.06999999999997897,3.4999999999989484,True,4.999999999997897,tom_only
2019-05-02,1,2019-05-01,2019-05-02,66.39,66.42999999999999,0.03999999999999204,1.999999999999602,True,1.9999999999992042,tom_only
2019-05-03,1,2019-05-02,2019-05-03,66.29,66.58,0.28999999999999204,14.499999999999602,True,26.999999999999204,tom_only
2019-06-03,1,2019-05-31,2019-06-03,63.41,63.580000000000005,0.1700000000000088,8.50000000000044,True,15.000000000000881,tom_only
2019-06-04,1,2019-06-03,2019-06-04,63.78,64.19999999999999,0.4199999999999875,20.999999999999375,True,39.99999999999875,tom_only
2019-06-05,1,2019-06-04,2019-06-05,64.51,64.78,0.269999999999996,13.499999999999801,True,24.999999999999602,tom_only
2019-07-01,1,2019-06-28,2019-07-01,65.74000000000001,66.38,0.6399999999999864,31.999999999999318,True,61.999999999998636,tom_only
2019-07-02,1,2019-07-01,2019-07-02,66.05000000000001,66.16,0.10999999999998522,5.499999999999261,True,8.999999999998522,tom_only
2019-07-03,1,2019-07-02,2019-07-03,66.24000000000001,66.58,0.3399999999999892,16.99999999999946,True,31.99999999999892,tom_only
2019-08-01,1,2019-07-31,2019-08-01,64.46000000000001,64.52,0.05999999999998806,2.999999999999403,True,3.9999999999988063,tom_only
2019-08-02,1,2019-08-01,2019-08-02,64.28,64.00999999999999,-0.27000000000001023,-13.500000000000512,True,-29.000000000001023,tom_only
2019-08-05,1,2019-08-02,2019-08-05,63.71,62.74,-0.9699999999999989,-48.49999999999994,True,-98.99999999999989,tom_only
2019-09-03,1,2019-08-30,2019-09-03,63.22,62.84,-0.37999999999999545,-18.999999999999773,True,-39.999999999999545,tom_only
2019-09-04,1,2019-09-03,2019-09-04,63.1,63.730000000000004,0.6300000000000026,31.500000000000128,True,61.000000000000256,tom_only
2019-09-05,1,2019-09-04,2019-09-05,63.989999999999995,64.42,0.4300000000000068,21.50000000000034,True,41.00000000000068,tom_only
2019-10-01,1,2019-09-30,2019-10-01,65.22,65.00999999999999,-0.21000000000000796,-10.500000000000398,True,-23.000000000000796,tom_only
2019-10-02,1,2019-10-01,2019-10-02,64.58,63.72,-0.8599999999999994,-42.99999999999997,True,-87.99999999999994,tom_only
2019-10-03,1,2019-10-02,2019-10-03,63.26,63.25,-0.00999999999999801,-0.4999999999999005,True,-2.999999999999801,tom_only
2019-11-01,1,2019-10-31,2019-11-01,67.43,67.83999999999999,0.4099999999999824,20.49999999999912,True,38.99999999999824,tom_only
2019-11-04,1,2019-11-01,2019-11-04,68.03,68.47,0.4399999999999977,21.999999999999886,True,41.99999999999977,tom_only
2019-11-05,1,2019-11-04,2019-11-05,68.38000000000001,68.28,-0.10000000000000853,-5.000000000000426,True,-12.000000000000853,tom_only
2019-12-02,1,2019-11-29,2019-12-02,68.19000000000001,68.08999999999999,-0.10000000000002274,-5.000000000001137,True,-12.000000000002274,tom_only
2019-12-03,1,2019-12-02,2019-12-03,67.84,67.21,-0.6300000000000097,-31.500000000000483,True,-65.00000000000097,tom_only
2019-12-04,1,2019-12-03,2019-12-04,67.59,67.99,0.3999999999999915,19.999999999999574,True,37.99999999999915,tom_only
2020-01-02,1,2019-12-31,2020-01-02,69.45,69.94999999999999,0.4999999999999858,24.99999999999929,True,47.99999999999858,tom_only
2020-01-03,1,2020-01-02,2020-01-03,70.15,69.17999999999999,-0.9700000000000131,-48.500000000000654,True,-99.00000000000131,tom_only
2020-01-06,1,2020-01-03,2020-01-06,69.28,69.14999999999999,-0.13000000000000966,-6.500000000000483,True,-15.000000000000966,tom_only
2020-02-03,1,2020-01-31,2020-02-03,67.49000000000001,67.66,0.1699999999999875,8.499999999999375,True,14.99999999999875,tom_only
2020-02-04,1,2020-02-03,2020-02-04,67.65,68.64999999999999,0.9999999999999858,49.99999999999929,True,97.99999999999858,tom_only
2020-02-05,1,2020-02-04,2020-02-05,68.78,69.42999999999999,0.6499999999999915,32.499999999999574,True,62.99999999999915,tom_only
2020-03-02,1,2020-02-28,2020-03-02,62.25,62.22,-0.030000000000001137,-1.5000000000000568,True,-5.000000000000114,tom_only
2020-03-03,1,2020-03-02,2020-03-03,63.05,63.56,0.5100000000000051,25.500000000000256,True,49.00000000000051,tom_only
2020-03-04,1,2020-03-03,2020-03-04,62.54,63.620000000000005,1.0800000000000054,54.00000000000027,True,106.00000000000054,tom_only
2020-04-01,1,2020-03-31,2020-04-01,53.47,51.72,-1.75,-87.5,True,-177.0,tom_only
2020-04-02,1,2020-04-01,2020-04-02,51.1,51.160000000000004,0.060000000000002274,3.0000000000001137,True,4.000000000000227,tom_only
2020-04-03,1,2020-04-02,2020-04-03,52.1,51.25,-0.8500000000000014,-42.50000000000007,True,-87.00000000000014,tom_only
2020-05-01,1,2020-04-30,2020-05-01,56.58,55.72,-0.8599999999999994,-42.99999999999997,True,-87.99999999999994,tom_only
2020-05-04,1,2020-05-01,2020-05-04,55.35,54.910000000000004,-0.4399999999999977,-21.999999999999886,True,-45.99999999999977,tom_only
2020-05-05,1,2020-05-04,2020-05-05,55.33,55.72,0.39000000000000057,19.50000000000003,True,37.00000000000006,tom_only
2020-06-01,1,2020-05-29,2020-06-01,59.65,60.120000000000005,0.47000000000000597,23.5000000000003,True,45.0000000000006,tom_only
2020-06-02,1,2020-06-01,2020-06-02,60.98,61.330000000000005,0.3500000000000085,17.500000000000426,True,33.00000000000085,tom_only
2020-06-03,1,2020-06-02,2020-06-03,61.55,62.31,0.7600000000000051,38.000000000000256,True,74.00000000000051,tom_only
2020-07-01,1,2020-06-30,2020-07-01,60.879999999999995,60.79,-0.0899999999999963,-4.499999999999815,True,-10.99999999999963,tom_only
2020-07-02,1,2020-07-01,2020-07-02,61.11,61.940000000000005,0.8300000000000054,41.50000000000027,True,81.00000000000054,tom_only
2020-07-06,1,2020-07-02,2020-07-06,61.78,62.690000000000005,0.9100000000000037,45.500000000000185,True,89.00000000000037,tom_only
2020-08-03,1,2020-07-31,2020-08-03,62.059999999999995,62.68,0.6200000000000045,31.000000000000227,True,60.000000000000455,tom_only
2020-08-04,1,2020-08-03,2020-08-04,63.269999999999996,62.96,-0.30999999999999517,-15.499999999999758,True,-32.99999999999952,tom_only
2020-08-05,1,2020-08-04,2020-08-05,63.62,64.08,0.46000000000000085,23.000000000000043,True,44.000000000000085,tom_only
2020-09-01,1,2020-08-31,2020-09-01,64.99000000000001,65.00999999999999,0.01999999999998181,0.9999999999990905,True,-1.8189894035458565e-12,tom_only
2020-09-02,1,2020-09-01,2020-09-02,65.06,65.50999999999999,0.44999999999998863,22.49999999999943,True,42.99999999999886,tom_only
2020-09-03,1,2020-09-02,2020-09-03,65.93,65.69999999999999,-0.2300000000000182,-11.50000000000091,True,-25.00000000000182,tom_only
2020-10-01,1,2020-09-30,2020-10-01,63.66,63.99,0.3300000000000054,16.50000000000027,True,31.00000000000054,tom_only
2020-10-02,1,2020-10-01,2020-10-02,64.03,63.230000000000004,-0.7999999999999972,-39.99999999999986,True,-81.99999999999972,tom_only
2020-10-05,1,2020-10-02,2020-10-05,63.9,64.39999999999999,0.4999999999999929,24.999999999999645,True,47.99999999999929,tom_only
2020-11-02,1,2020-10-30,2020-11-02,61.4,62.07,0.6700000000000017,33.500000000000085,True,65.00000000000017,tom_only
2020-11-03,1,2020-11-02,2020-11-03,62.199999999999996,63.4,1.2000000000000028,60.00000000000014,True,118.00000000000028,tom_only
2020-11-04,1,2020-11-03,2020-11-04,63.83,64.08999999999999,0.2599999999999909,12.999999999999545,True,23.99999999999909,tom_only
2020-12-01,1,2020-11-30,2020-12-01,70.16000000000001,71.33,1.1699999999999875,58.499999999999375,True,114.99999999999875,tom_only
2020-12-02,1,2020-12-01,2020-12-02,71.81,71.44,-0.37000000000000455,-18.500000000000227,True,-39.000000000000455,tom_only
2020-12-03,1,2020-12-02,2020-12-03,71.82000000000001,72.05,0.22999999999998977,11.499999999999488,True,20.999999999998977,tom_only
2021-01-04,1,2020-12-31,2021-01-04,72.97,74.38,1.4099999999999966,70.49999999999983,True,138.99999999999966,tom_only
2021-01-05,1,2021-01-04,2021-01-05,73.35000000000001,73.57,0.21999999999998465,10.999999999999233,True,19.999999999998465,tom_only
2021-01-06,1,2021-01-05,2021-01-06,74.11,74.28999999999999,0.1799999999999926,8.99999999999963,True,15.999999999999261,tom_only
2021-02-01,1,2021-01-29,2021-02-01,72.4,73.27,0.8699999999999903,43.49999999999952,True,84.99999999999903,tom_only
2021-02-02,1,2021-02-01,2021-02-02,73.26,73.64,0.37999999999999545,18.999999999999773,True,35.999999999999545,tom_only
2021-02-03,1,2021-02-02,2021-02-03,74.0,74.00999999999999,0.009999999999990905,0.49999999999954525,True,-1.0000000000009095,tom_only
2021-03-01,1,2021-02-26,2021-03-01,74.02000000000001,74.89,0.8699999999999903,43.49999999999952,True,84.99999999999903,tom_only
2021-03-02,1,2021-03-01,2021-03-02,75.41000000000001,75.33,-0.0800000000000125,-4.000000000000625,True,-10.00000000000125,tom_only
2021-03-03,1,2021-03-02,2021-03-03,75.33,75.08,-0.25,-12.5,True,-27.0,tom_only
2021-04-01,1,2021-03-31,2021-04-01,75.88000000000001,76.27,0.38999999999998636,19.499999999999318,True,36.999999999998636,tom_only
2021-04-05,1,2021-04-01,2021-04-05,76.87,77.49,0.6199999999999903,30.999999999999517,True,59.999999999999034,tom_only
2021-04-06,1,2021-04-05,2021-04-06,77.99000000000001,77.05,-0.9400000000000119,-47.0000000000006,True,-96.0000000000012,tom_only
2021-05-03,1,2021-04-30,2021-05-03,78.12,78.72999999999999,0.6099999999999852,30.49999999999926,True,58.99999999999852,tom_only
2021-05-04,1,2021-05-03,2021-05-04,78.98,78.1,-0.8800000000000097,-44.00000000000048,True,-90.00000000000097,tom_only
2021-05-05,1,2021-05-04,2021-05-05,77.81,78.64,0.8299999999999983,41.499999999999915,True,80.99999999999983,tom_only
2021-06-01,1,2021-05-28,2021-06-01,80.84,81.49,0.6499999999999915,32.499999999999574,True,62.99999999999915,tom_only
2021-06-02,1,2021-06-01,2021-06-02,81.13000000000001,81.25999999999999,0.12999999999998124,6.499999999999062,True,10.999999999998124,tom_only
2021-06-03,1,2021-06-02,2021-06-03,81.4,80.94999999999999,-0.45000000000001705,-22.500000000000853,True,-47.000000000001705,tom_only
2021-07-01,1,2021-06-30,2021-07-01,78.89,78.88,-0.010000000000005116,-0.5000000000002558,True,-3.0000000000005116,tom_only
2021-07-02,1,2021-07-01,2021-07-02,79.08,79.07,-0.010000000000005116,-0.5000000000002558,True,-3.0000000000005116,tom_only
2021-07-06,1,2021-07-02,2021-07-06,79.35000000000001,79.33999999999999,-0.010000000000019327,-0.5000000000009663,True,-3.0000000000019327,tom_only
2021-08-02,1,2021-07-30,2021-08-02,79.5,80.13,0.6299999999999955,31.499999999999773,True,60.999999999999545,tom_only
2021-08-03,1,2021-08-02,2021-08-03,79.9,80.22,0.3199999999999932,15.999999999999659,True,29.999999999999318,tom_only
2021-08-04,1,2021-08-03,2021-08-04,80.47,80.5,0.030000000000001137,1.5000000000000568,True,1.0000000000001137,tom_only
2021-09-01,1,2021-08-31,2021-09-01,80.65,81.25,0.5999999999999943,29.999999999999716,True,57.99999999999943,tom_only
2021-09-02,1,2021-09-01,2021-09-02,81.38000000000001,81.69999999999999,0.31999999999997897,15.999999999998948,True,29.999999999997897,tom_only
2021-09-03,1,2021-09-02,2021-09-03,81.71000000000001,81.78999999999999,0.07999999999998408,3.999999999999204,True,5.999999999998408,tom_only
2021-10-01,1,2021-09-30,2021-10-01,78.02000000000001,78.03999999999999,0.01999999999998181,0.9999999999990905,True,-1.8189894035458565e-12,tom_only
2021-10-04,1,2021-10-01,2021-10-04,78.21000000000001,77.94999999999999,-0.2600000000000193,-13.000000000000966,True,-28.000000000001933,tom_only
2021-10-05,1,2021-10-04,2021-10-05,77.39,77.55,0.1599999999999966,7.9999999999998295,True,13.999999999999659,tom_only
2021-11-01,1,2021-10-29,2021-11-01,80.5,80.94,0.4399999999999977,21.999999999999886,True,41.99999999999977,tom_only
2021-11-02,1,2021-11-01,2021-11-02,81.28,81.0,-0.28000000000000114,-14.000000000000057,True,-30.000000000000114,tom_only
2021-11-03,1,2021-11-02,2021-11-03,81.11,81.05999999999999,-0.05000000000001137,-2.5000000000005684,True,-7.000000000001137,tom_only
2021-12-01,1,2021-11-30,2021-12-01,76.85000000000001,77.86999999999999,1.0199999999999818,50.99999999999909,True,99.99999999999818,tom_only
2021-12-02,1,2021-12-01,2021-12-02,76.41000000000001,76.86999999999999,0.45999999999997954,22.999999999998977,True,43.999999999997954,tom_only
2021-12-03,1,2021-12-02,2021-12-03,77.36,77.58999999999999,0.22999999999998977,11.499999999999488,True,20.999999999998977,tom_only
2022-01-03,1,2021-12-31,2022-01-03,78.69000000000001,79.13,0.4399999999999835,21.999999999999176,True,41.99999999999835,tom_only
2022-01-04,1,2022-01-03,2022-01-04,79.2,79.67999999999999,0.47999999999998977,23.99999999999949,True,45.99999999999898,tom_only
2022-01-05,1,2022-01-04,2022-01-05,79.65,79.92999999999999,0.2799999999999869,13.999999999999346,True,25.999999999998693,tom_only
2022-02-01,1,2022-01-31,2022-02-01,75.83,76.28,0.45000000000000284,22.500000000000142,True,43.000000000000284,tom_only
2022-02-02,1,2022-02-01,2022-02-02,76.55000000000001,77.14999999999999,0.5999999999999801,29.999999999999005,True,57.99999999999801,tom_only
2022-02-03,1,2022-02-02,2022-02-03,77.12,76.38,-0.7400000000000091,-37.000000000000455,True,-76.00000000000091,tom_only
2022-03-01,1,2022-02-28,2022-03-01,73.23,72.89999999999999,-0.3300000000000125,-16.500000000000625,True,-35.00000000000125,tom_only
2022-03-02,1,2022-03-01,2022-03-02,71.63000000000001,72.11999999999999,0.4899999999999807,24.499999999999034,True,46.99999999999807,tom_only
2022-03-03,1,2022-03-02,2022-03-03,72.53,72.21,-0.3200000000000074,-16.00000000000037,True,-34.00000000000074,tom_only
2022-04-01,1,2022-03-31,2022-04-01,73.61,74.05,0.4399999999999977,21.999999999999886,True,41.99999999999977,tom_only
2022-04-04,1,2022-04-01,2022-04-04,74.30000000000001,74.11999999999999,-0.18000000000002103,-9.000000000001052,True,-20.000000000002103,tom_only
2022-04-05,1,2022-04-04,2022-04-05,74.60000000000001,74.1,-0.5000000000000142,-25.00000000000071,True,-52.00000000000142,tom_only
2022-05-02,1,2022-04-29,2022-05-02,68.65,68.38,-0.27000000000001023,-13.500000000000512,True,-29.000000000001023,tom_only
2022-05-03,1,2022-05-02,2022-05-03,68.48,68.92,0.4399999999999977,21.999999999999886,True,41.99999999999977,tom_only
2022-05-04,1,2022-05-03,2022-05-04,68.99000000000001,68.99,-1.4210854715202004e-14,-7.105427357601002e-13,True,-2.000000000001421,tom_only
2022-06-01,1,2022-05-31,2022-06-01,70.02000000000001,70.41,0.38999999999998636,19.499999999999318,True,36.999999999998636,tom_only
2022-06-02,1,2022-06-01,2022-06-02,69.28,69.82,0.539999999999992,26.999999999999602,True,51.999999999999204,tom_only
2022-06-03,1,2022-06-02,2022-06-03,70.72,69.8,-0.9200000000000017,-46.000000000000085,True,-94.00000000000017,tom_only
2022-07-01,1,2022-06-30,2022-07-01,62.5,61.7,-0.7999999999999972,-39.99999999999986,True,-81.99999999999972,tom_only
2022-07-05,1,2022-07-01,2022-07-05,62.65,60.65,-2.0,-100.0,True,-202.0,tom_only
2022-07-06,1,2022-07-05,2022-07-06,61.309999999999995,61.190000000000005,-0.11999999999999034,-5.999999999999517,True,-13.999999999999034,tom_only
2022-08-01,1,2022-07-29,2022-08-01,65.73,65.69,-0.04000000000000625,-2.0000000000003126,True,-6.000000000000625,tom_only
2022-08-02,1,2022-08-01,2022-08-02,65.82000000000001,65.27,-0.5500000000000114,-27.50000000000057,True,-57.00000000000114,tom_only
2022-08-03,1,2022-08-02,2022-08-03,64.77000000000001,65.03999999999999,0.2699999999999818,13.49999999999909,True,24.99999999999818,tom_only
2022-09-01,1,2022-08-31,2022-09-01,61.71,60.79,-0.9200000000000017,-46.000000000000085,True,-94.00000000000017,tom_only
2022-09-02,1,2022-09-01,2022-09-02,60.879999999999995,61.38,0.5000000000000071,25.000000000000355,True,48.00000000000071,tom_only
2022-09-06,1,2022-09-02,2022-09-06,60.48,60.75,0.2700000000000031,13.500000000000156,True,25.000000000000313,tom_only
2022-10-03,1,2022-09-30,2022-10-03,56.019999999999996,56.580000000000005,0.5600000000000094,28.00000000000047,True,54.00000000000094,tom_only
2022-10-04,1,2022-10-03,2022-10-04,57.129999999999995,58.620000000000005,1.490000000000009,74.50000000000045,True,147.0000000000009,tom_only
2022-10-05,1,2022-10-04,2022-10-05,59.419999999999995,58.410000000000004,-1.009999999999991,-50.499999999999545,True,-102.99999999999909,tom_only
2022-11-01,1,2022-10-31,2022-11-01,59.32,60.49,1.1700000000000017,58.500000000000085,True,115.00000000000017,tom_only
2022-11-02,1,2022-11-01,2022-11-02,59.79,59.85,0.060000000000002274,3.0000000000001137,True,4.000000000000227,tom_only
2022-11-03,1,2022-11-02,2022-11-03,58.919999999999995,58.1,-0.8199999999999932,-40.99999999999966,True,-83.99999999999932,tom_only
2022-12-01,1,2022-11-30,2022-12-01,67.13000000000001,67.86,0.7299999999999898,36.49999999999949,True,70.99999999999898,tom_only
2022-12-02,1,2022-12-01,2022-12-02,67.78,67.13,-0.6500000000000057,-32.500000000000284,True,-67.00000000000057,tom_only
2022-12-05,1,2022-12-02,2022-12-05,67.73,67.47999999999999,-0.2500000000000142,-12.50000000000071,True,-27.00000000000142,tom_only
2023-01-03,1,2022-12-30,2023-01-03,65.65,66.44999999999999,0.799999999999983,39.99999999999915,True,77.9999999999983,tom_only
2023-01-04,1,2023-01-03,2023-01-04,66.23,67.16,0.9299999999999926,46.49999999999963,True,90.99999999999926,tom_only
2023-01-05,1,2023-01-04,2023-01-05,67.11,66.46,-0.6500000000000057,-32.500000000000284,True,-67.00000000000057,tom_only
2023-02-01,1,2023-01-31,2023-02-01,71.56,71.47999999999999,-0.0800000000000125,-4.000000000000625,True,-10.00000000000125,tom_only
2023-02-02,1,2023-02-01,2023-02-02,72.2,72.36999999999999,0.1699999999999875,8.499999999999375,True,14.99999999999875,tom_only
2023-02-03,1,2023-02-02,2023-02-03,72.10000000000001,71.38,-0.7200000000000131,-36.000000000000654,True,-74.00000000000131,tom_only
2023-03-01,1,2023-02-28,2023-03-01,69.36,69.89,0.5300000000000011,26.500000000000057,True,51.000000000000114,tom_only
2023-03-02,1,2023-03-01,2023-03-02,69.73,69.22999999999999,-0.5000000000000142,-25.00000000000071,True,-52.00000000000142,tom_only
2023-03-03,1,2023-03-02,2023-03-03,69.87,70.24,0.36999999999999034,18.499999999999517,True,34.999999999999034,tom_only
2023-04-03,1,2023-03-31,2023-04-03,71.53,71.67999999999999,0.14999999999999147,7.499999999999574,True,12.999999999999147,tom_only
2023-04-04,1,2023-04-03,2023-04-04,72.10000000000001,72.08999999999999,-0.010000000000019327,-0.5000000000009663,True,-3.0000000000019327,tom_only
2023-04-05,1,2023-04-04,2023-04-05,72.11,71.71,-0.4000000000000057,-20.000000000000284,True,-42.00000000000057,tom_only
2023-05-01,1,2023-04-28,2023-05-01,73.63000000000001,73.67999999999999,0.04999999999998295,2.4999999999991473,True,2.9999999999982947,tom_only
2023-05-02,1,2023-05-01,2023-05-02,73.52000000000001,72.82,-0.700000000000017,-35.00000000000085,True,-72.0000000000017,tom_only
2023-05-03,1,2023-05-02,2023-05-03,72.78,73.03,0.25,12.5,True,23.0,tom_only
2023-06-01,1,2023-05-31,2023-06-01,70.68,71.05,0.36999999999999034,18.499999999999517,True,34.999999999999034,tom_only
2023-06-02,1,2023-06-01,2023-06-02,71.73,72.64,0.9099999999999966,45.49999999999983,True,88.99999999999966,tom_only
2023-06-05,1,2023-06-02,2023-06-05,72.66000000000001,72.53,-0.13000000000000966,-6.500000000000483,True,-15.000000000000966,tom_only
2023-07-03,1,2023-06-30,2023-07-03,72.51,72.47,-0.04000000000000625,-2.0000000000003126,True,-6.000000000000625,tom_only
2023-07-05,1,2023-07-03,2023-07-05,72.43,71.89,-0.5400000000000063,-27.000000000000313,True,-56.000000000000625,tom_only
2023-07-06,1,2023-07-05,2023-07-06,71.62,70.53,-1.0900000000000034,-54.50000000000017,True,-111.00000000000034,tom_only
2023-08-01,1,2023-07-31,2023-08-01,74.47,73.72,-0.75,-37.5,True,-77.0,tom_only
2023-08-02,1,2023-08-01,2023-08-02,73.54,72.61999999999999,-0.9200000000000159,-46.000000000000796,True,-94.00000000000159,tom_only
2023-08-03,1,2023-08-02,2023-08-03,72.17,71.58,-0.5900000000000034,-29.50000000000017,True,-61.00000000000034,tom_only
2023-09-01,1,2023-08-31,2023-09-01,71.54,72.14,0.5999999999999943,29.999999999999716,True,57.99999999999943,tom_only
2023-09-05,1,2023-09-01,2023-09-05,71.5,71.3,-0.20000000000000284,-10.000000000000142,True,-22.000000000000284,tom_only
2023-09-06,1,2023-09-05,2023-09-06,70.88000000000001,70.83999999999999,-0.040000000000020464,-2.000000000001023,True,-6.000000000002046,tom_only
2023-10-02,1,2023-09-29,2023-10-02,68.93,68.46,-0.4700000000000131,-23.500000000000654,True,-49.00000000000131,tom_only
2023-10-03,1,2023-10-02,2023-10-03,67.92,67.28999999999999,-0.6300000000000097,-31.500000000000483,True,-65.00000000000097,tom_only
2023-10-04,1,2023-10-03,2023-10-04,67.07000000000001,67.22,0.14999999999999147,7.499999999999574,True,12.999999999999147,tom_only
2023-11-01,1,2023-10-31,2023-11-01,66.93,67.07,0.13999999999998636,6.999999999999318,True,11.999999999998636,tom_only
2023-11-02,1,2023-11-01,2023-11-02,67.56,68.67,1.1099999999999994,55.49999999999997,True,108.99999999999994,tom_only
2023-11-03,1,2023-11-02,2023-11-03,68.94000000000001,69.5,0.5599999999999881,27.999999999999403,True,53.999999999998806,tom_only
2023-12-01,1,2023-11-30,2023-12-01,72.43,72.36999999999999,-0.060000000000016485,-3.0000000000008242,True,-8.000000000001648,tom_only
2023-12-04,1,2023-12-01,2023-12-04,73.19000000000001,72.44999999999999,-0.7400000000000233,-37.000000000001165,True,-76.00000000000233,tom_only
2023-12-05,1,2023-12-04,2023-12-05,72.62,72.38,-0.2400000000000091,-12.000000000000455,True,-26.00000000000091,tom_only
2024-01-02,1,2023-12-29,2024-01-02,75.36,74.53,-0.8299999999999983,-41.499999999999915,True,-84.99999999999983,tom_only
2024-01-03,1,2024-01-02,2024-01-03,74.52000000000001,73.77,-0.7500000000000142,-37.50000000000071,True,-77.00000000000142,tom_only
2024-01-04,1,2024-01-03,2024-01-04,73.96000000000001,73.92999999999999,-0.030000000000015348,-1.5000000000007674,True,-5.000000000001535,tom_only
2024-02-01,1,2024-01-31,2024-02-01,75.02000000000001,75.17999999999999,0.15999999999998238,7.999999999999119,True,13.999999999998238,tom_only
2024-02-02,1,2024-02-01,2024-02-02,75.76,75.11999999999999,-0.6400000000000148,-32.00000000000074,True,-66.00000000000148,tom_only
2024-02-05,1,2024-02-02,2024-02-05,75.16000000000001,74.69,-0.4700000000000131,-23.500000000000654,True,-49.00000000000131,tom_only
2024-03-01,1,2024-02-29,2024-03-01,77.26,77.55999999999999,0.29999999999998295,14.999999999999147,True,27.999999999998295,tom_only
2024-03-04,1,2024-03-01,2024-03-04,78.01,77.75,-0.2600000000000051,-13.000000000000256,True,-28.00000000000051,tom_only
2024-03-05,1,2024-03-04,2024-03-05,77.81,77.83999999999999,0.029999999999986926,1.4999999999993463,True,0.9999999999986926,tom_only
2024-04-01,1,2024-03-28,2024-04-01,79.87,79.71,-0.1600000000000108,-8.00000000000054,True,-18.00000000000108,tom_only
2024-04-02,1,2024-04-01,2024-04-02,79.53,78.88,-0.6500000000000057,-32.500000000000284,True,-67.00000000000057,tom_only
2024-04-03,1,2024-04-02,2024-04-03,78.97,78.80999999999999,-0.1600000000000108,-8.00000000000054,True,-18.00000000000108,tom_only
2024-05-01,1,2024-04-30,2024-05-01,77.28,77.24,-0.04000000000000625,-2.0000000000003126,True,-6.000000000000625,tom_only
2024-05-02,1,2024-05-01,2024-05-02,77.11,77.92,0.8100000000000023,40.500000000000114,True,79.00000000000023,tom_only
2024-05-03,1,2024-05-02,2024-05-03,78.15,78.99,0.8399999999999892,41.99999999999946,True,81.99999999999892,tom_only
2024-06-03,1,2024-05-31,2024-06-03,81.19000000000001,81.44,0.2499999999999858,12.49999999999929,True,22.99999999999858,tom_only
2024-06-04,1,2024-06-03,2024-06-04,81.42,81.22,-0.20000000000000284,-10.000000000000142,True,-22.000000000000284,tom_only
2024-06-05,1,2024-06-04,2024-06-05,81.32000000000001,81.69999999999999,0.37999999999998124,18.999999999999062,True,35.999999999998124,tom_only
2024-07-01,1,2024-06-28,2024-07-01,78.34,78.75999999999999,0.4199999999999875,20.999999999999375,True,39.99999999999875,tom_only
2024-07-02,1,2024-07-01,2024-07-02,78.48,78.22,-0.2600000000000051,-13.000000000000256,True,-28.00000000000051,tom_only
2024-07-03,1,2024-07-02,2024-07-03,78.67,79.24,0.5699999999999932,28.49999999999966,True,54.99999999999932,tom_only
2024-08-01,1,2024-07-31,2024-08-01,80.37,79.33,-1.0400000000000063,-52.00000000000031,True,-106.00000000000063,tom_only
2024-08-02,1,2024-08-01,2024-08-02,78.24000000000001,77.19,-1.0500000000000114,-52.50000000000057,True,-107.00000000000114,tom_only
2024-08-05,1,2024-08-02,2024-08-05,77.01,74.22,-2.7900000000000063,-139.5000000000003,True,-281.0000000000006,tom_only
2024-09-03,1,2024-08-30,2024-09-03,82.99000000000001,82.55,-0.44000000000001194,-22.000000000000597,True,-46.000000000001194,tom_only
2024-09-04,1,2024-09-03,2024-09-04,81.68,81.05999999999999,-0.6200000000000188,-31.000000000000938,True,-64.00000000000188,tom_only
2024-09-05,1,2024-09-04,2024-09-05,81.32000000000001,81.39999999999999,0.07999999999998408,3.999999999999204,True,5.999999999998408,tom_only
2024-10-01,1,2024-09-30,2024-10-01,83.64,83.64999999999999,0.009999999999990905,0.49999999999954525,True,-1.0000000000009095,tom_only
2024-10-02,1,2024-10-01,2024-10-02,83.02000000000001,82.85,-0.17000000000001592,-8.500000000000796,True,-19.00000000000159,tom_only
2024-10-03,1,2024-10-02,2024-10-03,82.85000000000001,82.11,-0.7400000000000091,-37.000000000000455,True,-76.00000000000091,tom_only
2024-11-01,1,2024-10-31,2024-11-01,79.23,79.64,0.4099999999999966,20.49999999999983,True,38.99999999999966,tom_only
2024-11-04,1,2024-11-01,2024-11-04,79.39,79.80999999999999,0.4199999999999875,20.999999999999375,True,39.99999999999875,tom_only
2024-11-05,1,2024-11-04,2024-11-05,79.45,79.64,0.18999999999999773,9.499999999999886,True,16.999999999999773,tom_only
2024-12-02,1,2024-11-29,2024-12-02,78.98,79.07,0.0899999999999892,4.49999999999946,True,6.99999999999892,tom_only
2024-12-03,1,2024-12-02,2024-12-03,79.2,79.67999999999999,0.47999999999998977,23.99999999999949,True,45.99999999999898,tom_only
2024-12-04,1,2024-12-03,2024-12-04,79.65,79.72999999999999,0.07999999999998408,3.999999999999204,True,5.999999999998408,tom_only
2025-01-02,1,2024-12-31,2025-01-02,75.62,75.69,0.06999999999999318,3.499999999999659,True,4.999999999999318,tom_only
2025-01-03,1,2025-01-02,2025-01-03,75.36,75.52,0.1599999999999966,7.9999999999998295,True,13.999999999999659,tom_only
2025-01-06,1,2025-01-03,2025-01-06,75.69000000000001,76.32,0.6299999999999812,31.499999999999062,True,60.999999999998124,tom_only
2025-02-03,1,2025-01-31,2025-02-03,79.25,77.89999999999999,-1.3500000000000085,-67.50000000000043,True,-137.00000000000085,tom_only
2025-02-04,1,2025-02-03,2025-02-04,78.32000000000001,78.77,0.44999999999998863,22.49999999999943,True,42.99999999999886,tom_only
2025-02-05,1,2025-02-04,2025-02-05,79.23,79.69999999999999,0.46999999999998465,23.499999999999233,True,44.999999999998465,tom_only
2025-03-03,1,2025-02-28,2025-03-03,81.59,83.16,1.5699999999999932,78.49999999999966,True,154.99999999999932,tom_only
2025-03-04,1,2025-03-03,2025-03-04,82.49000000000001,81.88,-0.6100000000000136,-30.500000000000682,True,-63.000000000001364,tom_only
2025-03-05,1,2025-03-04,2025-03-05,82.47,83.57,1.0999999999999943,54.999999999999716,True,107.99999999999943,tom_only
2025-04-01,1,2025-03-31,2025-04-01,81.74000000000001,81.77,0.029999999999986926,1.4999999999993463,True,0.9999999999986926,tom_only
2025-04-02,1,2025-04-01,2025-04-02,81.86,81.24,-0.6200000000000045,-31.000000000000227,True,-64.00000000000045,tom_only
2025-04-03,1,2025-04-02,2025-04-03,82.05000000000001,81.22999999999999,-0.8200000000000216,-41.00000000000108,True,-84.00000000000216,tom_only
2025-05-01,1,2025-04-30,2025-05-01,84.76,84.97,0.20999999999999375,10.499999999999687,True,18.999999999999375,tom_only
2025-05-02,1,2025-05-01,2025-05-02,84.49000000000001,85.96,1.4699999999999847,73.49999999999923,True,144.99999999999847,tom_only
2025-05-05,1,2025-05-02,2025-05-05,86.11,86.36,0.25,12.5,True,23.0,tom_only
2025-06-02,1,2025-05-30,2025-06-02,88.82000000000001,88.96,0.13999999999998636,6.999999999999318,True,11.999999999998636,tom_only
2025-06-03,1,2025-06-02,2025-06-03,89.77000000000001,88.85,-0.9200000000000159,-46.000000000000796,True,-94.00000000000159,tom_only
2025-06-04,1,2025-06-03,2025-06-04,89.09,89.28,0.18999999999999773,9.499999999999886,True,16.999999999999773,tom_only
2025-07-01,1,2025-06-30,2025-07-01,89.4,89.1,-0.30000000000001137,-15.000000000000568,True,-32.00000000000114,tom_only
2025-07-02,1,2025-07-01,2025-07-02,89.25,88.96,-0.29000000000000625,-14.500000000000313,True,-31.000000000000625,tom_only
2025-07-03,1,2025-07-02,2025-07-03,89.51,89.41,-0.10000000000000853,-5.000000000000426,True,-12.000000000000853,tom_only
2025-08-01,1,2025-07-31,2025-08-01,87.53,87.27,-0.2600000000000051,-13.000000000000256,True,-28.00000000000051,tom_only
2025-08-04,1,2025-08-01,2025-08-04,87.30000000000001,88.22,0.9199999999999875,45.999999999999375,True,89.99999999999875,tom_only
2025-08-05,1,2025-08-04,2025-08-05,88.46000000000001,88.58999999999999,0.12999999999998124,6.499999999999062,True,10.999999999998124,tom_only
2025-09-02,1,2025-08-29,2025-09-02,91.49000000000001,90.08999999999999,-1.40000000000002,-70.000000000001,True,-142.000000000002,tom_only
2025-09-03,1,2025-09-02,2025-09-03,90.59,90.44,-0.15000000000000568,-7.500000000000284,True,-17.00000000000057,tom_only
2025-09-04,1,2025-09-03,2025-09-04,90.73,90.99,0.2599999999999909,12.999999999999545,True,23.99999999999909,tom_only
2025-10-01,1,2025-09-30,2025-10-01,93.38000000000001,93.86999999999999,0.4899999999999807,24.499999999999034,True,46.99999999999807,tom_only
2025-10-02,1,2025-10-01,2025-10-02,94.15,94.53,0.37999999999999545,18.999999999999773,True,35.999999999999545,tom_only
2025-10-03,1,2025-10-02,2025-10-03,94.30000000000001,94.96,0.6599999999999824,32.99999999999912,True,63.99999999999824,tom_only
2025-11-03,1,2025-10-31,2025-11-03,94.5,94.55,0.04999999999999716,2.499999999999858,True,2.999999999999716,tom_only
2025-11-04,1,2025-11-03,2025-11-04,94.54,93.52,-1.0200000000000102,-51.00000000000051,True,-104.00000000000102,tom_only
2025-11-05,1,2025-11-04,2025-11-05,93.57000000000001,93.67,0.09999999999999432,4.999999999999716,True,7.999999999999432,tom_only
2025-12-01,1,2025-11-28,2025-12-01,95.2,94.91,-0.29000000000000625,-14.500000000000313,True,-31.000000000000625,tom_only
2025-12-02,1,2025-12-01,2025-12-02,94.73,95.07,0.3399999999999892,16.99999999999946,True,31.99999999999892,tom_only
2025-12-03,1,2025-12-02,2025-12-03,95.05000000000001,95.1,0.04999999999998295,2.4999999999991473,True,2.9999999999982947,tom_only
2026-01-02,1,2025-12-31,2026-01-02,96.04,97.02,0.9799999999999898,48.99999999999949,True,95.99999999999898,tom_only
2026-01-05,1,2026-01-02,2026-01-05,97.05000000000001,97.25,0.19999999999998863,9.999999999999432,True,17.999999999998863,tom_only
2026-01-06,1,2026-01-05,2026-01-06,98.16000000000001,98.3,0.13999999999998636,6.999999999999318,True,11.999999999998636,tom_only
2026-02-02,1,2026-01-30,2026-02-02,100.75,100.86999999999999,0.11999999999999034,5.999999999999517,True,9.999999999999034,tom_only
2026-02-03,1,2026-02-02,2026-02-03,101.41000000000001,101.13,-0.28000000000001535,-14.000000000000767,True,-30.000000000001535,tom_only
2026-02-04,1,2026-02-03,2026-02-04,101.46000000000001,102.47,1.009999999999991,50.499999999999545,True,98.99999999999909,tom_only
2026-03-02,1,2026-02-27,2026-03-02,105.39,102.72,-2.6700000000000017,-133.50000000000009,True,-269.00000000000017,tom_only
2026-03-03,1,2026-03-02,2026-03-03,103.31,98.67,-4.640000000000001,-232.00000000000003,True,-466.00000000000006,tom_only
2026-03-04,1,2026-03-03,2026-03-04,100.10000000000001,100.77,0.6699999999999875,33.499999999999375,True,64.99999999999875,tom_only
2026-04-01,1,2026-03-31,2026-04-01,97.14,98.50999999999999,1.3699999999999903,68.49999999999952,True,134.99999999999903,tom_only
2026-04-02,1,2026-04-01,2026-04-02,98.62,96.53,-2.0900000000000034,-104.50000000000017,True,-211.00000000000034,tom_only
2026-04-06,1,2026-04-02,2026-04-06,98.01,98.11999999999999,0.10999999999998522,5.499999999999261,True,8.999999999998522,tom_only
2026-05-01,1,2026-04-30,2026-05-01,102.33,102.28,-0.04999999999999716,-2.499999999999858,True,-6.999999999999716,tom_only
2026-05-04,1,2026-05-01,2026-05-04,102.11,101.39,-0.7199999999999989,-35.99999999999994,True,-73.99999999999989,tom_only
2026-05-05,1,2026-05-04,2026-05-05,100.71000000000001,101.66,0.9499999999999886,47.49999999999943,True,92.99999999999886,tom_only
2026-06-01,1,2026-05-29,2026-06-01,104.81,103.97999999999999,-0.8300000000000125,-41.500000000000625,True,-85.00000000000125,tom_only
2026-06-02,1,2026-06-01,2026-06-02,104.45,104.58,0.12999999999999545,6.499999999999773,True,10.999999999999545,tom_only
2026-06-03,1,2026-06-02,2026-06-03,105.03,104.57,-0.46000000000000796,-23.000000000000398,True,-48.000000000000796,tom_only
2026-07-01,1,2026-06-30,2026-07-01,103.89,103.05999999999999,-0.8300000000000125,-41.500000000000625,True,-85.00000000000125,tom_only
2026-07-02,1,2026-07-01,2026-07-02,103.03,104.58,1.5499999999999972,77.49999999999986,True,152.99999999999972,tom_only
2026-07-06,1,2026-07-02,2026-07-06,104.38000000000001,104.97999999999999,0.5999999999999801,29.999999999999005,True,57.99999999999801,tom_only
2026-08-03,1,2026-07-31,2026-08-03,105.59,105.71,0.11999999999999034,5.999999999999517,True,9.999999999999034,tom_only
2026-08-04,1,2026-08-03,2026-08-04,106.03,106.71,0.6799999999999926,33.99999999999963,True,65.99999999999926,tom_only
2026-08-05,1,2026-08-04,2026-08-05,107.33,107.97999999999999,0.6499999999999915,32.499999999999574,True,62.99999999999915,tom_only
2026-09-01,1,2026-08-31,2026-09-01,107.46000000000001,107.03,-0.4300000000000068,-21.50000000000034,True,-45.00000000000068,tom_only
2026-09-02,1,2026-09-01,2026-09-02,106.5,106.72,0.21999999999999886,10.999999999999943,True,19.999999999999886,tom_only
2026-09-03,1,2026-09-02,2026-09-03,107.07000000000001,107.97999999999999,0.9099999999999824,45.49999999999912,True,88.99999999999824,tom_only
