date,side,entry_time,exit_time,entry,exit,pts,risk_pts,r_mult,pnl,reason
2025-09-08,-1,2025-09-08 12:15:00-04:00,2025-09-08 12:35:00-04:00,6560.0,6551.339285714285,8.660714285714675,3.4642857142853245,2.500000000000394,41.603571428573375,target
2025-09-08,-1,2025-09-08 13:50:00-04:00,2025-09-08 14:15:00-04:00,6551.25,6554.732142857143,-3.482142857143117,3.232142857143117,-1.0773480662983363,-19.110714285715584,stop
2025-09-09,1,2025-09-09 13:05:00-04:00,2025-09-09 14:45:00-04:00,6564.75,6572.5625,7.8125,3.125,2.5,37.3625,target
2025-09-09,1,2025-09-09 15:30:00-04:00,2025-09-09 15:30:00-04:00,6573.75,6571.696428571428,-2.0535714285715585,1.8035714285715585,-1.1386138613861285,-11.967857142857792,stop
2025-09-10,-1,2025-09-10 12:45:00-04:00,2025-09-10 12:50:00-04:00,6593.5,6596.839285714285,-3.3392857142853245,3.0892857142853245,-1.0809248554913398,-18.396428571426622,stop
2025-09-10,-1,2025-09-10 15:10:00-04:00,2025-09-10 15:40:00-04:00,6583.75,6588.125,-4.375,4.125,-1.0606060606060606,-23.575,stop
2025-09-11,1,2025-09-11 15:35:00-04:00,2025-09-11 15:40:00-04:00,6652.75,6650.214285714285,-2.5357142857146755,2.2857142857146755,-1.1093749999999813,-14.378571428573377,stop
2025-09-12,1,2025-09-12 13:50:00-04:00,2025-09-12 14:30:00-04:00,6653.5,6658.544642857143,5.044642857143117,2.017857142856883,2.5000000000004508,23.523214285715586,target
2025-09-15,-1,2025-09-15 13:00:00-04:00,2025-09-15 13:05:00-04:00,6671.0,6673.785714285715,-2.7857142857146755,2.5357142857146755,-1.0985915492957594,-15.628571428573377,stop
2025-09-15,1,2025-09-15 15:50:00-04:00,2025-09-15 15:50:00-04:00,6674.75,6671.142857142857,-3.607142857143117,3.357142857143117,-1.0744680851063773,-19.735714285715584,stop
2025-09-16,1,2025-09-16 12:55:00-04:00,2025-09-16 15:35:00-04:00,6670.0,6666.625,-3.375,3.125,-1.08,-18.575,stop
2025-09-17,-1,2025-09-17 11:40:00-04:00,2025-09-17 11:40:00-04:00,6657.5,6661.410714285715,-3.9107142857146755,3.6607142857146755,-1.068292682926822,-21.253571428573377,stop
2025-09-17,-1,2025-09-17 12:35:00-04:00,2025-09-17 13:30:00-04:00,6654.75,6658.125,-3.375,3.125,-1.08,-18.575,stop
2025-09-19,1,2025-09-19 15:00:00-04:00,2025-09-19 15:25:00-04:00,6717.0,6723.383928571428,6.3839285714284415,2.5535714285715585,2.499999999999822,30.219642857142208,target
2025-09-22,1,2025-09-22 12:15:00-04:00,2025-09-22 12:35:00-04:00,6737.25,6744.839285714285,7.5892857142853245,3.0357142857146755,2.4999999999995506,36.24642857142662,target
2025-09-22,1,2025-09-22 15:15:00-04:00,2025-09-22 15:35:00-04:00,6755.5,6753.053571428572,-2.4464285714284415,2.1964285714284415,-1.113821138211389,-13.932142857142207,stop
2025-09-23,1,2025-09-23 15:55:00-04:00,2025-09-23 15:55:00-04:00,6717.25,6712.625,-4.625,4.375,-1.0571428571428572,-24.825,stop
2025-09-24,-1,2025-09-24 11:15:00-04:00,2025-09-24 11:20:00-04:00,6705.75,6710.589285714285,-4.8392857142853245,4.5892857142853245,-1.054474708171211,-25.896428571426622,stop
2025-09-24,-1,2025-09-24 11:35:00-04:00,2025-09-24 11:50:00-04:00,6703.5,6692.517857142857,10.982142857143117,4.392857142856883,2.500000000000207,53.21071428571558,target
2025-09-25,-1,2025-09-25 13:25:00-04:00,2025-09-25 13:25:00-04:00,6647.0,6653.696428571428,-6.6964285714284415,6.4464285714284415,-1.0387811634349038,-35.18214285714221,stop
2025-09-26,1,2025-09-26 12:25:00-04:00,2025-09-26 15:55:00-04:00,6684.5,6696.0,11.5,7.2857142857146755,1.5784313725489352,55.8,time
2025-09-29,-1,2025-09-29 12:55:00-04:00,2025-09-29 14:10:00-04:00,6706.5,6711.089285714285,-4.5892857142853245,4.3392857142853245,-1.057613168724285,-24.646428571426622,stop
2025-09-30,-1,2025-09-30 13:25:00-04:00,2025-09-30 13:45:00-04:00,6696.75,6701.785714285715,-5.0357142857146755,4.7857142857146755,-1.052238805970145,-26.878571428573377,stop
2025-10-01,1,2025-10-01 13:05:00-04:00,2025-10-01 13:25:00-04:00,6748.0,6755.767857142857,7.767857142856883,3.107142857143117,2.4999999999997073,37.13928571428441,target
2025-10-02,1,2025-10-02 13:45:00-04:00,2025-10-02 15:55:00-04:00,6762.75,6766.25,3.5,3.857142857143117,0.9074074074073463,15.8,time
2025-10-03,1,2025-10-03 12:00:00-04:00,2025-10-03 12:40:00-04:00,6798.25,6794.267857142857,-3.982142857143117,3.732142857143117,-1.0669856459330096,-21.610714285715584,stop
2025-10-03,-1,2025-10-03 13:05:00-04:00,2025-10-03 13:10:00-04:00,6781.5,6785.571428571428,-4.0714285714284415,3.8214285714284415,-1.0654205607476657,-22.057142857142207,stop
2025-10-06,1,2025-10-06 13:25:00-04:00,2025-10-06 13:30:00-04:00,6795.25,6792.089285714285,-3.1607142857146755,2.9107142857146755,-1.0858895705521356,-17.503571428573377,stop
2025-10-06,-1,2025-10-06 15:20:00-04:00,2025-10-06 15:50:00-04:00,6790.75,6793.375,-2.625,2.375,-1.105263157894737,-14.825,stop
2025-10-07,-1,2025-10-07 14:05:00-04:00,2025-10-07 14:10:00-04:00,6750.5,6756.017857142857,-5.517857142856883,5.267857142856883,-1.0474576271186464,-29.289285714284414,stop
2025-10-07,1,2025-10-07 15:45:00-04:00,2025-10-07 15:55:00-04:00,6764.5,6761.160714285715,-3.3392857142853245,3.0892857142853245,-1.0809248554913398,-18.396428571426622,stop
2025-10-08,1,2025-10-08 11:55:00-04:00,2025-10-08 12:00:00-04:00,6801.0,6797.625,-3.375,3.125,-1.08,-18.575,stop
2025-10-08,-1,2025-10-08 14:45:00-04:00,2025-10-08 15:15:00-04:00,6794.75,6797.821428571428,-3.0714285714284415,2.8214285714284415,-1.0886075949367129,-17.057142857142207,stop
2025-10-09,-1,2025-10-09 13:00:00-04:00,2025-10-09 13:05:00-04:00,6766.75,6771.75,-5.0,4.75,-1.0526315789473684,-26.7,stop
2025-10-09,1,2025-10-09 15:20:00-04:00,2025-10-09 15:55:00-04:00,6773.75,6780.75,7.0,3.8392857142853245,1.8232558139536734,33.3,time
2025-10-10,-1,2025-10-10 13:00:00-04:00,2025-10-10 13:35:00-04:00,6655.0,6670.392857142857,-15.392857142856883,15.142857142856883,-1.0165094339622645,-78.66428571428442,stop
2025-10-10,-1,2025-10-10 14:55:00-04:00,2025-10-10 15:00:00-04:00,6632.0,6642.196428571428,-10.196428571428442,9.946428571428442,-1.0251346499102336,-52.68214285714221,stop
2025-10-13,1,2025-10-13 13:00:00-04:00,2025-10-13 13:10:00-04:00,6707.75,6701.607142857143,-6.142857142856883,5.892857142856883,-1.0424242424242443,-32.41428571428442,stop
2025-10-13,-1,2025-10-13 14:55:00-04:00,2025-10-13 15:15:00-04:00,6687.5,6693.125,-5.625,5.375,-1.0465116279069768,-29.825,stop
2025-10-14,1,2025-10-14 11:50:00-04:00,2025-10-14 12:35:00-04:00,6685.0,6708.482142857143,23.482142857143117,9.392857142856883,2.500000000000097,115.71071428571558,target
2025-10-14,-1,2025-10-14 15:35:00-04:00,2025-10-14 15:35:00-04:00,6706.5,6694.446428571428,12.053571428571558,4.8214285714284415,2.500000000000094,58.56785714285779,target
2025-10-15,-1,2025-10-15 11:35:00-04:00,2025-10-15 11:40:00-04:00,6731.0,6714.526785714285,16.473214285714675,6.5892857142853245,2.500000000000207,80.66607142857337,target
2025-10-15,-1,2025-10-15 15:55:00-04:00,2025-10-15 15:55:00-04:00,6698.25,6705.107142857143,-6.857142857143117,6.607142857143117,-1.0378378378378363,-35.98571428571559,stop
2025-10-16,-1,2025-10-16 14:15:00-04:00,2025-10-16 14:40:00-04:00,6645.0,6658.357142857143,-13.357142857143117,13.107142857143117,-1.0190735694822886,-68.48571428571559,stop
2025-10-17,1,2025-10-17 12:05:00-04:00,2025-10-17 12:55:00-04:00,6686.75,6673.0,-13.75,13.5,-1.0185185185185186,-70.45,stop
2025-10-17,1,2025-10-17 14:10:00-04:00,2025-10-17 15:55:00-04:00,6697.25,6703.5,6.25,9.482142857143117,0.6591337099811495,29.55,time
2025-10-20,1,2025-10-20 13:05:00-04:00,2025-10-20 14:45:00-04:00,6777.25,6772.696428571428,-4.5535714285715585,4.3035714285715585,-1.0580912863070522,-24.467857142857792,stop
2025-10-20,-1,2025-10-20 14:50:00-04:00,2025-10-20 14:55:00-04:00,6774.5,6777.357142857143,-2.857142857143117,2.607142857143117,-1.0958904109588945,-15.985714285715584,stop
2025-10-21,-1,2025-10-21 13:00:00-04:00,2025-10-21 13:10:00-04:00,6774.75,6779.303571428572,-4.5535714285715585,4.3035714285715585,-1.0580912863070522,-24.467857142857792,stop
2025-10-21,1,2025-10-21 15:55:00-04:00,2025-10-21 15:55:00-04:00,6784.0,6780.75,-3.25,3.0,-1.0833333333333333,-17.95,stop
2025-10-22,-1,2025-10-22 13:25:00-04:00,2025-10-22 14:40:00-04:00,6708.75,6721.517857142857,-12.767857142856883,12.517857142856883,-1.0199714693295296,-65.53928571428442,stop
2025-10-23,1,2025-10-23 12:10:00-04:00,2025-10-23 13:55:00-04:00,6766.0,6783.1875,17.1875,6.875,2.5,84.2375,target
2025-10-23,-1,2025-10-23 15:40:00-04:00,2025-10-23 15:50:00-04:00,6779.0,6772.660714285715,6.3392857142853245,2.5357142857146755,2.499999999999462,29.996428571426623,target
2025-10-24,1,2025-10-24 15:10:00-04:00,2025-10-24 15:15:00-04:00,6840.5,6837.803571428572,-2.6964285714284415,2.4464285714284415,-1.1021897810219032,-15.182142857142207,stop
2025-10-27,-1,2025-10-27 13:25:00-04:00,2025-10-27 13:25:00-04:00,6888.0,6890.339285714285,-2.3392857142853245,2.0892857142853245,-1.1196581196581419,-13.396428571426622,stop
2025-10-27,1,2025-10-27 15:10:00-04:00,2025-10-27 15:15:00-04:00,6898.75,6896.946428571428,-1.8035714285715585,1.5535714285715585,-1.1609195402298715,-10.717857142857792,stop
2025-10-27,1,2025-10-27 15:35:00-04:00,2025-10-27 15:35:00-04:00,6899.75,6903.991071428572,4.2410714285715585,1.6964285714284415,2.5000000000002682,19.505357142857793,target
2025-10-28,-1,2025-10-28 11:35:00-04:00,2025-10-28 11:55:00-04:00,6906.5,6910.875,-4.375,4.125,-1.0606060606060606,-23.575,stop
2025-10-28,1,2025-10-28 14:20:00-04:00,2025-10-28 14:25:00-04:00,6939.0,6935.446428571428,-3.5535714285715585,3.3035714285715585,-1.0756756756756727,-19.467857142857792,stop
2025-10-28,1,2025-10-28 15:30:00-04:00,2025-10-28 15:30:00-04:00,6942.75,6939.571428571428,-3.1785714285715585,2.9285714285715585,-1.0853658536585329,-17.592857142857792,stop
2025-10-29,-1,2025-10-29 14:15:00-04:00,2025-10-29 14:15:00-04:00,6930.5,6936.303571428572,-5.8035714285715585,5.5535714285715585,-1.045016077170417,-30.717857142857792,stop
2025-10-30,-1,2025-10-30 14:15:00-04:00,2025-10-30 15:15:00-04:00,6883.0,6867.955357142857,15.044642857143117,6.017857142856883,2.500000000000151,73.52321428571558,target
2025-10-31,1,2025-10-31 15:25:00-04:00,2025-10-31 15:50:00-04:00,6890.0,6884.517857142857,-5.482142857143117,5.232142857143117,-1.047781569965868,-29.110714285715584,stop
2025-11-03,-1,2025-11-03 15:35:00-05:00,2025-11-03 15:35:00-05:00,6877.0,6881.232142857143,-4.232142857143117,3.982142857143117,-1.062780269058292,-22.860714285715584,stop
2025-11-03,-1,2025-11-03 15:50:00-05:00,2025-11-03 15:55:00-05:00,6877.5,6882.160714285715,-4.6607142857146755,4.4107142857146755,-1.0566801619433148,-25.003571428573377,stop
2025-11-04,-1,2025-11-04 12:20:00-05:00,2025-11-04 12:20:00-05:00,6809.0,6816.303571428572,-7.3035714285715585,7.0535714285715585,-1.0354430379746828,-38.217857142857795,stop
2025-11-05,1,2025-11-05 11:30:00-05:00,2025-11-05 12:30:00-05:00,6831.5,6852.214285714285,20.714285714285325,8.285714285714675,2.4999999999998352,101.87142857142662,target
2025-11-05,-1,2025-11-05 14:10:00-05:00,2025-11-05 14:10:00-05:00,6847.0,6850.892857142857,-3.892857142856883,3.642857142856883,-1.068627450980397,-21.164285714284414,stop
2025-11-05,-1,2025-11-05 15:30:00-05:00,2025-11-05 15:45:00-05:00,6846.5,6839.267857142857,7.232142857143117,2.892857142856883,2.5000000000003144,34.46071428571558,target
2025-11-06,-1,2025-11-06 15:40:00-05:00,2025-11-06 15:55:00-05:00,6766.25,6747.142857142857,19.107142857143117,7.642857142856883,2.500000000000119,93.83571428571558,target
2025-11-07,1,2025-11-07 14:35:00-05:00,2025-11-07 14:40:00-05:00,6720.0,6739.553571428572,19.55357142857156,7.8214285714284415,2.500000000000058,96.06785714285779,target
2025-11-10,1,2025-11-10 12:35:00-05:00,2025-11-10 12:55:00-05:00,6823.0,6840.946428571428,17.94642857142844,7.1785714285715585,2.4999999999999365,88.0321428571422,target
2025-11-10,1,2025-11-10 14:30:00-05:00,2025-11-10 15:05:00-05:00,6851.75,6861.928571428572,10.178571428571558,4.0714285714284415,2.500000000000112,49.19285714285779,target
2025-11-11,1,2025-11-11 12:20:00-05:00,2025-11-11 13:15:00-05:00,6855.75,6873.5625,17.8125,7.125,2.5,87.3625,target
2025-11-12,-1,2025-11-12 11:50:00-05:00,2025-11-12 11:50:00-05:00,6855.5,6863.089285714285,-7.5892857142853245,7.3392857142853245,-1.0340632603406343,-39.646428571426625,stop
2025-11-12,1,2025-11-12 12:40:00-05:00,2025-11-12 12:50:00-05:00,6877.75,6869.767857142857,-7.982142857143117,7.732142857143117,-1.0323325635103915,-41.61071428571559,stop
2025-11-12,-1,2025-11-12 14:30:00-05:00,2025-11-12 14:40:00-05:00,6869.75,6874.928571428572,-5.1785714285715585,4.9285714285715585,-1.050724637681158,-27.592857142857792,stop
2025-11-13,-1,2025-11-13 13:30:00-05:00,2025-11-13 14:30:00-05:00,6769.0,6777.678571428572,-8.678571428571558,8.428571428571558,-1.029661016949152,-45.092857142857795,stop
2025-11-14,-1,2025-11-14 13:05:00-05:00,2025-11-14 13:10:00-05:00,6764.5,6773.714285714285,-9.214285714285325,8.964285714285325,-1.0278884462151407,-47.771428571426625,stop
2025-11-14,-1,2025-11-14 13:25:00-05:00,2025-11-14 13:55:00-05:00,6764.75,6775.553571428572,-10.803571428571558,10.553571428571558,-1.0236886632825717,-55.717857142857795,stop
2025-11-14,-1,2025-11-14 15:50:00-05:00,2025-11-14 15:50:00-05:00,6750.25,6758.732142857143,-8.482142857143117,8.232142857143117,-1.0303687635574827,-44.11071428571559,stop
2025-11-18,1,2025-11-18 11:30:00-05:00,2025-11-18 12:10:00-05:00,6651.75,6635.714285714285,-16.035714285714675,15.785714285714675,-1.0158371040723977,-81.87857142857338,stop
2025-11-18,1,2025-11-18 12:55:00-05:00,2025-11-18 15:25:00-05:00,6671.5,6657.285714285715,-14.214285714285325,13.964285714285325,-1.0179028132992332,-72.77142857142663,stop
2025-11-19,-1,2025-11-19 12:40:00-05:00,2025-11-19 12:40:00-05:00,6625.25,6636.964285714285,-11.714285714285325,11.464285714285325,-1.0218068535825553,-60.271428571426625,stop
2025-11-19,-1,2025-11-19 14:30:00-05:00,2025-11-19 14:50:00-05:00,6632.75,6644.339285714285,-11.589285714285325,11.339285714285325,-1.022047244094489,-59.646428571426625,stop
2025-11-20,-1,2025-11-20 15:40:00-05:00,2025-11-20 15:55:00-05:00,6573.0,6559.0,14.0,14.214285714285325,0.9849246231156049,68.3,time
2025-11-21,1,2025-11-21 13:50:00-05:00,2025-11-21 13:55:00-05:00,6662.5,6648.196428571428,-14.303571428571558,14.053571428571558,-1.0177890724269376,-73.2178571428578,stop
2025-11-21,-1,2025-11-21 15:30:00-05:00,2025-11-21 15:35:00-05:00,6627.5,6639.5,-12.0,11.75,-1.0212765957446808,-61.7,stop
2025-11-24,1,2025-11-24 12:40:00-05:00,2025-11-24 14:35:00-05:00,6720.25,6713.482142857143,-6.767857142856883,6.517857142856883,-1.0383561643835633,-35.53928571428442,stop
2025-11-25,1,2025-11-25 12:05:00-05:00,2025-11-25 12:35:00-05:00,6753.0,6773.625,20.625,8.25,2.5,101.425,target
2025-11-25,-1,2025-11-25 14:20:00-05:00,2025-11-25 14:50:00-05:00,6760.5,6765.553571428572,-5.0535714285715585,4.8035714285715585,-1.0520446096654261,-26.967857142857792,stop
2025-11-26,-1,2025-11-26 13:10:00-05:00,2025-11-26 13:10:00-05:00,6832.0,6838.357142857143,-6.357142857143117,6.107142857143117,-1.0409356725146182,-33.48571428571559,stop
2025-11-26,-1,2025-11-26 13:45:00-05:00,2025-11-26 13:45:00-05:00,6826.5,6834.035714285715,-7.5357142857146755,7.2857142857146755,-1.0343137254901942,-39.37857142857338,stop
2025-11-26,-1,2025-11-26 15:55:00-05:00,2025-11-26 15:55:00-05:00,6831.75,6825.75,6.0,4.8214285714284415,1.244444444444478,28.3,time
2025-12-01,-1,2025-12-01 14:20:00-05:00,2025-12-01 14:25:00-05:00,6840.5,6831.080357142857,9.419642857143117,3.767857142856883,2.5000000000002416,45.39821428571558,target
2025-12-02,1,2025-12-02 14:55:00-05:00,2025-12-02 15:50:00-05:00,6848.5,6842.089285714285,-6.4107142857146755,6.1607142857146755,-1.040579710144925,-33.75357142857338,stop
2025-12-03,-1,2025-12-03 15:55:00-05:00,2025-12-03 15:55:00-05:00,6860.75,6862.75,-2.0,3.232142857143117,-0.6187845303866906,-11.7,time
2025-12-04,1,2025-12-04 13:30:00-05:00,2025-12-04 13:40:00-05:00,6870.25,6865.553571428572,-4.6964285714284415,4.4464285714284415,-1.0562248995983952,-25.182142857142207,stop
2025-12-04,-1,2025-12-04 14:15:00-05:00,2025-12-04 14:20:00-05:00,6859.0,6847.883928571428,11.116071428571558,4.4464285714284415,2.500000000000102,53.88035714285779,target
2025-12-05,1,2025-12-05 13:10:00-05:00,2025-12-05 13:15:00-05:00,6888.0,6882.5,-5.5,5.25,-1.0476190476190477,-29.2,stop
2025-12-05,-1,2025-12-05 15:50:00-05:00,2025-12-05 15:50:00-05:00,6870.75,6875.071428571428,-4.3214285714284415,4.0714285714284415,-1.0614035087719318,-23.307142857142207,stop
2025-12-09,-1,2025-12-09 12:40:00-05:00,2025-12-09 15:30:00-05:00,6860.5,6850.008928571428,10.491071428571558,4.1964285714284415,2.5000000000001084,50.75535714285779,target
2025-12-09,-1,2025-12-09 15:55:00-05:00,2025-12-09 15:55:00-05:00,6847.25,6849.5,-2.25,3.1607142857146755,-0.7118644067795732,-12.95,time
2025-12-10,1,2025-12-10 14:10:00-05:00,2025-12-10 14:10:00-05:00,6871.25,6863.964285714285,-7.2857142857146755,7.0357142857146755,-1.0355329949238559,-38.12857142857338,stop
2025-12-11,1,2025-12-11 12:20:00-05:00,2025-12-11 14:45:00-05:00,6886.25,6907.589285714285,21.339285714285325,8.535714285714675,2.49999999999984,104.99642857142662,target
2025-12-12,-1,2025-12-12 14:15:00-05:00,2025-12-12 15:10:00-05:00,6831.0,6838.678571428572,-7.6785714285715585,7.4285714285715585,-1.0336538461538456,-40.092857142857795,stop
2025-12-12,-1,2025-12-12 15:35:00-05:00,2025-12-12 15:45:00-05:00,6823.75,6830.0,-6.25,6.0,-1.0416666666666667,-32.95,stop
2025-12-15,1,2025-12-15 14:05:00-05:00,2025-12-15 14:10:00-05:00,6886.25,6879.375,-6.875,6.625,-1.0377358490566038,-36.075,stop
2025-12-16,-1,2025-12-16 13:00:00-05:00,2025-12-16 13:30:00-05:00,6823.25,6832.571428571428,-9.321428571428442,9.071428571428442,-1.0275590551181106,-48.30714285714221,stop
2025-12-17,-1,2025-12-17 15:55:00-05:00,2025-12-17 15:55:00-05:00,6781.0,6777.0,4.0,6.0,0.6666666666666666,18.3,time
2025-12-18,-1,2025-12-18 12:05:00-05:00,2025-12-18 12:05:00-05:00,6852.25,6837.517857142857,14.732142857143117,5.892857142856883,2.5000000000001545,71.96071428571558,target
2025-12-18,-1,2025-12-18 12:10:00-05:00,2025-12-18 12:20:00-05:00,6832.0,6814.321428571428,17.67857142857156,7.0714285714284415,2.5000000000000644,86.69285714285779,target
2025-12-19,1,2025-12-19 12:25:00-05:00,2025-12-19 12:35:00-05:00,6891.25,6885.839285714285,-5.4107142857146755,5.1607142857146755,-1.0484429065743908,-28.753571428573377,stop
2025-12-19,-1,2025-12-19 15:45:00-05:00,2025-12-19 15:50:00-05:00,6882.25,6885.839285714285,-3.5892857142853245,3.3392857142853245,-1.0748663101604365,-19.646428571426622,stop
2025-12-22,1,2025-12-22 12:55:00-05:00,2025-12-22 13:05:00-05:00,6934.25,6931.267857142857,-2.982142857143117,2.732142857143117,-1.0915032679738474,-16.610714285715584,stop
2025-12-22,-1,2025-12-22 13:55:00-05:00,2025-12-22 13:55:00-05:00,6925.75,6928.553571428572,-2.8035714285715585,2.5535714285715585,-1.0979020979020928,-15.717857142857792,stop
2025-12-23,1,2025-12-23 13:15:00-05:00,2025-12-23 14:20:00-05:00,6955.5,6960.991071428572,5.4910714285715585,2.1964285714284415,2.500000000000207,25.755357142857793,target
2025-12-26,-1,2025-12-26 12:15:00-05:00,2025-12-26 12:25:00-05:00,6971.0,6974.714285714285,-3.7142857142853245,3.4642857142853245,-1.0721649484536164,-20.271428571426622,stop
2025-12-26,1,2025-12-26 13:50:00-05:00,2025-12-26 15:55:00-05:00,6978.75,6979.75,1.0,2.7857142857146755,0.35897435897430874,3.3,time
2025-12-29,-1,2025-12-29 12:25:00-05:00,2025-12-29 12:50:00-05:00,6940.5,6944.339285714285,-3.8392857142853245,3.5892857142853245,-1.0696517412935398,-20.896428571426622,stop
2025-12-29,1,2025-12-29 13:25:00-05:00,2025-12-29 13:25:00-05:00,6951.0,6947.714285714285,-3.2857142857146755,3.0357142857146755,-1.08235294117646,-18.128571428573377,stop
2025-12-29,1,2025-12-29 14:35:00-05:00,2025-12-29 15:10:00-05:00,6954.0,6961.053571428572,7.0535714285715585,2.8214285714284415,2.500000000000161,33.56785714285779,target
2025-12-30,-1,2025-12-30 15:10:00-05:00,2025-12-30 15:20:00-05:00,6948.0,6950.75,-2.75,2.5,-1.1,-15.45,stop
2025-12-31,1,2025-12-31 13:45:00-05:00,2025-12-31 14:15:00-05:00,6930.5,6927.464285714285,-3.0357142857146755,2.7857142857146755,-1.0897435897435772,-16.878571428573377,stop
2026-01-02,-1,2026-01-02 13:50:00-05:00,2026-01-02 14:00:00-05:00,6870.25,6877.321428571428,-7.0714285714284415,6.8214285714284415,-1.0366492146596866,-37.05714285714221,stop
2026-01-02,1,2026-01-02 14:15:00-05:00,2026-01-02 15:55:00-05:00,6892.75,6900.0,7.25,7.0714285714284415,1.0252525252525442,34.55,time
2026-01-05,-1,2026-01-05 13:20:00-05:00,2026-01-05 13:25:00-05:00,6948.75,6952.964285714285,-4.2142857142853245,3.9642857142853245,-1.0630630630630693,-22.771428571426622,stop
2026-01-05,-1,2026-01-05 14:40:00-05:00,2026-01-05 15:10:00-05:00,6946.75,6949.482142857143,-2.732142857143117,2.482142857143117,-1.100719424460421,-15.360714285715584,stop
2026-01-06,1,2026-01-06 12:25:00-05:00,2026-01-06 13:45:00-05:00,6972.0,6983.875,11.875,4.75,2.5,57.675,target
2026-01-06,1,2026-01-06 14:00:00-05:00,2026-01-06 15:55:00-05:00,6985.75,6986.0,0.25,2.9107142857146755,0.08588957055213574,-0.44999999999999996,time
2026-01-07,-1,2026-01-07 13:20:00-05:00,2026-01-07 13:40:00-05:00,6990.75,6994.357142857143,-3.607142857143117,3.357142857143117,-1.0744680851063773,-19.735714285715584,stop
2026-01-07,-1,2026-01-07 14:25:00-05:00,2026-01-07 14:35:00-05:00,6983.5,6988.017857142857,-4.517857142856883,4.267857142856883,-1.0585774058577442,-24.289285714284414,stop
2026-01-07,-1,2026-01-07 15:15:00-05:00,2026-01-07 15:30:00-05:00,6974.25,6963.982142857143,10.267857142856883,4.107142857143117,2.4999999999997784,49.63928571428441,target
2026-01-08,1,2026-01-08 12:55:00-05:00,2026-01-08 13:00:00-05:00,6971.25,6965.964285714285,-5.2857142857146755,5.0357142857146755,-1.0496453900709182,-28.128571428573377,stop
2026-01-08,-1,2026-01-08 13:15:00-05:00,2026-01-08 13:15:00-05:00,6955.0,6960.0,-5.0,4.75,-1.0526315789473684,-26.7,stop
2026-01-08,1,2026-01-08 15:30:00-05:00,2026-01-08 15:55:00-05:00,6962.75,6960.5,-2.25,3.875,-0.5806451612903226,-12.95,time
2026-01-09,1,2026-01-09 13:40:00-05:00,2026-01-09 14:00:00-05:00,7012.25,7008.357142857143,-3.892857142856883,3.642857142856883,-1.068627450980397,-21.164285714284414,stop
2026-01-09,1,2026-01-09 15:25:00-05:00,2026-01-09 15:30:00-05:00,7016.75,7014.214285714285,-2.5357142857146755,2.2857142857146755,-1.1093749999999813,-14.378571428573377,stop
2026-01-09,-1,2026-01-09 15:55:00-05:00,2026-01-09 15:55:00-05:00,7009.5,7005.0,4.5,2.732142857143117,1.6470588235292551,20.8,time
2026-01-12,1,2026-01-12 11:15:00-05:00,2026-01-12 14:30:00-05:00,7008.75,7020.267857142857,11.517857142856883,4.607142857143117,2.4999999999998024,55.88928571428441,target
2026-01-13,1,2026-01-13 11:45:00-05:00,2026-01-13 12:15:00-05:00,7009.0,7002.089285714285,-6.9107142857146755,6.6607142857146755,-1.037533512064341,-36.25357142857338,stop
2026-01-13,-1,2026-01-13 13:00:00-05:00,2026-01-13 13:35:00-05:00,6991.75,6998.392857142857,-6.642857142856883,6.392857142856883,-1.0391061452513983,-34.91428571428442,stop
2026-01-13,-1,2026-01-13 15:30:00-05:00,2026-01-13 15:45:00-05:00,6983.0,6987.017857142857,-4.017857142856883,3.767857142856883,-1.0663507109004786,-21.789285714284414,stop
2026-01-14,1,2026-01-14 13:55:00-05:00,2026-01-14 15:05:00-05:00,6940.5,6957.330357142857,16.830357142856883,6.732142857143117,2.499999999999865,82.45178571428441,target
2026-01-14,1,2026-01-14 15:30:00-05:00,2026-01-14 15:55:00-05:00,6954.75,6967.75,13.0,6.4285714285715585,2.0222222222221813,63.3,time
2026-01-15,-1,2026-01-15 13:00:00-05:00,2026-01-15 13:00:00-05:00,7002.0,7006.482142857143,-4.482142857143117,4.232142857143117,-1.0590717299578023,-24.110714285715584,stop
2026-01-15,-1,2026-01-15 14:30:00-05:00,2026-01-15 15:00:00-05:00,6998.0,6987.776785714285,10.223214285714675,4.0892857142853245,2.5000000000003335,49.416071428573375,target
2026-01-16,-1,2026-01-16 13:00:00-05:00,2026-01-16 13:00:00-05:00,6979.0,6983.553571428572,-4.5535714285715585,4.3035714285715585,-1.0580912863070522,-24.467857142857792,stop
2026-01-20,-1,2026-01-20 12:25:00-05:00,2026-01-20 13:30:00-05:00,6879.5,6856.866071428572,22.63392857142844,9.053571428571558,2.49999999999995,111.4696428571422,target
2026-01-21,-1,2026-01-21 11:45:00-05:00,2026-01-21 12:05:00-05:00,6868.75,6850.223214285715,18.526785714285325,7.4107142857146755,2.4999999999998157,90.93392857142662,target
2026-01-21,1,2026-01-21 14:30:00-05:00,2026-01-21 14:40:00-05:00,6901.5,6929.044642857143,27.544642857143117,11.017857142856883,2.5000000000000826,136.0232142857156,target
2026-01-22,-1,2026-01-22 14:00:00-05:00,2026-01-22 14:00:00-05:00,6957.0,6961.267857142857,-4.267857142856883,4.017857142856883,-1.0622222222222262,-23.039285714284414,stop
2026-01-22,-1,2026-01-22 14:40:00-05:00,2026-01-22 14:55:00-05:00,6956.0,6946.044642857143,9.955357142856883,3.982142857143117,2.4999999999997717,48.07678571428441,target
2026-01-23,-1,2026-01-23 12:45:00-05:00,2026-01-23 14:00:00-05:00,6942.0,6948.535714285715,-6.5357142857146755,6.2857142857146755,-1.0397727272727249,-34.37857142857338,stop
2026-01-23,1,2026-01-23 14:25:00-05:00,2026-01-23 14:30:00-05:00,6954.5,6948.803571428572,-5.6964285714284415,5.4464285714284415,-1.0459016393442635,-30.182142857142207,stop
2026-01-26,1,2026-01-26 12:05:00-05:00,2026-01-26 12:45:00-05:00,6989.75,6985.267857142857,-4.482142857143117,4.232142857143117,-1.0590717299578023,-24.110714285715584,stop
2026-01-26,1,2026-01-26 13:30:00-05:00,2026-01-26 13:45:00-05:00,6991.75,6988.214285714285,-3.5357142857146755,3.2857142857146755,-1.0760869565217301,-19.378571428573377,stop
2026-01-26,-1,2026-01-26 15:55:00-05:00,2026-01-26 15:55:00-05:00,6983.25,6980.75,2.5,2.9107142857146755,0.8588957055213574,10.8,time
2026-01-27,-1,2026-01-27 12:20:00-05:00,2026-01-27 12:25:00-05:00,7008.0,7011.071428571428,-3.0714285714284415,2.8214285714284415,-1.0886075949367129,-17.057142857142207,stop
2026-01-27,-1,2026-01-27 13:05:00-05:00,2026-01-27 13:10:00-05:00,7003.5,7006.982142857143,-3.482142857143117,3.232142857143117,-1.0773480662983363,-19.110714285715584,stop
2026-01-27,1,2026-01-27 15:15:00-05:00,2026-01-27 15:15:00-05:00,7017.25,7015.071428571428,-2.1785714285715585,1.9285714285715585,-1.1296296296296209,-12.592857142857792,stop
2026-01-28,-1,2026-01-28 14:30:00-05:00,2026-01-28 14:30:00-05:00,6993.25,6999.446428571428,-6.1964285714284415,5.9464285714284415,-1.0420420420420429,-32.68214285714221,stop
2026-01-29,1,2026-01-29 15:40:00-05:00,2026-01-29 15:55:00-05:00,6977.5,6992.5,15.0,6.0,2.5,73.3,target
2026-01-30,-1,2026-01-30 13:20:00-05:00,2026-01-30 13:25:00-05:00,6928.5,6939.160714285715,-10.660714285714675,10.410714285714675,-1.0240137221269288,-55.00357142857338,stop
2026-02-02,1,2026-02-02 12:05:00-05:00,2026-02-02 13:20:00-05:00,7011.0,7004.642857142857,-6.357142857143117,6.107142857143117,-1.0409356725146182,-33.48571428571559,stop
2026-02-02,-1,2026-02-02 15:00:00-05:00,2026-02-02 15:00:00-05:00,7002.75,7006.732142857143,-3.982142857143117,3.732142857143117,-1.0669856459330096,-21.610714285715584,stop
2026-02-03,-1,2026-02-03 12:15:00-05:00,2026-02-03 12:15:00-05:00,6937.0,6945.821428571428,-8.821428571428442,8.571428571428442,-1.029166666666667,-45.80714285714221,stop
2026-02-03,1,2026-02-03 15:35:00-05:00,2026-02-03 15:55:00-05:00,6934.75,6940.75,6.0,8.821428571428442,0.680161943319848,28.3,time
2026-02-04,-1,2026-02-04 11:45:00-05:00,2026-02-04 12:00:00-05:00,6899.25,6914.410714285715,-15.160714285714675,14.910714285714675,-1.0167664670658678,-77.50357142857338,stop
2026-02-04,1,2026-02-04 14:35:00-05:00,2026-02-04 15:55:00-05:00,6907.75,6906.0,-1.75,11.053571428571558,-0.15831987075928733,-10.45,time
2026-02-05,-1,2026-02-05 13:25:00-05:00,2026-02-05 14:10:00-05:00,6835.5,6846.339285714285,-10.839285714285325,10.589285714285325,-1.0236087689713331,-55.896428571426625,stop
2026-02-06,1,2026-02-06 12:50:00-05:00,2026-02-06 15:40:00-05:00,6931.5,6945.785714285715,14.285714285714675,5.7142857142853245,2.500000000000239,69.72857142857337,target
2026-02-09,-1,2026-02-09 13:30:00-05:00,2026-02-09 13:30:00-05:00,6983.5,6988.25,-4.75,4.5,-1.0555555555555556,-25.45,stop
2026-02-09,1,2026-02-09 14:15:00-05:00,2026-02-09 15:25:00-05:00,6994.25,6988.696428571428,-5.5535714285715585,5.3035714285715585,-1.047138047138046,-29.467857142857792,stop
2026-02-10,-1,2026-02-10 13:20:00-05:00,2026-02-10 13:50:00-05:00,6981.25,6969.866071428572,11.383928571428442,4.5535714285715585,2.4999999999999,55.219642857142205,target
2026-02-10,-1,2026-02-10 15:40:00-05:00,2026-02-10 15:45:00-05:00,6969.75,6974.696428571428,-4.9464285714284415,4.6964285714284415,-1.0532319391634997,-26.432142857142207,stop
2026-02-11,-1,2026-02-11 15:35:00-05:00,2026-02-11 15:35:00-05:00,6959.0,6964.0,-5.0,4.75,-1.0526315789473684,-26.7,stop
2026-02-12,-1,2026-02-12 13:00:00-05:00,2026-02-12 13:05:00-05:00,6867.5,6879.107142857143,-11.607142857143117,11.357142857143117,-1.0220125786163516,-59.73571428571559,stop
2026-02-12,-1,2026-02-12 15:25:00-05:00,2026-02-12 15:45:00-05:00,6875.25,6854.892857142857,20.357142857143117,8.142857142856883,2.500000000000112,100.08571428571558,target
2026-02-13,-1,2026-02-13 14:45:00-05:00,2026-02-13 15:25:00-05:00,6871.25,6851.160714285715,20.089285714285325,8.035714285714675,2.4999999999998304,98.74642857142662,target
2026-02-17,-1,2026-02-17 12:45:00-05:00,2026-02-17 12:55:00-05:00,6833.75,6844.339285714285,-10.589285714285325,10.339285714285325,-1.0241796200345432,-54.646428571426625,stop
2026-02-17,1,2026-02-17 13:40:00-05:00,2026-02-17 15:30:00-05:00,6868.0,6855.232142857143,-12.767857142856883,12.517857142856883,-1.0199714693295296,-65.53928571428442,stop
2026-02-18,-1,2026-02-18 13:40:00-05:00,2026-02-18 13:50:00-05:00,6910.0,6897.901785714285,12.098214285714675,4.8392857142853245,2.500000000000282,58.791071428573375,target
2026-02-18,1,2026-02-18 15:55:00-05:00,2026-02-18 15:55:00-05:00,6904.25,6896.446428571428,-7.8035714285715585,7.5535714285715585,-1.0330969267139474,-40.717857142857795,stop
2026-02-20,-1,2026-02-20 12:15:00-05:00,2026-02-20 12:50:00-05:00,6891.25,6901.625,-10.375,10.125,-1.0246913580246915,-53.575,stop
2026-02-23,-1,2026-02-23 12:40:00-05:00,2026-02-23 12:40:00-05:00,6835.0,6841.392857142857,-6.392857142856883,6.142857142856883,-1.0406976744186063,-33.66428571428442,stop
2026-02-23,1,2026-02-23 13:25:00-05:00,2026-02-23 13:40:00-05:00,6867.25,6860.553571428572,-6.6964285714284415,6.4464285714284415,-1.0387811634349038,-35.18214285714221,stop
2026-02-24,1,2026-02-24 12:10:00-05:00,2026-02-24 15:55:00-05:00,6900.0,6902.75,2.75,6.517857142856883,0.4219178082191949,12.05,time
2026-02-25,1,2026-02-25 14:10:00-05:00,2026-02-25 15:30:00-05:00,6958.5,6956.142857142857,-2.357142857143117,2.107142857143117,-1.1186440677965956,-13.485714285715584,stop
2026-02-25,1,2026-02-25 15:55:00-05:00,2026-02-25 15:55:00-05:00,6963.75,6960.732142857143,-3.017857142856883,2.767857142856883,-1.0903225806451697,-16.789285714284414,stop
2026-02-26,1,2026-02-26 13:40:00-05:00,2026-02-26 14:45:00-05:00,6902.5,6922.366071428572,19.86607142857156,7.9464285714284415,2.5000000000000573,97.63035714285779,target
2026-02-27,1,2026-02-27 15:15:00-05:00,2026-02-27 15:35:00-05:00,6877.75,6871.017857142857,-6.732142857143117,6.482142857143117,-1.038567493112946,-35.36071428571559,stop
2026-03-02,1,2026-03-02 11:45:00-05:00,2026-03-02 13:45:00-05:00,6889.25,6877.464285714285,-11.785714285714675,11.535714285714675,-1.0216718266253864,-60.62857142857338,stop
2026-03-03,1,2026-03-03 13:25:00-05:00,2026-03-03 15:55:00-05:00,6823.75,6825.75,2.0,12.107142857143117,0.1651917404129758,8.3,time
2026-03-04,1,2026-03-04 13:50:00-05:00,2026-03-04 13:55:00-05:00,6890.75,6884.910714285715,-5.8392857142853245,5.5892857142853245,-1.0447284345047954,-30.896428571426622,stop
2026-03-04,-1,2026-03-04 15:15:00-05:00,2026-03-04 15:40:00-05:00,6884.75,6888.875,-4.125,3.875,-1.064516129032258,-22.325,stop
2026-03-05,-1,2026-03-05 12:35:00-05:00,2026-03-05 12:35:00-05:00,6794.0,6805.517857142857,-11.517857142856883,11.267857142856883,-1.0221870047543586,-59.28928571428442,stop
2026-03-05,1,2026-03-05 15:05:00-05:00,2026-03-05 15:05:00-05:00,6801.25,6791.464285714285,-9.785714285714675,9.535714285714675,-1.0262172284644184,-50.62857142857338,stop
2026-03-06,-1,2026-03-06 12:40:00-05:00,2026-03-06 13:00:00-05:00,6747.5,6760.071428571428,-12.571428571428442,12.321428571428442,-1.020289855072464,-64.55714285714221,stop
2026-03-06,1,2026-03-06 15:05:00-05:00,2026-03-06 15:05:00-05:00,6776.25,6767.410714285715,-8.839285714285325,8.589285714285325,-1.0291060291060303,-45.896428571426625,stop
2026-03-06,-1,2026-03-06 15:25:00-05:00,2026-03-06 15:55:00-05:00,6747.5,6742.75,4.75,9.589285714285325,0.495344506517711,22.05,time
2026-03-09,1,2026-03-09 12:30:00-04:00,2026-03-09 12:30:00-04:00,6727.5,6718.535714285715,-8.964285714285325,8.714285714285325,-1.0286885245901651,-46.521428571426625,stop
2026-03-09,1,2026-03-09 12:45:00-04:00,2026-03-09 13:00:00-04:00,6737.0,6728.267857142857,-8.732142857143117,8.482142857143117,-1.0294736842105254,-45.36071428571559,stop
2026-03-09,1,2026-03-09 15:20:00-04:00,2026-03-09 15:20:00-04:00,6753.0,6775.589285714285,22.589285714285325,9.035714285714675,2.499999999999849,111.24642857142662,target
2026-03-10,1,2026-03-10 13:20:00-04:00,2026-03-10 13:35:00-04:00,6845.0,6836.839285714285,-8.160714285714675,7.9107142857146755,-1.0316027088036102,-42.50357142857338,stop
2026-03-10,-1,2026-03-10 15:50:00-04:00,2026-03-10 15:55:00-04:00,6784.75,6788.25,-3.5,10.767857142856883,-0.3250414593698254,-19.2,time
2026-03-11,1,2026-03-11 15:35:00-04:00,2026-03-11 15:55:00-04:00,6774.75,6779.75,5.0,7.017857142856883,0.7124681933842503,23.3,time
2026-03-12,-1,2026-03-12 15:50:00-04:00,2026-03-12 15:55:00-04:00,6683.25,6676.5,6.75,7.3214285714284415,0.9219512195122115,32.05,time
2026-03-13,-1,2026-03-13 13:50:00-04:00,2026-03-13 14:10:00-04:00,6637.75,6648.357142857143,-10.607142857143117,10.357142857143117,-1.0241379310344823,-54.73571428571559,stop
2026-03-16,-1,2026-03-16 12:25:00-04:00,2026-03-16 12:35:00-04:00,6737.0,6745.339285714285,-8.339285714285325,8.089285714285325,-1.0309050772626946,-43.396428571426625,stop
2026-03-16,1,2026-03-16 14:20:00-04:00,2026-03-16 15:10:00-04:00,6762.5,6778.660714285715,16.160714285714675,6.4642857142853245,2.500000000000211,79.10357142857337,target
2026-03-17,1,2026-03-17 13:05:00-04:00,2026-03-17 13:20:00-04:00,6782.75,6775.25,-7.5,7.25,-1.0344827586206897,-39.2,stop
2026-03-17,1,2026-03-17 14:10:00-04:00,2026-03-17 14:20:00-04:00,6786.5,6780.642857142857,-5.857142857143117,5.607142857143117,-1.0445859872611445,-30.985714285715584,stop
2026-03-18,-1,2026-03-18 12:35:00-04:00,2026-03-18 12:50:00-04:00,6725.5,6732.160714285715,-6.6607142857146755,6.4107142857146755,-1.0389972144846773,-35.00357142857338,stop
2026-03-18,-1,2026-03-18 13:10:00-04:00,2026-03-18 13:45:00-04:00,6721.5,6728.589285714285,-7.0892857142853245,6.8392857142853245,-1.0365535248041797,-37.146428571426625,stop
2026-03-19,-1,2026-03-19 13:10:00-04:00,2026-03-19 13:15:00-04:00,6618.5,6627.75,-9.25,9.0,-1.0277777777777777,-47.95,stop
2026-03-19,1,2026-03-19 15:00:00-04:00,2026-03-19 15:00:00-04:00,6646.0,6667.741071428572,21.74107142857156,8.696428571428442,2.5000000000000524,107.00535714285779,target
2026-03-20,1,2026-03-20 12:05:00-04:00,2026-03-20 12:30:00-04:00,6613.0,6601.446428571428,-11.553571428571558,11.303571428571558,-1.022116903633491,-59.467857142857795,stop
2026-03-20,-1,2026-03-20 13:35:00-04:00,2026-03-20 14:20:00-04:00,6590.5,6570.723214285715,19.776785714285325,7.9107142857146755,2.4999999999998277,97.18392857142662,target
2026-03-23,-1,2026-03-23 11:50:00-04:00,2026-03-23 11:55:00-04:00,6664.5,6635.794642857143,28.705357142856883,11.482142857143117,2.499999999999921,141.82678571428443,target
2026-03-23,1,2026-03-23 13:40:00-04:00,2026-03-23 13:40:00-04:00,6655.5,6643.696428571428,-11.803571428571558,11.553571428571558,-1.0216383307573413,-60.717857142857795,stop
2026-03-23,1,2026-03-23 14:00:00-04:00,2026-03-23 14:05:00-04:00,6658.25,6646.642857142857,-11.607142857143117,11.357142857143117,-1.0220125786163516,-59.73571428571559,stop
2026-03-24,-1,2026-03-24 12:40:00-04:00,2026-03-24 12:40:00-04:00,6616.5,6625.678571428572,-9.178571428571558,8.928571428571558,-1.0279999999999996,-47.592857142857795,stop
2026-03-24,-1,2026-03-24 13:05:00-04:00,2026-03-24 14:00:00-04:00,6610.5,6620.964285714285,-10.464285714285325,10.214285714285325,-1.0244755244755255,-54.021428571426625,stop
2026-03-24,1,2026-03-24 14:40:00-04:00,2026-03-24 14:40:00-04:00,6641.0,6630.321428571428,-10.678571428571558,10.428571428571558,-1.0239726027397258,-55.092857142857795,stop
2026-03-25,-1,2026-03-25 15:00:00-04:00,2026-03-25 15:20:00-04:00,6639.5,6646.910714285715,-7.4107142857146755,7.1607142857146755,-1.0349127182044868,-38.75357142857338,stop
2026-03-26,-1,2026-03-26 12:25:00-04:00,2026-03-26 13:20:00-04:00,6575.5,6554.919642857143,20.580357142856883,8.232142857143117,2.4999999999998894,101.20178571428441,target
2026-03-26,-1,2026-03-26 15:35:00-04:00,2026-03-26 15:55:00-04:00,6529.0,6523.25,5.75,6.1607142857146755,0.9333333333332743,27.05,time
2026-03-27,1,2026-03-27 11:35:00-04:00,2026-03-27 11:40:00-04:00,6487.0,6475.0,-12.0,11.75,-1.0212765957446808,-61.7,stop
2026-03-27,-1,2026-03-27 13:30:00-04:00,2026-03-27 15:05:00-04:00,6434.25,6414.25,20.0,8.0,2.5,98.3,target
2026-03-27,-1,2026-03-27 15:45:00-04:00,2026-03-27 15:55:00-04:00,6408.5,6415.428571428572,-6.9285714285715585,6.6785714285715585,-1.0374331550802132,-36.342857142857795,stop
2026-03-30,-1,2026-03-30 12:30:00-04:00,2026-03-30 13:30:00-04:00,6419.5,6397.892857142857,21.607142857143117,8.642857142856883,2.5000000000001052,106.33571428571558,target
2026-03-30,-1,2026-03-30 14:55:00-04:00,2026-03-30 15:10:00-04:00,6385.5,6370.098214285715,15.401785714285325,6.1607142857146755,2.4999999999997784,75.30892857142662,target
2026-03-31,1,2026-03-31 12:40:00-04:00,2026-03-31 12:40:00-04:00,6517.0,6544.098214285715,27.098214285714675,10.839285714285325,2.5000000000001257,133.7910714285734,target
2026-03-31,1,2026-03-31 15:40:00-04:00,2026-03-31 15:50:00-04:00,6572.5,6564.642857142857,-7.857142857143117,7.607142857143117,-1.0328638497652571,-40.98571428571559,stop
2026-04-01,-1,2026-04-01 14:00:00-04:00,2026-04-01 14:00:00-04:00,6635.5,6624.25,11.25,4.5,2.5,54.55,target
2026-04-02,-1,2026-04-02 12:20:00-04:00,2026-04-02 12:30:00-04:00,6589.5,6602.053571428572,-12.553571428571558,12.303571428571558,-1.020319303338171,-64.4678571428578,stop
2026-04-02,1,2026-04-02 15:55:00-04:00,2026-04-02 15:55:00-04:00,6619.0,6623.0,4.0,5.9107142857146755,0.6767371601208013,18.3,time
2026-04-06,-1,2026-04-06 13:15:00-04:00,2026-04-06 13:15:00-04:00,6623.75,6630.553571428572,-6.8035714285715585,6.5535714285715585,-1.0381471389645769,-35.717857142857795,stop
2026-04-06,1,2026-04-06 15:50:00-04:00,2026-04-06 15:50:00-04:00,6651.25,6647.214285714285,-4.0357142857146755,3.7857142857146755,-1.0660377358490498,-21.878571428573377,stop
2026-04-07,1,2026-04-07 12:05:00-04:00,2026-04-07 13:35:00-04:00,6617.0,6646.151785714285,29.151785714285325,11.660714285714675,2.499999999999883,144.05892857142663,target
2026-04-07,1,2026-04-07 13:40:00-04:00,2026-04-07 13:45:00-04:00,6637.25,6628.928571428572,-8.321428571428442,8.071428571428442,-1.0309734513274342,-43.30714285714221,stop
2026-04-07,-1,2026-04-07 14:45:00-04:00,2026-04-07 14:55:00-04:00,6617.25,6600.553571428572,16.69642857142844,6.6785714285715585,2.499999999999932,81.7821428571422,target
2026-04-08,-1,2026-04-08 14:20:00-04:00,2026-04-08 14:55:00-04:00,6812.75,6795.875,16.875,6.75,2.5,82.675,target
2026-04-10,1,2026-04-10 15:15:00-04:00,2026-04-10 15:20:00-04:00,6862.25,6858.714285714285,-3.5357142857146755,3.2857142857146755,-1.0760869565217301,-19.378571428573377,stop
2026-04-13,1,2026-04-13 12:25:00-04:00,2026-04-13 12:35:00-04:00,6868.75,6883.348214285715,14.598214285714675,5.8392857142853245,2.5000000000002336,71.29107142857337,target
2026-04-13,1,2026-04-13 14:45:00-04:00,2026-04-13 14:55:00-04:00,6889.75,6896.714285714285,6.9642857142853245,2.7857142857146755,2.49999999999951,33.12142857142662,target
2026-04-14,1,2026-04-14 13:25:00-04:00,2026-04-14 13:50:00-04:00,7001.5,6997.678571428572,-3.8214285714284415,3.5714285714284415,-1.0700000000000025,-20.807142857142207,stop
2026-04-15,1,2026-04-15 12:25:00-04:00,2026-04-15 12:25:00-04:00,7040.0,7036.035714285715,-3.9642857142853245,3.7142857142853245,-1.0673076923076994,-21.521428571426622,stop
2026-04-15,-1,2026-04-15 12:45:00-04:00,2026-04-15 12:50:00-04:00,7025.5,7029.785714285715,-4.2857142857146755,4.0357142857146755,-1.0619469026548614,-23.128571428573377,stop
2026-04-16,-1,2026-04-16 13:15:00-04:00,2026-04-16 13:20:00-04:00,7061.75,7068.535714285715,-6.7857142857146755,6.5357142857146755,-1.0382513661202164,-35.62857142857338,stop
2026-04-17,1,2026-04-17 12:35:00-04:00,2026-04-17 13:05:00-04:00,7181.25,7174.982142857143,-6.267857142856883,6.017857142856883,-1.0415430267062333,-33.03928571428442,stop
2026-04-17,-1,2026-04-17 15:15:00-04:00,2026-04-17 15:30:00-04:00,7152.5,7158.017857142857,-5.517857142856883,5.267857142856883,-1.0474576271186464,-29.289285714284414,stop
2026-04-20,1,2026-04-20 13:15:00-04:00,2026-04-20 13:30:00-04:00,7141.0,7136.232142857143,-4.767857142856883,4.517857142856883,-1.0553359683794499,-25.539285714284414,stop
2026-04-20,-1,2026-04-20 15:45:00-04:00,2026-04-20 15:50:00-04:00,7137.5,7141.035714285715,-3.5357142857146755,3.2857142857146755,-1.0760869565217301,-19.378571428573377,stop
2026-04-21,-1,2026-04-21 12:45:00-04:00,2026-04-21 12:45:00-04:00,7117.5,7125.089285714285,-7.5892857142853245,7.3392857142853245,-1.0340632603406343,-39.646428571426625,stop
2026-04-21,-1,2026-04-21 13:00:00-04:00,2026-04-21 13:00:00-04:00,7114.5,7121.732142857143,-7.232142857143117,6.982142857143117,-1.035805626598464,-37.86071428571559,stop
2026-04-21,1,2026-04-21 15:25:00-04:00,2026-04-21 15:35:00-04:00,7134.5,7126.285714285715,-8.214285714285325,7.9642857142853245,-1.0313901345291496,-42.771428571426625,stop
2026-04-22,-1,2026-04-22 11:45:00-04:00,2026-04-22 11:55:00-04:00,7151.25,7158.785714285715,-7.5357142857146755,7.2857142857146755,-1.0343137254901942,-39.37857142857338,stop
2026-04-22,-1,2026-04-22 12:30:00-04:00,2026-04-22 12:40:00-04:00,7149.75,7155.5,-5.75,5.5,-1.0454545454545454,-30.45,stop
2026-04-22,1,2026-04-22 15:30:00-04:00,2026-04-22 15:35:00-04:00,7163.0,7159.232142857143,-3.767857142856883,3.517857142856883,-1.071065989847721,-20.539285714284414,stop
2026-04-23,-1,2026-04-23 13:05:00-04:00,2026-04-23 13:10:00-04:00,7149.75,7134.125,15.625,6.25,2.5,76.425,target
2026-04-24,1,2026-04-24 13:55:00-04:00,2026-04-24 14:00:00-04:00,7194.75,7190.125,-4.625,4.375,-1.0571428571428572,-24.825,stop
2026-04-27,1,2026-04-27 13:35:00-04:00,2026-04-27 13:35:00-04:00,7207.0,7203.375,-3.625,3.375,-1.0740740740740742,-19.825,stop
2026-04-27,1,2026-04-27 15:50:00-04:00,2026-04-27 15:50:00-04:00,7210.5,7207.5,-3.0,2.75,-1.0909090909090908,-16.7,stop
2026-04-28,1,2026-04-28 15:10:00-04:00,2026-04-28 15:15:00-04:00,7173.75,7169.982142857143,-3.767857142856883,3.517857142856883,-1.071065989847721,-20.539285714284414,stop
2026-04-29,1,2026-04-29 13:50:00-04:00,2026-04-29 14:00:00-04:00,7158.0,7153.357142857143,-4.642857142856883,4.392857142856883,-1.0569105691056944,-24.914285714284414,stop
2026-04-30,1,2026-04-30 13:35:00-04:00,2026-04-30 14:00:00-04:00,7216.5,7229.491071428572,12.991071428571558,5.1964285714284415,2.5000000000000875,63.25535714285779,target
2026-05-01,-1,2026-05-01 14:40:00-04:00,2026-05-01 15:05:00-04:00,7264.5,7268.964285714285,-4.4642857142853245,4.2142857142853245,-1.0593220338983105,-24.021428571426622,stop
2026-05-04,1,2026-05-04 13:25:00-04:00,2026-05-04 13:35:00-04:00,7235.0,7226.446428571428,-8.553571428571558,8.303571428571558,-1.03010752688172,-44.467857142857795,stop
2026-05-04,-1,2026-05-04 14:45:00-04:00,2026-05-04 14:50:00-04:00,7219.5,7224.589285714285,-5.0892857142853245,4.8392857142853245,-1.0516605166051702,-27.146428571426622,stop
2026-05-05,1,2026-05-05 13:55:00-04:00,2026-05-05 15:10:00-04:00,7290.5,7297.419642857143,6.919642857143117,2.767857142856883,2.5000000000003286,32.89821428571558,target
2026-05-05,-1,2026-05-05 15:55:00-04:00,2026-05-05 15:55:00-04:00,7286.5,7287.0,-0.5,3.2857142857146755,-0.1521739130434602,-4.2,time
2026-05-06,-1,2026-05-06 12:55:00-04:00,2026-05-06 12:55:00-04:00,7358.0,7361.946428571428,-3.9464285714284415,3.6964285714284415,-1.0676328502415482,-21.432142857142207,stop
2026-05-06,1,2026-05-06 15:55:00-04:00,2026-05-06 15:55:00-04:00,7394.5,7390.214285714285,-4.2857142857146755,4.0357142857146755,-1.0619469026548614,-23.128571428573377,stop
2026-05-08,-1,2026-05-08 14:50:00-04:00,2026-05-08 15:40:00-04:00,7416.0,7420.017857142857,-4.017857142856883,3.767857142856883,-1.0663507109004786,-21.789285714284414,stop
2026-05-11,-1,2026-05-11 12:55:00-04:00,2026-05-11 13:05:00-04:00,7439.0,7443.035714285715,-4.0357142857146755,3.7857142857146755,-1.0660377358490498,-21.878571428573377,stop
2026-05-12,1,2026-05-12 13:20:00-04:00,2026-05-12 14:20:00-04:00,7386.0,7401.267857142857,15.267857142856883,6.107142857143117,2.4999999999998512,74.63928571428441,target
2026-05-12,1,2026-05-12 15:15:00-04:00,2026-05-12 15:20:00-04:00,7416.75,7411.160714285715,-5.5892857142853245,5.3392857142853245,-1.04682274247492,-29.646428571426622,stop
2026-05-13,1,2026-05-13 12:25:00-04:00,2026-05-13 14:10:00-04:00,7461.75,7474.205357142857,12.455357142856883,4.982142857143117,2.4999999999998175,60.57678571428441,target
2026-05-13,1,2026-05-13 14:15:00-04:00,2026-05-13 14:35:00-04:00,7478.5,7474.196428571428,-4.3035714285715585,4.0535714285715585,-1.0616740088105707,-23.217857142857792,stop
2026-05-13,-1,2026-05-13 15:55:00-04:00,2026-05-13 15:55:00-04:00,7470.0,7468.75,1.25,4.9107142857146755,0.25454545454543437,4.55,time
2026-05-14,-1,2026-05-14 13:20:00-04:00,2026-05-14 13:30:00-04:00,7508.75,7515.875,-7.125,6.875,-1.0363636363636364,-37.325,stop
2026-05-15,-1,2026-05-15 11:50:00-04:00,2026-05-15 12:20:00-04:00,7439.25,7448.892857142857,-9.642857142856883,9.392857142856883,-1.0266159695817498,-49.91428571428442,stop
2026-05-15,1,2026-05-15 13:25:00-04:00,2026-05-15 14:15:00-04:00,7466.0,7459.196428571428,-6.8035714285715585,6.5535714285715585,-1.0381471389645769,-35.717857142857795,stop
2026-05-15,-1,2026-05-15 15:55:00-04:00,2026-05-15 15:55:00-04:00,7430.75,7432.75,-2.0,6.857142857143117,-0.29166666666665564,-11.7,time
2026-05-18,-1,2026-05-18 12:30:00-04:00,2026-05-18 12:35:00-04:00,7387.75,7398.982142857143,-11.232142857143117,10.982142857143117,-1.022764227642276,-57.86071428571559,stop
2026-05-18,-1,2026-05-18 14:15:00-04:00,2026-05-18 15:00:00-04:00,7390.0,7397.732142857143,-7.732142857143117,7.482142857143117,-1.0334128878281612,-40.36071428571559,stop
2026-05-19,1,2026-05-19 12:35:00-04:00,2026-05-19 13:15:00-04:00,7387.5,7410.357142857143,22.857142857143117,9.142857142856883,2.5000000000000995,112.58571428571558,target
2026-05-19,-1,2026-05-19 14:30:00-04:00,2026-05-19 14:55:00-04:00,7397.25,7380.732142857143,16.517857142856883,6.607142857143117,2.4999999999998623,80.88928571428441,target
2026-05-20,1,2026-05-20 15:20:00-04:00,2026-05-20 15:55:00-04:00,7445.75,7451.25,5.5,4.9642857142853245,1.1079136690648352,25.8,time
2026-05-21,1,2026-05-21 11:50:00-04:00,2026-05-21 12:20:00-04:00,7434.5,7424.25,-10.25,10.0,-1.025,-52.95,stop
2026-05-21,1,2026-05-21 13:15:00-04:00,2026-05-21 13:15:00-04:00,7442.5,7460.580357142857,18.080357142856883,7.232142857143117,2.4999999999998743,88.70178571428441,target
2026-05-21,-1,2026-05-21 14:55:00-04:00,2026-05-21 15:00:00-04:00,7440.5,7450.553571428572,-10.053571428571558,9.803571428571558,-1.025500910746812,-51.967857142857795,stop
2026-05-22,1,2026-05-22 13:30:00-04:00,2026-05-22 13:30:00-04:00,7522.5,7516.142857142857,-6.357142857143117,6.107142857143117,-1.0409356725146182,-33.48571428571559,stop
2026-05-22,-1,2026-05-22 15:10:00-04:00,2026-05-22 15:45:00-04:00,7498.75,7485.758928571428,12.991071428571558,5.1964285714284415,2.5000000000000875,63.25535714285779,target
2026-05-26,-1,2026-05-26 11:30:00-04:00,2026-05-26 11:50:00-04:00,7531.5,7517.660714285715,13.839285714285325,5.5357142857146755,2.4999999999997535,67.49642857142662,target
2026-05-26,1,2026-05-26 14:15:00-04:00,2026-05-26 14:45:00-04:00,7530.5,7526.267857142857,-4.232142857143117,3.982142857143117,-1.062780269058292,-22.860714285715584,stop
2026-05-26,1,2026-05-26 15:40:00-04:00,2026-05-26 15:55:00-04:00,7536.0,7538.75,2.75,3.642857142856883,0.7549019607843676,12.05,time
2026-05-27,-1,2026-05-27 11:45:00-04:00,2026-05-27 11:50:00-04:00,7519.0,7526.017857142857,-7.017857142856883,6.767857142856883,-1.0369393139841703,-36.78928571428442,stop
2026-05-27,1,2026-05-27 12:50:00-04:00,2026-05-27 12:55:00-04:00,7538.25,7532.625,-5.625,5.375,-1.0465116279069768,-29.825,stop
2026-05-28,1,2026-05-28 13:50:00-04:00,2026-05-28 14:10:00-04:00,7582.25,7578.785714285715,-3.4642857142853245,3.2142857142853245,-1.0777777777777873,-19.021428571426622,stop
2026-05-28,1,2026-05-28 15:35:00-04:00,2026-05-28 15:50:00-04:00,7584.25,7581.214285714285,-3.0357142857146755,2.7857142857146755,-1.0897435897435772,-16.878571428573377,stop
2026-05-29,1,2026-05-29 12:40:00-04:00,2026-05-29 12:45:00-04:00,7607.5,7601.642857142857,-5.857142857143117,5.607142857143117,-1.0445859872611445,-30.985714285715584,stop
2026-05-29,-1,2026-05-29 13:45:00-04:00,2026-05-29 14:30:00-04:00,7590.5,7595.160714285715,-4.6607142857146755,4.4107142857146755,-1.0566801619433148,-25.003571428573377,stop
2026-05-29,1,2026-05-29 15:35:00-04:00,2026-05-29 15:50:00-04:00,7603.0,7597.732142857143,-5.267857142856883,5.017857142856883,-1.049822064056942,-28.039285714284414,stop
2026-06-01,1,2026-06-01 11:35:00-04:00,2026-06-01 12:10:00-04:00,7599.0,7592.910714285715,-6.0892857142853245,5.8392857142853245,-1.0428134556574953,-32.146428571426625,stop
2026-06-01,1,2026-06-01 13:30:00-04:00,2026-06-01 13:30:00-04:00,7614.25,7609.285714285715,-4.9642857142853245,4.7142857142853245,-1.0530303030303074,-26.521428571426622,stop
2026-06-01,-1,2026-06-01 15:35:00-04:00,2026-06-01 15:50:00-04:00,7621.0,7614.080357142857,6.919642857143117,2.767857142856883,2.5000000000003286,32.89821428571558,target
2026-06-02,-1,2026-06-02 13:30:00-04:00,2026-06-02 14:10:00-04:00,7618.0,7621.607142857143,-3.607142857143117,3.357142857143117,-1.0744680851063773,-19.735714285715584,stop
2026-06-02,1,2026-06-02 15:05:00-04:00,2026-06-02 15:55:00-04:00,7622.0,7623.25,1.25,2.857142857143117,0.4374999999999602,4.55,time
2026-06-03,-1,2026-06-03 11:40:00-04:00,2026-06-03 12:40:00-04:00,7580.5,7565.410714285715,15.089285714285325,6.0357142857146755,2.499999999999774,73.74642857142662,target
2026-06-03,1,2026-06-03 13:55:00-04:00,2026-06-03 14:10:00-04:00,7584.0,7578.464285714285,-5.5357142857146755,5.2857142857146755,-1.0472972972972938,-29.378571428573377,stop
2026-06-03,-1,2026-06-03 15:25:00-04:00,2026-06-03 15:35:00-04:00,7574.25,7578.767857142857,-4.517857142856883,4.267857142856883,-1.0585774058577442,-24.289285714284414,stop
2026-06-04,1,2026-06-04 14:00:00-04:00,2026-06-04 15:55:00-04:00,7605.0,7601.910714285715,-3.0892857142853245,2.8392857142853245,-1.088050314465421,-17.146428571426622,stop
2026-06-05,-1,2026-06-05 11:25:00-04:00,2026-06-05 12:05:00-04:00,7503.0,7480.1875,22.8125,9.125,2.5,112.3625,target
2026-06-05,-1,2026-06-05 14:15:00-04:00,2026-06-05 14:40:00-04:00,7445.75,7423.294642857143,22.455357142856883,8.982142857143117,2.4999999999998987,110.57678571428441,target
2026-06-08,-1,2026-06-08 13:05:00-04:00,2026-06-08 13:25:00-04:00,7429.5,7439.321428571428,-9.821428571428442,9.571428571428442,-1.026119402985075,-50.80714285714221,stop
2026-06-08,-1,2026-06-08 15:10:00-04:00,2026-06-08 15:25:00-04:00,7423.75,7405.0,18.75,7.5,2.5,92.05,target
2026-06-10,-1,2026-06-10 13:15:00-04:00,2026-06-10 13:45:00-04:00,7310.25,7323.625,-13.375,13.125,-1.019047619047619,-68.575,stop
2026-06-11,1,2026-06-11 12:15:00-04:00,2026-06-11 12:25:00-04:00,7318.75,7303.5,-15.25,15.0,-1.0166666666666666,-77.95,stop
2026-06-11,-1,2026-06-11 13:05:00-04:00,2026-06-11 13:10:00-04:00,7277.75,7291.321428571428,-13.571428571428442,13.321428571428442,-1.0187667560321718,-69.55714285714221,stop
2026-06-11,1,2026-06-11 15:20:00-04:00,2026-06-11 15:55:00-04:00,7394.0,7394.25,0.25,10.767857142856883,0.023217247097844673,-0.44999999999999996,time
2026-06-15,-1,2026-06-15 14:00:00-04:00,2026-06-15 15:50:00-04:00,7633.5,7621.580357142857,11.919642857143117,4.767857142856883,2.500000000000191,57.89821428571558,target
2026-06-16,-1,2026-06-16 15:10:00-04:00,2026-06-16 15:15:00-04:00,7597.75,7588.017857142857,9.732142857143117,3.892857142856883,2.5000000000002336,46.96071428571558,target
2026-06-17,-1,2026-06-17 13:05:00-04:00,2026-06-17 13:50:00-04:00,7577.0,7581.589285714285,-4.5892857142853245,4.3392857142853245,-1.057613168724285,-24.646428571426622,stop
2026-06-18,-1,2026-06-18 15:15:00-04:00,2026-06-18 15:15:00-04:00,7552.0,7556.482142857143,-4.482142857143117,4.232142857143117,-1.0590717299578023,-24.110714285715584,stop
2026-06-18,1,2026-06-18 15:45:00-04:00,2026-06-18 15:50:00-04:00,7571.5,7566.178571428572,-5.3214285714284415,5.0714285714284415,-1.0492957746478886,-28.307142857142207,stop
2026-06-22,-1,2026-06-22 14:55:00-04:00,2026-06-22 15:50:00-04:00,7536.25,7542.267857142857,-6.017857142856883,5.767857142856883,-1.043343653250776,-31.789285714284414,stop
2026-06-23,-1,2026-06-23 13:55:00-04:00,2026-06-23 14:40:00-04:00,7456.0,7438.098214285715,17.901785714285325,7.1607142857146755,2.4999999999998095,87.80892857142662,target
2026-06-24,-1,2026-06-24 12:40:00-04:00,2026-06-24 13:15:00-04:00,7461.25,7439.6875,21.5625,8.625,2.5,106.1125,target
2026-06-25,-1,2026-06-25 12:40:00-04:00,2026-06-25 13:15:00-04:00,7422.5,7433.732142857143,-11.232142857143117,10.982142857143117,-1.022764227642276,-57.86071428571559,stop
2026-06-25,1,2026-06-25 14:20:00-04:00,2026-06-25 14:45:00-04:00,7444.0,7430.017857142857,-13.982142857143117,13.732142857143117,-1.0182054616384912,-71.61071428571559,stop
2026-06-26,1,2026-06-26 11:40:00-04:00,2026-06-26 11:50:00-04:00,7452.0,7439.535714285715,-12.464285714285325,12.214285714285325,-1.0204678362573105,-64.02142857142663,stop
2026-06-26,-1,2026-06-26 14:30:00-04:00,2026-06-26 14:30:00-04:00,7421.25,7429.160714285715,-7.9107142857146755,7.6607142857146755,-1.0326340326340309,-41.25357142857338,stop
2026-06-29,1,2026-06-29 12:05:00-04:00,2026-06-29 12:30:00-04:00,7479.5,7471.160714285715,-8.339285714285325,8.089285714285325,-1.0309050772626946,-43.396428571426625,stop
2026-06-29,1,2026-06-29 13:15:00-04:00,2026-06-29 13:20:00-04:00,7490.5,7485.303571428572,-5.1964285714284415,4.9464285714284415,-1.0505415162454887,-27.682142857142207,stop
2026-06-30,1,2026-06-30 14:50:00-04:00,2026-06-30 14:50:00-04:00,7561.0,7557.285714285715,-3.7142857142853245,3.4642857142853245,-1.0721649484536164,-20.271428571426622,stop
2026-07-01,-1,2026-07-01 12:55:00-04:00,2026-07-01 14:15:00-04:00,7565.0,7553.169642857143,11.830357142856883,4.732142857143117,2.4999999999998077,57.45178571428441,target
2026-07-01,-1,2026-07-01 14:55:00-04:00,2026-07-01 14:55:00-04:00,7549.25,7553.892857142857,-4.642857142856883,4.392857142856883,-1.0569105691056944,-24.914285714284414,stop
2026-07-01,-1,2026-07-01 15:55:00-04:00,2026-07-01 15:55:00-04:00,7546.25,7542.0,4.25,4.8392857142853245,0.8782287822878936,19.55,time
2026-07-02,-1,2026-07-02 13:05:00-04:00,2026-07-02 13:05:00-04:00,7488.25,7497.714285714285,-9.464285714285325,9.214285714285325,-1.0271317829457376,-49.021428571426625,stop
2026-07-02,1,2026-07-02 15:55:00-04:00,2026-07-02 15:55:00-04:00,7523.5,7526.25,2.75,7.875,0.3492063492063492,12.05,time
2026-07-06,1,2026-07-06 13:10:00-04:00,2026-07-06 13:15:00-04:00,7593.5,7589.482142857143,-4.017857142856883,3.767857142856883,-1.0663507109004786,-21.789285714284414,stop
2026-07-07,1,2026-07-07 12:00:00-04:00,2026-07-07 12:30:00-04:00,7551.25,7567.678571428572,16.42857142857156,6.5714285714284415,2.5000000000000693,80.44285714285779,target
2026-07-07,-1,2026-07-07 14:50:00-04:00,2026-07-07 15:00:00-04:00,7559.0,7547.258928571428,11.741071428571558,4.6964285714284415,2.500000000000097,57.00535714285779,target
2026-07-08,1,2026-07-08 12:30:00-04:00,2026-07-08 13:20:00-04:00,7506.25,7526.785714285715,20.535714285714675,8.214285714285325,2.500000000000166,100.97857142857337,target
2026-07-08,1,2026-07-08 15:55:00-04:00,2026-07-08 15:55:00-04:00,7532.0,7526.5,-5.5,5.9642857142853245,-0.9221556886228147,-29.2,time
2026-07-09,1,2026-07-09 13:10:00-04:00,2026-07-09 14:55:00-04:00,7587.0,7583.142857142857,-3.857142857143117,3.607142857143117,-1.0693069306930643,-20.985714285715584,stop
2026-07-09,-1,2026-07-09 15:05:00-04:00,2026-07-09 15:15:00-04:00,7582.75,7585.982142857143,-3.232142857143117,2.982142857143117,-1.083832335329334,-17.860714285715584,stop
2026-07-10,1,2026-07-10 15:05:00-04:00,2026-07-10 15:55:00-04:00,7623.75,7620.5,-3.25,3.0,-1.0833333333333333,-17.95,stop
2026-07-13,-1,2026-07-13 12:20:00-04:00,2026-07-13 12:35:00-04:00,7579.5,7566.107142857143,13.392857142856883,5.357142857143117,2.4999999999998304,65.26428571428441,target
2026-07-13,-1,2026-07-13 15:25:00-04:00,2026-07-13 15:50:00-04:00,7560.25,7565.839285714285,-5.5892857142853245,5.3392857142853245,-1.04682274247492,-29.646428571426622,stop
2026-07-16,-1,2026-07-16 12:05:00-04:00,2026-07-16 14:05:00-04:00,7596.5,7577.705357142857,18.794642857143117,7.517857142856883,2.500000000000121,92.27321428571558,target
2026-07-17,-1,2026-07-17 13:55:00-04:00,2026-07-17 14:40:00-04:00,7514.0,7496.321428571428,17.67857142857156,7.0714285714284415,2.5000000000000644,86.69285714285779,target
2026-07-20,1,2026-07-20 12:10:00-04:00,2026-07-20 12:30:00-04:00,7532.0,7523.232142857143,-8.767857142856883,8.517857142856883,-1.029350104821804,-45.53928571428442,stop
2026-07-20,-1,2026-07-20 14:45:00-04:00,2026-07-20 15:40:00-04:00,7488.75,7496.071428571428,-7.3214285714284415,7.0714285714284415,-1.035353535353536,-38.30714285714221,stop
2026-07-21,-1,2026-07-21 14:15:00-04:00,2026-07-21 14:40:00-04:00,7544.5,7547.964285714285,-3.4642857142853245,3.2142857142853245,-1.0777777777777873,-19.021428571426622,stop
2026-07-22,-1,2026-07-22 13:30:00-04:00,2026-07-22 13:35:00-04:00,7552.5,7555.857142857143,-3.357142857143117,3.107142857143117,-1.0804597701149359,-18.485714285715584,stop
2026-07-22,-1,2026-07-22 15:35:00-04:00,2026-07-22 15:45:00-04:00,7539.5,7543.303571428572,-3.8035714285715585,3.5535714285715585,-1.0703517587939673,-20.717857142857792,stop
2026-07-23,1,2026-07-23 12:25:00-04:00,2026-07-23 12:45:00-04:00,7455.0,7445.446428571428,-9.553571428571558,9.303571428571558,-1.0268714011516311,-49.467857142857795,stop
2026-07-23,-1,2026-07-23 15:45:00-04:00,2026-07-23 15:50:00-04:00,7424.0,7430.446428571428,-6.4464285714284415,6.1964285714284415,-1.0403458213256493,-33.93214285714221,stop
2026-07-24,-1,2026-07-24 12:50:00-04:00,2026-07-24 13:30:00-04:00,7470.75,7477.875,-7.125,6.875,-1.0363636363636364,-37.325,stop
2026-07-24,-1,2026-07-24 14:20:00-04:00,2026-07-24 14:30:00-04:00,7460.75,7445.169642857143,15.580357142856883,6.232142857143117,2.499999999999854,76.20178571428441,target
2026-07-27,-1,2026-07-27 13:05:00-04:00,2026-07-27 13:30:00-04:00,7419.75,7429.5,-9.75,9.5,-1.0263157894736843,-50.45,stop
2026-07-27,1,2026-07-27 14:55:00-04:00,2026-07-27 15:55:00-04:00,7443.75,7449.0,5.25,6.5357142857146755,0.8032786885245422,24.55,time
2026-07-28,1,2026-07-28 15:05:00-04:00,2026-07-28 15:05:00-04:00,7477.0,7471.75,-5.25,5.0,-1.05,-27.95,stop
2026-07-29,-1,2026-07-29 11:55:00-04:00,2026-07-29 12:50:00-04:00,7390.25,7399.839285714285,-9.589285714285325,9.339285714285325,-1.0267686424474198,-49.646428571426625,stop
2026-07-29,1,2026-07-29 14:40:00-04:00,2026-07-29 14:50:00-04:00,7444.5,7482.133928571428,37.63392857142844,15.053571428571558,2.49999999999997,186.46964285714222,target
2026-07-30,1,2026-07-30 15:00:00-04:00,2026-07-30 15:05:00-04:00,7461.75,7471.482142857143,9.732142857143117,3.892857142856883,2.5000000000002336,46.96071428571558,target
2026-07-31,1,2026-07-31 12:25:00-04:00,2026-07-31 15:15:00-04:00,7495.0,7523.303571428572,28.30357142857156,11.321428571428442,2.50000000000004,139.8178571428578,target
2026-08-03,1,2026-08-03 11:50:00-04:00,2026-08-03 13:25:00-04:00,7612.75,7622.928571428572,10.178571428571558,4.0714285714284415,2.500000000000112,49.19285714285779,target
2026-08-04,1,2026-08-04 13:05:00-04:00,2026-08-04 13:40:00-04:00,7763.0,7775.5,12.5,5.0,2.5,60.8,target
2026-08-04,1,2026-08-04 15:10:00-04:00,2026-08-04 15:25:00-04:00,7782.5,7776.839285714285,-5.6607142857146755,5.4107142857146755,-1.0462046204620428,-30.003571428573377,stop
2026-08-05,1,2026-08-05 14:05:00-04:00,2026-08-05 14:30:00-04:00,7773.25,7767.5,-5.75,5.5,-1.0454545454545454,-30.45,stop
2026-08-05,-1,2026-08-05 15:40:00-04:00,2026-08-05 15:45:00-04:00,7763.75,7767.892857142857,-4.142857142856883,3.892857142856883,-1.0642201834862428,-22.414285714284414,stop
2026-08-06,1,2026-08-06 14:20:00-04:00,2026-08-06 14:35:00-04:00,7743.5,7738.232142857143,-5.267857142856883,5.017857142856883,-1.049822064056942,-28.039285714284414,stop
2026-08-06,-1,2026-08-06 15:45:00-04:00,2026-08-06 15:50:00-04:00,7732.75,7737.785714285715,-5.0357142857146755,4.7857142857146755,-1.052238805970145,-26.878571428573377,stop
2026-08-07,-1,2026-08-07 12:25:00-04:00,2026-08-07 12:50:00-04:00,7769.75,7775.589285714285,-5.8392857142853245,5.5892857142853245,-1.0447284345047954,-30.896428571426622,stop
2026-08-07,-1,2026-08-07 14:15:00-04:00,2026-08-07 15:00:00-04:00,7762.75,7767.196428571428,-4.4464285714284415,4.1964285714284415,-1.0595744680851082,-23.932142857142207,stop
2026-08-10,-1,2026-08-10 12:35:00-04:00,2026-08-10 13:15:00-04:00,7773.5,7779.553571428572,-6.0535714285715585,5.8035714285715585,-1.0430769230769221,-31.967857142857792,stop
2026-08-10,1,2026-08-10 15:10:00-04:00,2026-08-10 15:25:00-04:00,7781.0,7777.75,-3.25,3.0,-1.0833333333333333,-17.95,stop
2026-08-11,-1,2026-08-11 13:00:00-04:00,2026-08-11 14:25:00-04:00,7756.5,7746.053571428572,10.446428571428442,4.1785714285715585,2.499999999999891,50.532142857142205,target
2026-08-12,1,2026-08-12 12:40:00-04:00,2026-08-12 15:50:00-04:00,7772.25,7767.785714285715,-4.4642857142853245,4.2142857142853245,-1.0593220338983105,-24.021428571426622,stop
2026-08-13,1,2026-08-13 13:05:00-04:00,2026-08-13 13:40:00-04:00,7814.5,7810.357142857143,-4.142857142856883,3.892857142856883,-1.0642201834862428,-22.414285714284414,stop
2026-08-13,1,2026-08-13 14:45:00-04:00,2026-08-13 15:05:00-04:00,7820.75,7828.428571428572,7.6785714285715585,3.0714285714284415,2.500000000000148,36.69285714285779,target
2026-08-14,-1,2026-08-14 13:00:00-04:00,2026-08-14 13:10:00-04:00,7799.0,7802.642857142857,-3.642857142856883,3.392857142856883,-1.0736842105263213,-19.914285714284414,stop
2026-08-17,-1,2026-08-17 13:00:00-04:00,2026-08-17 13:20:00-04:00,7787.5,7780.223214285715,7.2767857142853245,2.9107142857146755,2.4999999999995315,34.68392857142662,target
2026-08-17,-1,2026-08-17 15:30:00-04:00,2026-08-17 15:50:00-04:00,7771.75,7774.875,-3.125,2.875,-1.0869565217391304,-17.325,stop
2026-08-18,-1,2026-08-18 14:00:00-04:00,2026-08-18 14:10:00-04:00,7715.75,7719.089285714285,-3.3392857142853245,3.0892857142853245,-1.0809248554913398,-18.396428571426622,stop
2026-08-19,-1,2026-08-19 15:50:00-04:00,2026-08-19 15:55:00-04:00,7727.0,7731.964285714285,-4.9642857142853245,4.7142857142853245,-1.0530303030303074,-26.521428571426622,stop
2026-08-20,-1,2026-08-20 13:20:00-04:00,2026-08-20 14:05:00-04:00,7686.25,7673.928571428572,12.321428571428442,4.9285714285715585,2.4999999999999076,59.907142857142205,target
2026-08-20,-1,2026-08-20 15:45:00-04:00,2026-08-20 15:55:00-04:00,7669.0,7665.25,3.75,4.392857142856883,0.8536585365854163,17.05,time
2026-08-21,-1,2026-08-21 13:35:00-04:00,2026-08-21 13:45:00-04:00,7690.25,7694.446428571428,-4.1964285714284415,3.9464285714284415,-1.0633484162895948,-22.682142857142207,stop
2026-08-21,1,2026-08-21 15:00:00-04:00,2026-08-21 15:10:00-04:00,7697.5,7694.178571428572,-3.3214285714284415,3.0714285714284415,-1.0813953488372128,-18.307142857142207,stop
2026-08-24,1,2026-08-24 12:05:00-04:00,2026-08-24 12:10:00-04:00,7684.0,7678.25,-5.75,5.5,-1.0454545454545454,-30.45,stop
2026-08-24,-1,2026-08-24 13:25:00-04:00,2026-08-24 14:05:00-04:00,7669.5,7674.071428571428,-4.5714285714284415,4.3214285714284415,-1.0578512396694233,-24.557142857142207,stop
2026-08-25,-1,2026-08-25 13:30:00-04:00,2026-08-25 14:30:00-04:00,7681.0,7685.017857142857,-4.017857142856883,3.767857142856883,-1.0663507109004786,-21.789285714284414,stop
2026-08-25,1,2026-08-25 14:45:00-04:00,2026-08-25 15:05:00-04:00,7689.0,7686.214285714285,-2.7857142857146755,2.5357142857146755,-1.0985915492957594,-15.628571428573377,stop
2026-08-26,-1,2026-08-26 12:40:00-04:00,2026-08-26 12:55:00-04:00,7673.25,7678.375,-5.125,4.875,-1.0512820512820513,-27.325,stop
2026-08-26,1,2026-08-26 14:50:00-04:00,2026-08-26 15:00:00-04:00,7695.5,7703.892857142857,8.392857142856883,3.357142857143117,2.499999999999729,40.26428571428441,target
2026-08-27,1,2026-08-27 12:40:00-04:00,2026-08-27 14:00:00-04:00,7746.75,7741.428571428572,-5.3214285714284415,5.0714285714284415,-1.0492957746478886,-28.307142857142207,stop
2026-08-27,1,2026-08-27 15:55:00-04:00,2026-08-27 15:55:00-04:00,7743.5,7741.0,-2.5,4.4642857142853245,-0.5600000000000489,-14.2,time
2026-08-31,1,2026-08-31 13:45:00-04:00,2026-08-31 14:35:00-04:00,7690.75,7686.303571428572,-4.4464285714284415,4.1964285714284415,-1.0595744680851082,-23.932142857142207,stop
2026-09-01,-1,2026-09-01 12:35:00-04:00,2026-09-01 12:35:00-04:00,7643.5,7649.196428571428,-5.6964285714284415,5.4464285714284415,-1.0459016393442635,-30.182142857142207,stop
2026-09-01,-1,2026-09-01 14:30:00-04:00,2026-09-01 14:40:00-04:00,7638.5,7626.3125,12.1875,4.875,2.5,59.2375,target
2026-09-02,1,2026-09-02 14:20:00-04:00,2026-09-02 14:35:00-04:00,7682.75,7678.053571428572,-4.6964285714284415,4.4464285714284415,-1.0562248995983952,-25.182142857142207,stop
2026-09-03,1,2026-09-03 13:55:00-04:00,2026-09-03 15:20:00-04:00,7760.5,7756.964285714285,-3.5357142857146755,3.2857142857146755,-1.0760869565217301,-19.378571428573377,stop
2026-09-04,1,2026-09-04 12:20:00-04:00,2026-09-04 13:00:00-04:00,7730.5,7725.678571428572,-4.8214285714284415,4.5714285714284415,-1.0546875000000016,-25.807142857142207,stop
2026-09-04,-1,2026-09-04 13:35:00-04:00,2026-09-04 14:20:00-04:00,7718.0,7721.696428571428,-3.6964285714284415,3.4464285714284415,-1.0725388601036296,-20.182142857142207,stop
2026-09-08,-1,2026-09-08 12:20:00-04:00,2026-09-08 12:20:00-04:00,7689.5,7694.910714285715,-5.4107142857146755,5.1607142857146755,-1.0484429065743908,-28.753571428573377,stop
2026-09-08,-1,2026-09-08 14:40:00-04:00,2026-09-08 14:40:00-04:00,7692.25,7695.553571428572,-3.3035714285715585,3.0535714285715585,-1.0818713450292363,-18.217857142857792,stop
2026-09-08,-1,2026-09-08 14:50:00-04:00,2026-09-08 14:50:00-04:00,7683.0,7687.625,-4.625,4.375,-1.0571428571428572,-24.825,stop
2026-09-09,-1,2026-09-09 15:55:00-04:00,2026-09-09 15:55:00-04:00,7644.5,7644.75,-0.25,3.6785714285715585,-0.06796116504854129,-2.95,time
2026-09-10,-1,2026-09-10 12:10:00-04:00,2026-09-10 12:40:00-04:00,7599.75,7606.392857142857,-6.642857142856883,6.392857142856883,-1.0391061452513983,-34.91428571428442,stop
2026-09-11,-1,2026-09-11 14:45:00-04:00,2026-09-11 15:55:00-04:00,7668.75,7661.294642857143,7.455357142856883,2.982142857143117,2.499999999999695,35.57678571428441,target
2026-09-14,-1,2026-09-14 15:55:00-04:00,2026-09-14 15:55:00-04:00,7697.0,7692.75,4.25,3.2857142857146755,1.2934782608694118,19.55,time
2026-09-15,1,2026-09-15 12:55:00-04:00,2026-09-15 13:00:00-04:00,7662.25,7657.196428571428,-5.0535714285715585,4.8035714285715585,-1.0520446096654261,-26.967857142857792,stop
2026-09-15,-1,2026-09-15 15:40:00-04:00,2026-09-15 15:45:00-04:00,7649.0,7652.5,-3.5,3.25,-1.0769230769230769,-19.2,stop
2026-09-16,-1,2026-09-16 12:35:00-04:00,2026-09-16 12:45:00-04:00,7678.25,7682.910714285715,-4.6607142857146755,4.4107142857146755,-1.0566801619433148,-25.003571428573377,stop
2026-09-16,-1,2026-09-16 13:05:00-04:00,2026-09-16 13:10:00-04:00,7675.25,7678.964285714285,-3.7142857142853245,3.4642857142853245,-1.0721649484536164,-20.271428571426622,stop
2026-09-16,1,2026-09-16 14:10:00-04:00,2026-09-16 14:10:00-04:00,7688.5,7682.517857142857,-5.982142857143117,5.732142857143117,-1.043613707165107,-31.610714285715584,stop
2026-09-17,-1,2026-09-17 13:25:00-04:00,2026-09-17 13:30:00-04:00,7700.0,7704.321428571428,-4.3214285714284415,4.0714285714284415,-1.0614035087719318,-23.307142857142207,stop
2026-09-18,-1,2026-09-18 12:25:00-04:00,2026-09-18 12:25:00-04:00,7677.5,7682.071428571428,-4.5714285714284415,4.3214285714284415,-1.0578512396694233,-24.557142857142207,stop
2026-09-18,1,2026-09-18 14:20:00-04:00,2026-09-18 14:45:00-04:00,7698.0,7704.651785714285,6.6517857142853245,2.6607142857146755,2.499999999999487,31.558928571426623,target
