date,side,entry_time,exit_time,entry,exit,pts,risk_pts,r_mult,pnl,reason,or_width
2025-09-08,-1,2025-09-08 10:20:00-04:00,2025-09-08 10:25:00-04:00,6550.75,6558.75,-8.0,7.75,-1.032258064516129,-41.7,stop,10.5
2025-09-09,-1,2025-09-09 10:35:00-04:00,2025-09-09 12:15:00-04:00,6547.75,6562.75,-15.0,14.75,-1.0169491525423728,-76.7,stop,9.5
2025-09-10,1,2025-09-10 10:05:00-04:00,2025-09-10 10:50:00-04:00,6613.25,6604.5,-8.75,8.5,-1.0294117647058822,-45.45,stop,11.5
2025-09-11,1,2025-09-11 10:05:00-04:00,2025-09-11 11:00:00-04:00,6628.75,6640.75,12.0,12.0,1.0,58.3,target,20.5
2025-09-12,1,2025-09-12 10:10:00-04:00,2025-09-12 10:10:00-04:00,6651.5,6645.125,-6.375,6.125,-1.0408163265306123,-33.575,stop,9.25
2025-09-15,1,2025-09-15 10:45:00-04:00,2025-09-15 12:55:00-04:00,6679.5,6671.0,-8.5,8.25,-1.0303030303030303,-44.2,stop,12.5
2025-09-16,-1,2025-09-16 10:05:00-04:00,2025-09-16 15:55:00-04:00,6669.75,6668.5,1.25,9.5,0.13157894736842105,4.55,time,18.0
2025-09-17,-1,2025-09-17 10:05:00-04:00,2025-09-17 11:25:00-04:00,6664.0,6657.625,6.375,6.375,1.0,30.175,target,10.75
2025-09-18,1,2025-09-18 10:05:00-04:00,2025-09-18 10:25:00-04:00,6696.0,6710.75,14.75,14.75,1.0,72.05,target,22.0
2025-09-19,-1,2025-09-19 10:50:00-04:00,2025-09-19 11:30:00-04:00,6696.25,6688.375,7.875,7.875,1.0,37.675,target,14.75
2025-09-22,1,2025-09-22 10:10:00-04:00,2025-09-22 10:40:00-04:00,6721.0,6729.375,8.375,8.375,1.0,40.175,target,13.75
2025-09-23,-1,2025-09-23 10:25:00-04:00,2025-09-23 11:40:00-04:00,6747.0,6741.5,5.5,5.5,1.0,25.8,target,8.0
2025-09-24,-1,2025-09-24 11:35:00-04:00,2025-09-24 11:55:00-04:00,6703.5,6689.75,13.75,13.75,1.0,67.05,target,22.5
2025-09-25,1,2025-09-25 10:15:00-04:00,2025-09-25 13:35:00-04:00,6661.25,6645.5,-15.75,15.5,-1.0161290322580645,-80.45,stop,29.0
2025-09-26,-1,2025-09-26 10:25:00-04:00,2025-09-26 12:20:00-04:00,6666.5,6683.125,-16.625,16.375,-1.015267175572519,-84.825,stop,30.75
2025-09-29,1,2025-09-29 10:10:00-04:00,2025-09-29 10:15:00-04:00,6730.0,6720.75,-9.25,9.0,-1.0277777777777777,-47.95,stop,10.5
2025-09-30,-1,2025-09-30 10:40:00-04:00,2025-09-30 10:45:00-04:00,6694.75,6703.625,-8.875,8.625,-1.0289855072463767,-46.075,stop,13.25
2025-10-01,1,2025-10-01 10:30:00-04:00,2025-10-01 11:35:00-04:00,6730.5,6743.875,13.375,13.375,1.0,65.175,target,23.75
2025-10-02,-1,2025-10-02 10:15:00-04:00,2025-10-02 11:00:00-04:00,6760.0,6749.125,10.875,10.875,1.0,52.675,target,18.75
2025-10-03,1,2025-10-03 10:35:00-04:00,2025-10-03 11:55:00-04:00,6789.25,6798.625,9.375,9.375,1.0,45.175,target,17.25
2025-10-06,-1,2025-10-06 10:10:00-04:00,2025-10-06 10:35:00-04:00,6767.75,6780.125,-12.375,12.125,-1.0206185567010309,-63.575,stop,17.75
2025-10-07,-1,2025-10-07 10:05:00-04:00,2025-10-07 10:35:00-04:00,6789.5,6781.875,7.625,7.625,1.0,36.425,target,9.25
2025-10-08,1,2025-10-08 10:05:00-04:00,2025-10-08 11:25:00-04:00,6784.0,6797.5,13.5,13.5,1.0,65.8,target,12.0
2025-10-09,-1,2025-10-09 10:25:00-04:00,2025-10-09 10:40:00-04:00,6784.5,6771.625,12.875,12.875,1.0,62.675,target,24.25
2025-10-10,-1,2025-10-10 11:00:00-04:00,2025-10-10 11:00:00-04:00,6757.25,6718.625,38.625,38.625,1.0,191.425,target,21.25
2025-10-13,1,2025-10-13 10:05:00-04:00,2025-10-13 10:20:00-04:00,6695.5,6678.0,-17.5,17.25,-1.0144927536231885,-89.2,stop,33.0
2025-10-14,1,2025-10-14 10:05:00-04:00,2025-10-14 10:25:00-04:00,6638.25,6661.5,23.25,23.25,1.0,114.55,target,43.0
2025-10-15,1,2025-10-15 10:05:00-04:00,2025-10-15 11:30:00-04:00,6754.0,6736.625,-17.375,17.125,-1.0145985401459854,-88.575,stop,25.75
2025-10-16,-1,2025-10-16 10:15:00-04:00,2025-10-16 10:20:00-04:00,6721.0,6734.5,-13.5,13.25,-1.0188679245283019,-69.2,stop,20.0
2025-10-17,1,2025-10-17 10:15:00-04:00,2025-10-17 10:35:00-04:00,6691.5,6662.75,-28.75,28.5,-1.0087719298245614,-145.45,stop,43.0
2025-10-20,1,2025-10-20 10:10:00-04:00,2025-10-20 10:45:00-04:00,6757.75,6771.625,13.875,13.875,1.0,67.675,target,21.75
2025-10-21,1,2025-10-21 10:55:00-04:00,2025-10-21 13:00:00-04:00,6780.75,6769.125,-11.625,11.375,-1.021978021978022,-59.825,stop,16.25
2025-10-22,-1,2025-10-22 10:25:00-04:00,2025-10-22 10:25:00-04:00,6763.0,6754.75,8.25,8.25,1.0,39.55,target,16.0
2025-10-23,1,2025-10-23 12:15:00-04:00,2025-10-23 15:55:00-04:00,6769.0,6774.25,5.25,18.0,0.2916666666666667,24.55,time,30.0
2025-10-24,1,2025-10-24 11:25:00-04:00,2025-10-24 15:55:00-04:00,6840.0,6823.375,-16.625,16.375,-1.015267175572519,-84.825,stop,22.25
2025-10-27,1,2025-10-27 10:05:00-04:00,2025-10-27 10:15:00-04:00,6890.0,6882.375,-7.625,7.375,-1.0338983050847457,-39.825,stop,11.75
2025-10-28,-1,2025-10-28 11:45:00-04:00,2025-10-28 12:25:00-04:00,6906.0,6917.375,-11.375,11.125,-1.0224719101123596,-58.575,stop,20.75
2025-10-29,-1,2025-10-29 10:50:00-04:00,2025-10-29 14:00:00-04:00,6935.5,6944.375,-8.875,8.625,-1.0289855072463767,-46.075,stop,15.75
2025-10-30,-1,2025-10-30 15:25:00-04:00,2025-10-30 15:55:00-04:00,6863.75,6854.0,9.75,25.5,0.38235294117647056,47.05,time,43.0
2025-10-31,-1,2025-10-31 10:05:00-04:00,2025-10-31 10:35:00-04:00,6877.75,6891.5,-13.75,13.5,-1.0185185185185186,-70.45,stop,22.5
2025-11-03,-1,2025-11-03 10:05:00-05:00,2025-11-03 10:30:00-05:00,6871.25,6851.625,19.625,19.625,1.0,96.425,target,37.25
2025-11-04,1,2025-11-04 10:05:00-05:00,2025-11-04 12:15:00-05:00,6839.75,6816.5,-23.25,23.0,-1.0108695652173914,-117.95,stop,42.0
2025-11-05,1,2025-11-05 10:10:00-05:00,2025-11-05 11:45:00-05:00,6825.25,6843.375,18.125,18.125,1.0,88.925,target,34.75
2025-11-06,-1,2025-11-06 10:05:00-05:00,2025-11-06 11:55:00-05:00,6772.25,6739.875,32.375,32.375,1.0,160.175,target,33.25
2025-11-07,-1,2025-11-07 10:45:00-05:00,2025-11-07 11:40:00-05:00,6685.75,6666.0,19.75,19.75,1.0,97.05,target,36.5
2025-11-10,-1,2025-11-10 10:55:00-05:00,2025-11-10 11:05:00-05:00,6811.5,6798.625,12.875,12.875,1.0,62.675,target,22.25
2025-11-11,-1,2025-11-11 10:20:00-05:00,2025-11-11 11:15:00-05:00,6832.0,6845.0,-13.0,12.75,-1.0196078431372548,-66.7,stop,14.5
2025-11-12,-1,2025-11-12 10:20:00-05:00,2025-11-12 10:35:00-05:00,6873.5,6863.875,9.625,9.625,1.0,46.425,target,18.75
2025-11-13,-1,2025-11-13 10:45:00-05:00,2025-11-13 11:05:00-05:00,6813.5,6794.0,19.5,19.5,1.0,95.8,target,32.5
2025-11-14,1,2025-11-14 10:30:00-05:00,2025-11-14 11:20:00-05:00,6736.75,6774.875,38.125,38.125,1.0,188.925,target,56.25
2025-11-17,-1,2025-11-17 11:15:00-05:00,2025-11-17 11:35:00-05:00,6723.75,6750.875,-27.125,26.875,-1.0093023255813953,-137.325,stop,48.25
2025-11-18,-1,2025-11-18 10:05:00-05:00,2025-11-18 11:25:00-05:00,6605.5,6650.5,-45.0,44.75,-1.005586592178771,-226.7,stop,57.5
2025-11-19,1,2025-11-19 10:05:00-05:00,2025-11-19 10:55:00-05:00,6697.25,6664.5,-32.75,32.5,-1.0076923076923077,-165.45,stop,58.0
2025-11-20,1,2025-11-20 10:40:00-05:00,2025-11-20 10:50:00-05:00,6788.75,6772.75,-16.0,15.75,-1.0158730158730158,-81.7,stop,26.0
2025-11-21,-1,2025-11-21 10:30:00-05:00,2025-11-21 10:35:00-05:00,6561.5,6543.5,18.0,18.0,1.0,88.3,target,33.5
2025-11-24,1,2025-11-24 10:35:00-05:00,2025-11-24 11:10:00-05:00,6691.0,6715.25,24.25,24.25,1.0,119.55,target,40.0
2025-11-25,1,2025-11-25 10:45:00-05:00,2025-11-25 12:20:00-05:00,6734.75,6767.25,32.5,32.5,1.0,160.8,target,55.5
2025-11-26,1,2025-11-26 11:00:00-05:00,2025-11-26 11:35:00-05:00,6825.0,6838.125,13.125,13.125,1.0,63.925,target,23.75
2025-12-01,1,2025-12-01 11:45:00-05:00,2025-12-01 14:30:00-05:00,6846.5,6828.25,-18.25,18.0,-1.0138888888888888,-92.95,stop,31.5
2025-12-02,1,2025-12-02 10:05:00-05:00,2025-12-02 10:25:00-05:00,6855.75,6846.875,-8.875,8.625,-1.0289855072463767,-46.075,stop,14.75
2025-12-03,1,2025-12-03 10:05:00-05:00,2025-12-03 12:45:00-05:00,6846.0,6862.5,16.5,16.5,1.0,80.8,target,18.5
2025-12-04,-1,2025-12-04 11:05:00-05:00,2025-12-04 11:50:00-05:00,6849.25,6863.875,-14.625,14.375,-1.017391304347826,-74.825,stop,26.75
2025-12-05,1,2025-12-05 10:05:00-05:00,2025-12-05 11:10:00-05:00,6897.25,6882.375,-14.875,14.625,-1.017094017094017,-76.075,stop,17.25
2025-12-08,-1,2025-12-08 10:15:00-05:00,2025-12-08 10:25:00-05:00,6868.5,6859.25,9.25,9.25,1.0,44.55,target,17.0
2025-12-09,1,2025-12-09 11:05:00-05:00,2025-12-09 12:45:00-05:00,6865.5,6855.625,-9.875,9.625,-1.025974025974026,-51.075,stop,17.25
2025-12-10,1,2025-12-10 11:20:00-05:00,2025-12-10 14:00:00-05:00,6854.25,6867.5,13.25,13.25,1.0,64.55,target,20.5
2025-12-11,1,2025-12-11 10:25:00-05:00,2025-12-11 10:50:00-05:00,6881.75,6856.875,-24.875,24.625,-1.0101522842639594,-126.075,stop,35.75
2025-12-12,-1,2025-12-12 10:05:00-05:00,2025-12-12 10:20:00-05:00,6881.0,6867.625,13.375,13.375,1.0,65.175,target,17.25
2025-12-15,-1,2025-12-15 10:05:00-05:00,2025-12-15 15:55:00-05:00,6887.0,6879.25,7.75,26.5,0.29245283018867924,37.05,time,36.0
2025-12-16,-1,2025-12-16 10:25:00-05:00,2025-12-16 10:55:00-05:00,6841.25,6862.75,-21.5,21.25,-1.011764705882353,-109.2,stop,34.0
2025-12-17,-1,2025-12-17 10:40:00-05:00,2025-12-17 10:50:00-05:00,6833.75,6811.25,22.5,22.5,1.0,110.8,target,30.0
2025-12-18,1,2025-12-18 10:30:00-05:00,2025-12-18 12:05:00-05:00,6854.5,6835.125,-19.375,19.125,-1.0130718954248366,-98.575,stop,29.75
2025-12-19,1,2025-12-19 10:05:00-05:00,2025-12-19 15:55:00-05:00,6884.0,6888.5,4.5,20.375,0.22085889570552147,20.8,time,35.75
2025-12-22,-1,2025-12-22 10:40:00-05:00,2025-12-22 10:40:00-05:00,6910.5,6920.0,-9.5,9.25,-1.027027027027027,-49.2,stop,16.0
2025-12-23,1,2025-12-23 11:00:00-05:00,2025-12-23 13:20:00-05:00,6945.0,6958.875,13.875,13.875,1.0,67.675,target,24.75
2025-12-26,-1,2025-12-26 10:15:00-05:00,2025-12-26 10:30:00-05:00,6975.5,6986.875,-11.375,11.125,-1.0224719101123596,-58.575,stop,14.75
2025-12-29,-1,2025-12-29 10:10:00-05:00,2025-12-29 10:35:00-05:00,6946.25,6957.875,-11.625,11.375,-1.021978021978022,-59.825,stop,20.25
2025-12-30,-1,2025-12-30 10:35:00-05:00,2025-12-30 10:55:00-05:00,6943.0,6952.625,-9.625,9.375,-1.0266666666666666,-49.825,stop,16.75
2025-12-31,-1,2025-12-31 10:20:00-05:00,2025-12-31 15:00:00-05:00,6923.5,6910.625,12.875,12.875,1.0,62.675,target,22.25
2026-01-02,-1,2026-01-02 10:20:00-05:00,2026-01-02 10:20:00-05:00,6908.25,6891.125,17.125,17.125,1.0,83.925,target,27.75
2026-01-05,1,2026-01-05 10:20:00-05:00,2026-01-05 10:30:00-05:00,6948.0,6955.875,7.875,7.875,1.0,37.675,target,15.25
2026-01-06,1,2026-01-06 10:10:00-05:00,2026-01-06 10:50:00-05:00,6970.75,6957.375,-13.375,13.125,-1.019047619047619,-68.575,stop,24.75
2026-01-07,-1,2026-01-07 10:15:00-05:00,2026-01-07 10:35:00-05:00,6983.0,6991.375,-8.375,8.125,-1.0307692307692307,-43.575,stop,14.25
2026-01-08,1,2026-01-08 10:10:00-05:00,2026-01-08 14:15:00-05:00,6964.0,6949.0,-15.0,14.75,-1.0169491525423728,-76.7,stop,18.5
2026-01-09,-1,2026-01-09 10:10:00-05:00,2026-01-09 10:15:00-05:00,6959.75,6978.25,-18.5,18.25,-1.0136986301369864,-94.2,stop,19.0
2026-01-12,1,2026-01-12 11:00:00-05:00,2026-01-12 14:30:00-05:00,7003.25,7020.875,17.625,17.625,1.0,86.425,target,34.25
2026-01-13,-1,2026-01-13 10:05:00-05:00,2026-01-13 10:20:00-05:00,7000.5,6986.375,14.125,14.125,1.0,68.925,target,19.25
2026-01-14,-1,2026-01-14 10:05:00-05:00,2026-01-14 10:10:00-05:00,6944.5,6962.75,-18.25,18.0,-1.0138888888888888,-92.95,stop,34.0
2026-01-15,1,2026-01-15 11:05:00-05:00,2026-01-15 12:55:00-05:00,7011.25,7001.875,-9.375,9.125,-1.0273972602739727,-48.575,stop,15.25
2026-01-16,-1,2026-01-16 10:20:00-05:00,2026-01-16 11:30:00-05:00,6975.5,6990.625,-15.125,14.875,-1.0168067226890756,-77.325,stop,23.25
2026-01-20,-1,2026-01-20 10:10:00-05:00,2026-01-20 10:20:00-05:00,6867.75,6880.0,-12.25,12.0,-1.0208333333333333,-62.95,stop,21.5
2026-01-21,1,2026-01-21 10:20:00-05:00,2026-01-21 10:45:00-05:00,6884.25,6904.125,19.875,19.875,1.0,97.675,target,37.75
2026-01-22,-1,2026-01-22 10:05:00-05:00,2026-01-22 10:35:00-05:00,6929.5,6947.25,-17.75,17.5,-1.0142857142857142,-90.45,stop,33.5
2026-01-23,1,2026-01-23 10:05:00-05:00,2026-01-23 10:55:00-05:00,6947.0,6960.25,13.25,13.25,1.0,64.55,target,17.5
2026-01-26,1,2026-01-26 10:20:00-05:00,2026-01-26 15:55:00-05:00,6984.75,6980.25,-4.5,18.75,-0.24,-24.2,time,28.0
2026-01-27,1,2026-01-27 10:40:00-05:00,2026-01-27 15:55:00-05:00,7008.5,7008.5,0.0,10.5,0.0,-1.7,time,19.5
2026-01-28,-1,2026-01-28 10:10:00-05:00,2026-01-28 10:40:00-05:00,7018.0,7010.25,7.75,7.75,1.0,37.05,target,11.0
2026-01-29,-1,2026-01-29 10:05:00-05:00,2026-01-29 10:40:00-05:00,6954.25,6914.875,39.375,39.375,1.0,195.175,target,56.25
2026-01-30,-1,2026-01-30 11:20:00-05:00,2026-01-30 12:00:00-05:00,6958.5,6944.125,14.375,14.375,1.0,70.175,target,25.25
2026-02-02,1,2026-02-02 10:10:00-05:00,2026-02-02 15:55:00-05:00,6993.25,7002.75,9.5,29.25,0.3247863247863248,45.8,time,45.0
2026-02-03,-1,2026-02-03 10:05:00-05:00,2026-02-03 11:30:00-05:00,6975.0,6951.5,23.5,23.5,1.0,115.8,target,37.0
2026-02-04,-1,2026-02-04 10:05:00-05:00,2026-02-04 10:20:00-05:00,6918.0,6942.375,-24.375,24.125,-1.0103626943005182,-123.575,stop,36.75
2026-02-05,-1,2026-02-05 10:15:00-05:00,2026-02-05 11:55:00-05:00,6811.75,6856.625,-44.875,44.625,-1.0056022408963585,-226.075,stop,50.25
2026-02-06,1,2026-02-06 11:05:00-05:00,2026-02-06 15:40:00-05:00,6911.5,6944.375,32.875,32.875,1.0,162.675,target,57.25
2026-02-09,1,2026-02-09 10:15:00-05:00,2026-02-09 10:35:00-05:00,6959.5,6978.0,18.5,18.5,1.0,90.8,target,33.5
2026-02-10,-1,2026-02-10 13:30:00-05:00,2026-02-10 15:55:00-05:00,6974.5,6959.75,14.75,14.75,1.0,72.05,target,28.5
2026-02-11,-1,2026-02-11 10:05:00-05:00,2026-02-11 10:10:00-05:00,6976.5,6958.5,18.0,18.0,1.0,88.3,target,34.0
2026-02-12,-1,2026-02-12 10:35:00-05:00,2026-02-12 10:50:00-05:00,6958.0,6938.625,19.375,19.375,1.0,95.175,target,30.75
2026-02-13,1,2026-02-13 10:30:00-05:00,2026-02-13 12:10:00-05:00,6864.5,6892.875,28.375,28.375,1.0,140.175,target,53.75
2026-02-17,-1,2026-02-17 10:35:00-05:00,2026-02-17 11:00:00-05:00,6794.25,6830.25,-36.0,35.75,-1.006993006993007,-181.7,stop,63.5
2026-02-18,1,2026-02-18 10:05:00-05:00,2026-02-18 14:55:00-05:00,6910.25,6879.25,-31.0,30.75,-1.008130081300813,-156.7,stop,36.5
2026-02-19,-1,2026-02-19 13:05:00-05:00,2026-02-19 15:55:00-05:00,6852.75,6874.0,-21.25,21.0,-1.0119047619047619,-107.95,stop,34.0
2026-02-20,1,2026-02-20 10:05:00-05:00,2026-02-20 15:55:00-05:00,6900.25,6924.25,24.0,34.625,0.6931407942238267,118.3,time,36.75
2026-02-23,-1,2026-02-23 10:05:00-05:00,2026-02-23 10:55:00-05:00,6882.0,6852.625,29.375,29.375,1.0,145.175,target,38.25
2026-02-24,1,2026-02-24 10:30:00-05:00,2026-02-24 15:55:00-05:00,6892.75,6902.75,10.0,36.625,0.27303754266211605,48.3,time,55.25
2026-02-25,1,2026-02-25 11:50:00-05:00,2026-02-25 15:50:00-05:00,6951.5,6963.625,12.125,12.125,1.0,58.925,target,19.25
2026-02-26,-1,2026-02-26 10:05:00-05:00,2026-02-26 10:10:00-05:00,6930.75,6915.125,15.625,15.625,1.0,76.425,target,29.25
2026-02-27,1,2026-02-27 10:10:00-05:00,2026-02-27 15:55:00-05:00,6872.5,6890.375,17.875,17.875,1.0,87.675,target,26.25
2026-03-02,1,2026-03-02 10:05:00-05:00,2026-03-02 14:20:00-05:00,6867.25,6903.375,36.125,36.125,1.0,178.925,target,53.75
2026-03-03,-1,2026-03-03 10:20:00-05:00,2026-03-03 11:05:00-05:00,6732.5,6767.75,-35.25,35.0,-1.0071428571428571,-177.95,stop,53.0
2026-03-04,1,2026-03-04 10:20:00-05:00,2026-03-04 15:55:00-05:00,6867.75,6873.0,5.25,29.5,0.17796610169491525,24.55,time,39.5
2026-03-05,-1,2026-03-05 10:25:00-05:00,2026-03-05 12:25:00-05:00,6831.5,6806.5,25.0,25.0,1.0,123.3,target,33.0
2026-03-06,1,2026-03-06 10:30:00-05:00,2026-03-06 15:30:00-05:00,6760.0,6737.0,-23.0,22.75,-1.010989010989011,-116.7,stop,44.0
2026-03-09,1,2026-03-09 10:55:00-04:00,2026-03-09 12:25:00-04:00,6699.5,6729.875,30.375,30.375,1.0,150.175,target,49.75
2026-03-10,-1,2026-03-10 10:10:00-04:00,2026-03-10 10:20:00-04:00,6766.25,6789.25,-23.0,22.75,-1.010989010989011,-116.7,stop,34.0
2026-03-11,-1,2026-03-11 10:25:00-04:00,2026-03-11 10:40:00-04:00,6777.75,6790.375,-12.625,12.375,-1.02020202020202,-64.825,stop,23.75
2026-03-12,-1,2026-03-12 10:30:00-04:00,2026-03-12 10:45:00-04:00,6696.0,6714.75,-18.75,18.5,-1.0135135135135136,-95.45,stop,35.0
2026-03-13,-1,2026-03-13 10:15:00-04:00,2026-03-13 10:45:00-04:00,6702.25,6684.0,18.25,18.25,1.0,89.55,target,34.0
2026-03-16,1,2026-03-16 10:25:00-04:00,2026-03-16 10:30:00-04:00,6774.5,6756.5,-18.0,17.75,-1.0140845070422535,-91.7,stop,32.5
2026-03-17,-1,2026-03-17 11:10:00-04:00,2026-03-17 11:35:00-04:00,6781.75,6767.625,14.125,14.125,1.0,68.925,target,25.25
2026-03-18,-1,2026-03-18 10:15:00-04:00,2026-03-18 13:10:00-04:00,6734.0,6717.25,16.75,16.75,1.0,82.05,target,18.0
2026-03-19,1,2026-03-19 11:15:00-04:00,2026-03-19 11:30:00-04:00,6654.75,6630.625,-24.125,23.875,-1.0104712041884816,-122.325,stop,38.75
2026-03-20,-1,2026-03-20 10:10:00-04:00,2026-03-20 13:35:00-04:00,6604.5,6584.625,19.875,19.875,1.0,97.675,target,37.75
2026-03-23,1,2026-03-23 10:20:00-04:00,2026-03-23 11:45:00-04:00,6690.25,6659.25,-31.0,30.75,-1.008130081300813,-156.7,stop,42.5
2026-03-24,1,2026-03-24 10:10:00-04:00,2026-03-24 10:50:00-04:00,6609.75,6629.625,19.875,19.875,1.0,97.675,target,32.75
2026-03-25,-1,2026-03-25 11:20:00-04:00,2026-03-25 13:35:00-04:00,6625.5,6662.0,-36.5,36.25,-1.006896551724138,-184.2,stop,46.0
2026-03-26,-1,2026-03-26 12:25:00-04:00,2026-03-26 13:40:00-04:00,6575.5,6551.125,24.375,24.375,1.0,120.175,target,39.75
2026-03-27,-1,2026-03-27 12:40:00-04:00,2026-03-27 13:55:00-04:00,6451.25,6427.625,23.625,23.625,1.0,116.425,target,41.75
2026-03-30,-1,2026-03-30 13:15:00-04:00,2026-03-30 14:55:00-04:00,6412.25,6382.375,29.875,29.875,1.0,147.675,target,57.75
2026-03-31,1,2026-03-31 12:40:00-04:00,2026-03-31 12:40:00-04:00,6517.0,6561.25,44.25,44.25,1.0,219.55,target,44.5
2026-04-01,1,2026-04-01 10:50:00-04:00,2026-04-01 11:55:00-04:00,6630.5,6648.0,17.5,17.5,1.0,85.8,target,31.0
2026-04-02,1,2026-04-02 10:20:00-04:00,2026-04-02 10:35:00-04:00,6567.25,6596.0,28.75,28.75,1.0,142.05,target,48.5
2026-04-06,1,2026-04-06 10:25:00-04:00,2026-04-06 10:35:00-04:00,6651.0,6633.25,-17.75,17.5,-1.0142857142857142,-90.45,stop,31.5
2026-04-07,-1,2026-04-07 10:05:00-04:00,2026-04-07 11:05:00-04:00,6597.0,6573.25,23.75,23.75,1.0,117.05,target,37.0
2026-04-08,-1,2026-04-08 10:35:00-04:00,2026-04-08 10:55:00-04:00,6802.5,6784.125,18.375,18.375,1.0,90.175,target,31.75
2026-04-09,-1,2026-04-09 10:20:00-04:00,2026-04-09 10:50:00-04:00,6808.0,6815.5,-7.5,7.25,-1.0344827586206897,-39.2,stop,13.0
2026-04-10,1,2026-04-10 11:25:00-04:00,2026-04-10 11:30:00-04:00,6882.25,6872.375,-9.875,9.625,-1.025974025974026,-51.075,stop,17.75
2026-04-13,1,2026-04-13 10:35:00-04:00,2026-04-13 12:25:00-04:00,6859.25,6875.875,16.625,16.625,1.0,81.425,target,32.25
2026-04-14,1,2026-04-14 10:10:00-04:00,2026-04-14 11:25:00-04:00,6966.0,6982.5,16.5,16.5,1.0,80.8,target,23.5
2026-04-15,1,2026-04-15 10:25:00-04:00,2026-04-15 14:00:00-04:00,7028.25,7042.25,14.0,14.0,1.0,68.3,target,21.0
2026-04-16,1,2026-04-16 11:15:00-04:00,2026-04-16 13:15:00-04:00,7076.0,7059.75,-16.25,16.0,-1.015625,-82.95,stop,27.5
2026-04-17,1,2026-04-17 10:05:00-04:00,2026-04-17 10:40:00-04:00,7149.25,7168.125,18.875,18.875,1.0,92.675,target,26.75
2026-04-20,-1,2026-04-20 10:45:00-04:00,2026-04-20 10:50:00-04:00,7141.25,7131.625,9.625,9.625,1.0,46.425,target,17.25
2026-04-21,1,2026-04-21 10:10:00-04:00,2026-04-21 10:35:00-04:00,7170.25,7157.5,-12.75,12.5,-1.02,-65.45,stop,21.5
2026-04-22,1,2026-04-22 10:10:00-04:00,2026-04-22 10:15:00-04:00,7154.5,7162.125,7.625,7.625,1.0,36.425,target,13.75
2026-04-23,1,2026-04-23 10:55:00-04:00,2026-04-23 12:05:00-04:00,7172.75,7160.0,-12.75,12.5,-1.02,-65.45,stop,21.5
2026-04-24,1,2026-04-24 10:50:00-04:00,2026-04-24 11:40:00-04:00,7167.25,7178.625,11.375,11.375,1.0,55.175,target,21.75
2026-04-27,1,2026-04-27 13:30:00-04:00,2026-04-27 15:55:00-04:00,7201.25,7206.75,5.5,12.625,0.43564356435643564,25.8,time,19.75
2026-04-28,-1,2026-04-28 10:40:00-04:00,2026-04-28 15:05:00-04:00,7154.25,7172.5,-18.25,18.0,-1.0138888888888888,-92.95,stop,21.5
2026-04-29,1,2026-04-29 10:25:00-04:00,2026-04-29 11:10:00-04:00,7167.25,7157.0,-10.25,10.0,-1.025,-52.95,stop,15.5
2026-04-30,1,2026-04-30 11:55:00-04:00,2026-04-30 13:45:00-04:00,7201.0,7221.75,20.75,20.75,1.0,102.05,target,40.5
2026-05-01,1,2026-05-01 10:05:00-04:00,2026-05-01 10:35:00-04:00,7295.75,7275.75,-20.0,19.75,-1.0126582278481013,-101.7,stop,34.0
2026-05-04,1,2026-05-04 10:15:00-04:00,2026-05-04 10:35:00-04:00,7259.75,7269.5,9.75,9.75,1.0,47.05,target,15.5
2026-05-05,1,2026-05-05 10:10:00-04:00,2026-05-05 10:10:00-04:00,7281.75,7270.5,-11.25,11.0,-1.0227272727272727,-57.95,stop,13.0
2026-05-06,1,2026-05-06 10:15:00-04:00,2026-05-06 10:40:00-04:00,7350.5,7363.625,13.125,13.125,1.0,63.925,target,20.25
2026-05-07,1,2026-05-07 10:50:00-04:00,2026-05-07 11:00:00-04:00,7400.75,7409.5,8.75,8.75,1.0,42.05,target,16.5
2026-05-08,1,2026-05-08 10:25:00-04:00,2026-05-08 15:55:00-04:00,7419.75,7420.75,1.0,15.125,0.06611570247933884,3.3,time,25.25
2026-05-11,1,2026-05-11 10:20:00-04:00,2026-05-11 10:30:00-04:00,7441.0,7423.5,-17.5,17.25,-1.0144927536231885,-89.2,stop,27.0
2026-05-12,-1,2026-05-12 10:35:00-04:00,2026-05-12 11:25:00-04:00,7385.0,7364.375,20.625,20.625,1.0,101.425,target,23.75
2026-05-13,1,2026-05-13 10:35:00-04:00,2026-05-13 12:10:00-04:00,7431.25,7448.25,17.0,17.0,1.0,83.3,target,30.5
2026-05-14,1,2026-05-14 10:20:00-04:00,2026-05-14 10:50:00-04:00,7505.25,7518.875,13.625,13.625,1.0,66.425,target,23.75
2026-05-15,1,2026-05-15 10:20:00-04:00,2026-05-15 11:40:00-04:00,7461.25,7440.125,-21.125,20.875,-1.0119760479041917,-107.325,stop,40.75
2026-05-18,-1,2026-05-18 10:35:00-04:00,2026-05-18 11:30:00-04:00,7414.0,7393.25,20.75,20.75,1.0,102.05,target,39.0
2026-05-19,-1,2026-05-19 10:15:00-04:00,2026-05-19 12:25:00-04:00,7367.75,7386.125,-18.375,18.125,-1.013793103448276,-93.575,stop,32.25
2026-05-20,1,2026-05-20 10:20:00-04:00,2026-05-20 10:30:00-04:00,7411.75,7427.75,16.0,16.0,1.0,78.3,target,30.0
2026-05-21,1,2026-05-21 10:10:00-04:00,2026-05-21 10:15:00-04:00,7441.5,7424.125,-17.375,17.125,-1.0145985401459854,-88.575,stop,28.75
2026-05-22,-1,2026-05-22 10:15:00-04:00,2026-05-22 11:05:00-04:00,7489.5,7503.875,-14.375,14.125,-1.0176991150442478,-73.575,stop,25.25
2026-05-26,1,2026-05-26 10:10:00-04:00,2026-05-26 11:15:00-04:00,7547.25,7534.625,-12.625,12.375,-1.02020202020202,-64.825,stop,20.25
2026-05-27,-1,2026-05-27 11:20:00-04:00,2026-05-27 12:40:00-04:00,7524.25,7536.25,-12.0,11.75,-1.0212765957446808,-61.7,stop,20.5
2026-05-28,1,2026-05-28 10:10:00-04:00,2026-05-28 10:10:00-04:00,7540.5,7549.625,9.125,9.125,1.0,43.925,target,11.75
2026-05-29,-1,2026-05-29 10:45:00-04:00,2026-05-29 11:10:00-04:00,7582.0,7598.625,-16.625,16.375,-1.015267175572519,-84.825,stop,23.25
2026-06-01,1,2026-06-01 11:35:00-04:00,2026-06-01 13:25:00-04:00,7599.0,7611.75,12.75,12.75,1.0,62.05,target,20.5
2026-06-02,1,2026-06-02 10:05:00-04:00,2026-06-02 10:20:00-04:00,7606.0,7611.5,5.5,5.5,1.0,25.8,target,10.0
2026-06-03,-1,2026-06-03 12:25:00-04:00,2026-06-03 15:55:00-04:00,7567.75,7572.5,-4.75,26.625,-0.1784037558685446,-25.45,time,40.75
2026-06-04,1,2026-06-04 10:25:00-04:00,2026-06-04 11:15:00-04:00,7569.5,7585.875,16.375,16.375,1.0,80.175,target,22.75
2026-06-05,-1,2026-06-05 11:15:00-04:00,2026-06-05 12:05:00-04:00,7507.25,7482.75,24.5,24.5,1.0,120.8,target,42.0
2026-06-08,1,2026-06-08 11:00:00-04:00,2026-06-08 11:30:00-04:00,7473.5,7450.0,-23.5,23.25,-1.010752688172043,-119.2,stop,38.5
2026-06-09,-1,2026-06-09 10:15:00-04:00,2026-06-09 10:45:00-04:00,7436.75,7400.75,36.0,36.0,1.0,178.3,target,36.5
2026-06-10,1,2026-06-10 10:10:00-04:00,2026-06-10 10:50:00-04:00,7392.0,7362.5,-29.5,29.25,-1.0085470085470085,-149.2,stop,55.0
2026-06-11,-1,2026-06-11 11:00:00-04:00,2026-06-11 11:40:00-04:00,7275.0,7309.375,-34.375,34.125,-1.0073260073260073,-173.575,stop,52.25
2026-06-12,1,2026-06-12 10:55:00-04:00,2026-06-12 15:55:00-04:00,7433.75,7433.25,-0.5,38.125,-0.013114754098360656,-4.2,time,58.25
2026-06-15,1,2026-06-15 11:00:00-04:00,2026-06-15 11:40:00-04:00,7623.5,7636.625,13.125,13.125,1.0,63.925,target,24.25
2026-06-16,-1,2026-06-16 10:25:00-04:00,2026-06-16 10:30:00-04:00,7617.0,7604.875,12.125,12.125,1.0,58.925,target,14.75
2026-06-17,1,2026-06-17 10:25:00-04:00,2026-06-17 10:30:00-04:00,7604.0,7590.375,-13.625,13.375,-1.0186915887850467,-69.825,stop,19.25
2026-06-22,-1,2026-06-22 10:30:00-04:00,2026-06-22 10:50:00-04:00,7561.0,7537.875,23.125,23.125,1.0,113.925,target,25.25
2026-06-23,1,2026-06-23 10:05:00-04:00,2026-06-23 11:20:00-04:00,7475.0,7440.375,-34.625,34.375,-1.0072727272727273,-174.825,stop,51.25
2026-06-24,1,2026-06-24 10:45:00-04:00,2026-06-24 10:55:00-04:00,7473.0,7491.25,18.25,18.25,1.0,89.55,target,35.5
2026-06-26,1,2026-06-26 10:05:00-04:00,2026-06-26 11:30:00-04:00,7415.25,7447.75,32.5,32.5,1.0,160.8,target,45.5
2026-06-29,-1,2026-06-29 10:10:00-04:00,2026-06-29 10:15:00-04:00,7439.25,7411.375,27.875,27.875,1.0,137.675,target,45.25
2026-06-30,1,2026-06-30 10:05:00-04:00,2026-06-30 12:15:00-04:00,7532.75,7554.125,21.375,21.375,1.0,105.175,target,31.25
2026-07-01,1,2026-07-01 10:05:00-04:00,2026-07-01 10:40:00-04:00,7537.75,7554.0,16.25,16.25,1.0,79.55,target,31.0
2026-07-02,-1,2026-07-02 10:45:00-04:00,2026-07-02 11:05:00-04:00,7549.25,7525.625,23.625,23.625,1.0,116.425,target,42.25
2026-07-06,1,2026-07-06 10:25:00-04:00,2026-07-06 12:05:00-04:00,7576.0,7588.875,12.875,12.875,1.0,62.675,target,21.75
2026-07-07,-1,2026-07-07 10:15:00-04:00,2026-07-07 15:55:00-04:00,7547.75,7553.5,-5.75,26.25,-0.21904761904761905,-30.45,time,27.5
2026-07-08,-1,2026-07-08 10:40:00-04:00,2026-07-08 11:15:00-04:00,7497.75,7482.25,15.5,15.5,1.0,75.8,target,23.0
2026-07-09,1,2026-07-09 11:10:00-04:00,2026-07-09 13:20:00-04:00,7570.0,7591.625,21.625,21.625,1.0,106.425,target,36.25
2026-07-10,-1,2026-07-10 10:35:00-04:00,2026-07-10 10:50:00-04:00,7581.0,7598.125,-17.125,16.875,-1.0148148148148148,-87.325,stop,15.75
2026-07-13,-1,2026-07-13 10:20:00-04:00,2026-07-13 10:20:00-04:00,7589.75,7600.25,-10.5,10.25,-1.024390243902439,-54.2,stop,19.5
2026-07-14,1,2026-07-14 10:35:00-04:00,2026-07-14 10:50:00-04:00,7591.0,7576.0,-15.0,14.75,-1.0169491525423728,-76.7,stop,24.0
2026-07-15,-1,2026-07-15 10:55:00-04:00,2026-07-15 12:05:00-04:00,7600.25,7586.75,13.5,13.5,1.0,65.8,target,25.0
2026-07-16,1,2026-07-16 10:20:00-04:00,2026-07-16 12:10:00-04:00,7608.25,7589.375,-18.875,18.625,-1.0134228187919463,-96.075,stop,28.75
2026-07-17,1,2026-07-17 10:05:00-04:00,2026-07-17 15:10:00-04:00,7519.0,7493.25,-25.75,25.5,-1.0098039215686274,-130.45,stop,41.0
2026-07-20,-1,2026-07-20 10:10:00-04:00,2026-07-20 14:30:00-04:00,7517.25,7498.875,18.375,18.375,1.0,90.175,target,33.25
2026-07-21,1,2026-07-21 10:30:00-04:00,2026-07-21 12:15:00-04:00,7532.25,7547.125,14.875,14.875,1.0,72.675,target,25.75
2026-07-22,1,2026-07-22 10:05:00-04:00,2026-07-22 10:20:00-04:00,7552.25,7537.25,-15.0,14.75,-1.0169491525423728,-76.7,stop,25.0
2026-07-23,-1,2026-07-23 10:55:00-04:00,2026-07-23 11:30:00-04:00,7441.5,7417.375,24.125,24.125,1.0,118.925,target,41.75
2026-07-24,1,2026-07-24 11:00:00-04:00,2026-07-24 11:15:00-04:00,7465.25,7486.125,20.875,20.875,1.0,102.675,target,26.25
2026-07-27,-1,2026-07-27 10:15:00-04:00,2026-07-27 10:25:00-04:00,7467.5,7441.0,26.5,26.5,1.0,130.8,target,40.5
2026-07-28,1,2026-07-28 11:20:00-04:00,2026-07-28 15:55:00-04:00,7463.5,7466.0,2.5,28.75,0.08695652173913043,10.8,time,35.5
2026-07-29,-1,2026-07-29 10:15:00-04:00,2026-07-29 12:05:00-04:00,7410.0,7378.5,31.5,31.5,1.0,155.8,target,39.0
2026-07-30,1,2026-07-30 12:15:00-04:00,2026-07-30 15:00:00-04:00,7442.0,7464.125,22.125,22.125,1.0,108.925,target,40.25
2026-07-31,-1,2026-07-31 10:05:00-04:00,2026-07-31 12:20:00-04:00,7454.25,7491.125,-36.875,36.625,-1.006825938566553,-186.075,stop,48.75
2026-08-03,1,2026-08-03 10:15:00-04:00,2026-08-03 12:25:00-04:00,7591.25,7617.0,25.75,25.75,1.0,127.05,target,45.5
2026-08-04,1,2026-08-04 10:05:00-04:00,2026-08-04 10:40:00-04:00,7691.0,7710.625,19.625,19.625,1.0,96.425,target,30.75
2026-08-05,-1,2026-08-05 10:40:00-04:00,2026-08-05 11:15:00-04:00,7791.0,7774.5,16.5,16.5,1.0,80.8,target,25.5
2026-08-06,1,2026-08-06 10:20:00-04:00,2026-08-06 10:25:00-04:00,7767.75,7752.75,-15.0,14.75,-1.0169491525423728,-76.7,stop,25.5
2026-08-07,-1,2026-08-07 10:15:00-04:00,2026-08-07 10:15:00-04:00,7745.5,7761.375,-15.875,15.625,-1.016,-81.075,stop,19.25
2026-08-10,1,2026-08-10 10:10:00-04:00,2026-08-10 12:30:00-04:00,7787.25,7776.875,-10.375,10.125,-1.0246913580246915,-53.575,stop,12.25
2026-08-11,-1,2026-08-11 11:20:00-04:00,2026-08-11 12:55:00-04:00,7769.75,7757.375,12.375,12.375,1.0,60.175,target,20.75
2026-08-12,-1,2026-08-12 10:05:00-04:00,2026-08-12 14:35:00-04:00,7763.75,7780.0,-16.25,16.0,-1.015625,-82.95,stop,28.5
2026-08-13,1,2026-08-13 10:05:00-04:00,2026-08-13 11:25:00-04:00,7827.25,7803.125,-24.125,23.875,-1.0104712041884816,-122.325,stop,36.25
2026-08-14,-1,2026-08-14 10:25:00-04:00,2026-08-14 10:30:00-04:00,7817.5,7811.125,6.375,6.375,1.0,30.175,target,9.25
2026-08-17,-1,2026-08-17 10:40:00-04:00,2026-08-17 13:15:00-04:00,7791.75,7782.375,9.375,9.375,1.0,45.175,target,16.75
2026-08-18,-1,2026-08-18 11:10:00-04:00,2026-08-18 12:05:00-04:00,7717.75,7727.125,-9.375,9.125,-1.0273972602739727,-48.575,stop,16.75
2026-08-19,1,2026-08-19 10:40:00-04:00,2026-08-19 13:20:00-04:00,7751.75,7733.25,-18.5,18.25,-1.0136986301369864,-94.2,stop,25.5
2026-08-20,-1,2026-08-20 10:20:00-04:00,2026-08-20 10:20:00-04:00,7692.25,7706.875,-14.625,14.375,-1.017391304347826,-74.825,stop,19.25
2026-08-21,1,2026-08-21 11:05:00-04:00,2026-08-21 11:50:00-04:00,7698.25,7710.125,11.875,11.875,1.0,57.675,target,19.75
2026-08-24,1,2026-08-24 12:05:00-04:00,2026-08-24 13:25:00-04:00,7684.0,7668.625,-15.375,15.125,-1.0165289256198347,-78.575,stop,27.75
2026-08-25,-1,2026-08-25 10:10:00-04:00,2026-08-25 10:30:00-04:00,7686.25,7677.875,8.375,8.375,1.0,40.175,target,13.25
2026-08-26,-1,2026-08-26 12:40:00-04:00,2026-08-26 13:30:00-04:00,7673.25,7690.375,-17.125,16.875,-1.0148148148148148,-87.325,stop,22.75
2026-08-27,1,2026-08-27 10:50:00-04:00,2026-08-27 13:00:00-04:00,7734.0,7752.375,18.375,18.375,1.0,90.175,target,25.75
2026-08-28,-1,2026-08-28 10:10:00-04:00,2026-08-28 10:20:00-04:00,7738.5,7751.125,-12.625,12.375,-1.02020202020202,-64.825,stop,14.25
2026-08-31,-1,2026-08-31 10:25:00-04:00,2026-08-31 13:50:00-04:00,7677.5,7693.625,-16.125,15.875,-1.015748031496063,-82.325,stop,21.75
2026-09-01,1,2026-09-01 10:10:00-04:00,2026-09-01 10:30:00-04:00,7656.5,7667.75,11.25,11.25,1.0,54.55,target,13.5
2026-09-02,1,2026-09-02 10:05:00-04:00,2026-09-02 10:20:00-04:00,7664.25,7678.25,14.0,14.0,1.0,68.3,target,14.0
2026-09-03,-1,2026-09-03 10:10:00-04:00,2026-09-03 10:20:00-04:00,7703.25,7715.625,-12.375,12.125,-1.0206185567010309,-63.575,stop,22.25
2026-09-04,-1,2026-09-04 10:10:00-04:00,2026-09-04 10:40:00-04:00,7737.0,7728.5,8.5,8.5,1.0,40.8,target,11.0
2026-09-08,-1,2026-09-08 10:10:00-04:00,2026-09-08 11:10:00-04:00,7684.25,7703.375,-19.125,18.875,-1.0132450331125828,-97.325,stop,29.25
2026-09-09,-1,2026-09-09 10:20:00-04:00,2026-09-09 10:25:00-04:00,7650.0,7658.125,-8.125,7.875,-1.0317460317460319,-42.325,stop,11.75
2026-09-10,1,2026-09-10 10:25:00-04:00,2026-09-10 12:10:00-04:00,7613.0,7597.375,-15.625,15.375,-1.016260162601626,-79.825,stop,23.25
2026-09-11,-1,2026-09-11 10:45:00-04:00,2026-09-11 11:15:00-04:00,7657.5,7671.125,-13.625,13.375,-1.0186915887850467,-69.825,stop,22.25
2026-09-14,1,2026-09-14 10:10:00-04:00,2026-09-14 10:20:00-04:00,7692.25,7678.625,-13.625,13.375,-1.0186915887850467,-69.825,stop,21.75
2026-09-15,-1,2026-09-15 10:10:00-04:00,2026-09-15 10:20:00-04:00,7667.5,7656.375,11.125,11.125,1.0,53.925,target,16.75
2026-09-16,1,2026-09-16 11:05:00-04:00,2026-09-16 11:45:00-04:00,7687.75,7697.75,10.0,10.0,1.0,48.3,target,17.5
2026-09-17,-1,2026-09-17 10:05:00-04:00,2026-09-17 10:25:00-04:00,7686.75,7702.5,-15.75,15.5,-1.0161290322580645,-80.45,stop,28.0
2026-09-18,-1,2026-09-18 10:05:00-04:00,2026-09-18 14:20:00-04:00,7686.0,7703.125,-17.125,16.875,-1.0148148148148148,-87.325,stop,23.25
