date,side,entry_time,exit_time,entry,exit,pts,risk_pts,r_mult,pnl,reason,entry_dev
2023-09-07,-1,2023-09-07 10:45:00-04:00,2023-09-07 11:50:00-04:00,444.46000000000004,443.9605556405574,0.4994443594426343,0.5749411531881492,0.8686877894774587,47.94443594426343,target,2.0336074464824048
2023-09-08,1,2023-09-08 14:20:00-04:00,2023-09-08 15:20:00-04:00,445.23,444.5474757637921,-0.6825242362079393,0.6725242362079484,-1.0148693525996568,-70.25242362079393,stop,-2.383695910679938
2023-09-12,1,2023-09-12 10:30:00-04:00,2023-09-12 11:05:00-04:00,446.64,446.16791645591684,-0.4720835440831479,0.462083544083157,-1.0216411082542063,-49.20835440831479,stop,-2.1872386282506415
2023-09-14,1,2023-09-14 10:10:00-04:00,2023-09-14 10:10:00-04:00,448.2,447.93597874958755,-0.2640212504124406,0.2540212504124497,-1.0393667851951522,-28.402125041244062,stop,-2.1047503554094362
2023-09-15,1,2023-09-15 10:55:00-04:00,2023-09-15 13:10:00-04:00,444.94,444.22393441667174,-0.716065583328259,0.7060655833282681,-1.0141629902888805,-73.6065583328259,stop,-2.242330719024461
2023-09-18,-1,2023-09-18 11:25:00-04:00,2023-09-18 11:30:00-04:00,443.94,444.3986765901509,-0.4586765901509011,0.4486765901509102,-1.0222877685609304,-47.86765901509011,stop,2.048110324328625
2023-09-20,1,2023-09-20 11:30:00-04:00,2023-09-20 11:55:00-04:00,443.28999999999996,443.7028556520781,0.4128556520781217,0.3360252131707284,1.228644863230418,39.28556520781217,target,-2.2687786423826775
2023-09-21,1,2023-09-21 11:20:00-04:00,2023-09-21 13:10:00-04:00,433.89,434.32376069477607,0.43376069477608326,0.8702725131869329,0.4984193895629935,41.376069477608326,target,-2.0907950801456696
2023-09-22,-1,2023-09-22 10:10:00-04:00,2023-09-22 10:10:00-04:00,432.83,432.3281094446887,0.5018905553112631,0.42529508517600334,1.1800995892147723,48.189055531126314,target,2.2664134352152807
2023-09-25,-1,2023-09-25 11:20:00-04:00,2023-09-25 13:25:00-04:00,431.42,430.687555303497,0.7324446965030234,0.6489930224895488,1.1285863963426794,71.24446965030234,target,2.214741489124587
2023-09-26,1,2023-09-26 13:45:00-04:00,2023-09-26 15:55:00-04:00,426.15,425.83,-0.3199999999999932,1.4942251310743018,-0.21415782223520965,-33.99999999999932,time,-2.0684746908138747
2023-09-27,1,2023-09-27 10:05:00-04:00,2023-09-27 10:05:00-04:00,426.46,426.2167874835116,-0.24321251648837006,0.23321251648837915,-1.0428793452022511,-26.321251648837006,stop,-2.056860375878974
2023-09-28,-1,2023-09-28 11:35:00-04:00,2023-09-28 13:30:00-04:00,428.68,428.2224038253319,0.4575961746680832,1.6721275043890955,0.27366105363793053,43.75961746680832,target,2.026646438935225
2023-09-29,1,2023-09-29 10:25:00-04:00,2023-09-29 10:45:00-04:00,430.12,430.89522886272226,0.7752288627222583,0.167411551012151,4.63067726232338,75.52288627222583,target,-2.484744924661505
2023-10-02,-1,2023-10-02 11:25:00-04:00,2023-10-02 11:40:00-04:00,428.32,427.2812341640258,1.038765835974175,0.3650473789421085,2.845564427785986,101.8765835974175,target,2.538821200048205
2023-10-04,-1,2023-10-04 12:00:00-04:00,2023-10-04 13:25:00-04:00,423.92,422.7319618907987,1.1880381092013295,1.1461411328303939,1.0365548143861403,116.80381092013295,target,2.2951827703082843
2023-10-05,-1,2023-10-05 14:40:00-04:00,2023-10-05 15:55:00-04:00,425.17,424.46999999999997,0.7000000000000455,1.701086969208177,0.4115015943752023,68.00000000000455,time,2.053958179714756
2023-10-06,-1,2023-10-06 10:35:00-04:00,2023-10-06 11:00:00-04:00,423.45,424.64194870711054,-1.191948707110555,1.181948707110564,-1.0084606040345332,-121.1948707110555,stop,2.163635318949747
2023-10-13,1,2023-10-13 10:15:00-04:00,2023-10-13 10:40:00-04:00,434.44,433.9810294479804,-0.45897055201959347,0.44897055201960256,-1.0222731757239043,-47.89705520195935,stop,-2.2667398519551654
2023-10-19,1,2023-10-19 10:30:00-04:00,2023-10-19 10:30:00-04:00,429.02,428.8374127341298,-0.18258726587015417,0.17258726587016326,-1.057941702416874,-20.258726587015417,stop,-2.671718696284218
2023-10-24,-1,2023-10-24 10:30:00-04:00,2023-10-24 10:50:00-04:00,424.41,424.81376656639725,-0.4037665663972234,0.3937665663972325,-1.0253957569112226,-42.37665663972234,stop,2.3715323996524575
2023-10-31,-1,2023-10-31 13:05:00-04:00,2023-10-31 14:00:00-04:00,416.82,417.95529181724766,-1.135291817247662,1.1252918172476711,-1.0088865837702878,-115.5291817247662,stop,2.0238466674301527
2023-11-01,-1,2023-11-01 10:25:00-04:00,2023-11-01 11:10:00-04:00,421.37,420.5854505075398,0.7845494924602008,0.9175141427425046,0.855081634071749,76.45494924602008,target,2.068825117142292
2023-11-02,-1,2023-11-02 10:30:00-04:00,2023-11-02 10:35:00-04:00,428.22,428.4812308432131,-0.26123084321307033,0.2512308432130794,-1.0398040299196445,-28.123084321307033,stop,2.3254000340351775
2023-11-06,1,2023-11-06 12:50:00-05:00,2023-11-06 13:10:00-05:00,434.73,434.35774787739615,-0.372252122603868,0.36225212260387707,-1.027605083244539,-39.2252122603868,stop,-2.392709698725161
2023-11-08,1,2023-11-08 12:05:00-05:00,2023-11-08 13:05:00-05:00,435.73,436.4952102763138,0.7652102763137805,0.8680107409147126,0.8815677505411964,74.52102763137805,target,-2.2331294092941216
2023-11-09,1,2023-11-09 13:10:00-05:00,2023-11-09 14:00:00-05:00,435.52,434.5772993941435,-0.9427006058564871,0.9327006058564962,-1.010721554094851,-96.27006058564871,stop,-2.268664399655346
2023-11-10,1,2023-11-10 10:35:00-05:00,2023-11-10 10:45:00-05:00,434.57,435.28761242775994,0.7176124277599456,0.5524158862390323,1.299043792251536,69.76124277599456,target,-2.10497931978252
2023-11-21,1,2023-11-21 10:25:00-05:00,2023-11-21 10:25:00-05:00,452.49,452.4310221124373,-0.058977887562718934,0.04897788756272803,-1.2041737710141844,-7.897788756271893,stop,-2.106461797151278
2023-11-29,1,2023-11-29 11:20:00-05:00,2023-11-29 13:00:00-05:00,455.5,456.42872571671666,0.9287257167166558,1.446459069267803,0.6420684390238408,90.87257167166558,target,-2.054519304654261
2023-11-30,1,2023-11-30 12:25:00-05:00,2023-11-30 14:10:00-05:00,453.57,454.3176729330158,0.7476729330157923,0.6296697656711672,1.1874048489827762,72.76729330157923,target,-2.3992602945538417
2023-12-04,1,2023-12-04 10:25:00-05:00,2023-12-04 10:50:00-05:00,454.90999999999997,454.5337008246575,-0.37629917534246715,0.36629917534247625,-1.0273000887611643,-39.629917534246715,stop,-2.3246538642052923
2023-12-06,1,2023-12-06 10:25:00-05:00,2023-12-06 11:20:00-05:00,456.96999999999997,456.6200770517616,-0.34992294823837256,0.33992294823838165,-1.0294184315940273,-36.992294823837256,stop,-2.0861328226392017
2023-12-14,1,2023-12-14 10:20:00-05:00,2023-12-14 10:30:00-05:00,472.09,472.62675538989237,0.5367553898923916,0.6616798578933185,0.8112010415449759,51.67553898923916,target,-2.1125946767356956
2023-12-20,1,2023-12-20 14:40:00-05:00,2023-12-20 14:45:00-05:00,473.46999999999997,472.9554081572248,-0.5145918427751894,0.5045918427751985,-1.0198179977404946,-53.45918427751894,stop,-2.496580315167316
2023-12-21,1,2023-12-21 10:05:00-05:00,2023-12-21 10:05:00-05:00,471.23,471.02695777519835,-0.20304222480166345,0.19304222480167255,-1.0518021381605227,-22.304222480166345,stop,-2.0051392181095906
2023-12-22,1,2023-12-22 11:05:00-05:00,2023-12-22 11:20:00-05:00,473.95,474.55443908011097,0.6044390801109785,0.7740445982503843,0.7808840491584406,58.44390801109785,target,-2.1050248790466846
2023-12-29,1,2023-12-29 10:25:00-05:00,2023-12-29 10:25:00-05:00,476.51,476.71377365526075,0.2037736552607612,0.1007176125609135,2.02321768834145,18.37736552607612,target,-2.061714375832155
2024-01-03,1,2024-01-03 10:15:00-05:00,2024-01-03 10:15:00-05:00,469.42,469.29771107623236,-0.12228892376765543,0.11228892376766453,-1.089055978670539,-14.228892376765543,stop,-2.430562241625345
2024-01-08,-1,2024-01-08 14:15:00-05:00,2024-01-08 15:35:00-05:00,472.53000000000003,474.20021121590236,-1.6702112159023272,1.6602112159023363,-1.0060233299860921,-169.02112159023272,stop,2.137765163130804
2024-01-16,1,2024-01-16 14:20:00-05:00,2024-01-16 15:50:00-05:00,473.12,474.54940298360486,1.4294029836048594,1.363158629920008,1.048596217806829,140.94029836048594,target,-2.2214267918945287
2024-01-18,-1,2024-01-18 10:40:00-05:00,2024-01-18 10:55:00-05:00,474.61,474.1606590564475,0.44934094355249954,0.3604199897802687,1.2467148224116034,42.934094355249954,target,2.30829665533623
2024-01-22,1,2024-01-22 10:35:00-05:00,2024-01-22 10:45:00-05:00,484.0,483.60128818155414,-0.3987118184458609,0.38871181844587,-1.0257259993791092,-41.87118184458609,stop,-2.357459623626414
2024-01-30,1,2024-01-30 10:55:00-05:00,2024-01-30 11:00:00-05:00,490.39,490.8095248362667,0.419524836266703,0.2427877117307844,1.7279492165233383,39.9524836266703,target,-2.0457747519354563
2024-01-31,1,2024-01-31 15:05:00-05:00,2024-01-31 15:35:00-05:00,484.62,483.6667557166818,-0.9532442833182131,0.9432442833182222,-1.0106017075076374,-97.32442833182131,stop,-2.225779461465614
2024-02-01,1,2024-02-01 11:00:00-05:00,2024-02-01 11:30:00-05:00,484.09,485.00726241313953,0.9172624131395537,0.45710094955666136,2.0066954882268333,89.72624131395537,target,-2.5473916118283606
2024-02-06,1,2024-02-06 10:05:00-05:00,2024-02-06 10:35:00-05:00,492.71,493.0071180425561,0.2971180425561215,0.7927389464611565,0.3747993508865406,27.71180425561215,target,-2.0469347623553737
2024-02-08,1,2024-02-08 11:30:00-05:00,2024-02-08 11:40:00-05:00,497.36,497.8097416856166,0.4497416856165728,0.17871185034778136,2.5165745010269607,42.97416856165728,target,-2.3195887436294598
2024-02-12,1,2024-02-12 10:15:00-05:00,2024-02-12 10:15:00-05:00,501.15999999999997,501.0602917975215,-0.09970820247849588,0.08970820247850497,-1.1114725267445529,-11.970820247849588,stop,-2.093213762386665
2024-02-13,1,2024-02-13 10:05:00-05:00,2024-02-13 10:20:00-05:00,493.57,494.0568728491228,0.48687284912278983,0.5975782278704287,0.8147432861766798,46.68728491227898,target,-2.0092575985965455
2024-02-20,1,2024-02-20 12:05:00-05:00,2024-02-20 13:55:00-05:00,495.26,495.9251185063179,0.6651185063179241,1.048191490304248,0.6345391204472256,64.51185063179241,target,-2.0483140129239943
2024-02-23,1,2024-02-23 10:35:00-05:00,2024-02-23 10:40:00-05:00,509.33,508.97899340220624,-0.35100659779374155,0.34100659779375064,-1.0293249458065887,-37.100659779374155,stop,-2.021440368453488
2024-02-26,1,2024-02-26 11:00:00-05:00,2024-02-26 11:05:00-05:00,507.52,507.0565894658005,-0.4634105341994541,0.4534105341994632,-1.0220550676389706,-48.34105341994541,stop,-2.1438661955273406
2024-02-27,1,2024-02-27 12:25:00-05:00,2024-02-27 12:55:00-05:00,505.39,505.08667014690377,-0.30332985309621563,0.2933298530962247,-1.0340913135653822,-32.33298530962156,stop,-2.1235401390458546
2024-02-29,1,2024-02-29 10:10:00-05:00,2024-02-29 10:10:00-05:00,508.28,508.2014479833199,-0.07855201668007794,0.06855201668008704,-1.1458746289938937,-9.855201668007794,stop,-2.049020918958862
2024-03-05,1,2024-03-05 10:15:00-05:00,2024-03-05 10:15:00-05:00,509.05,508.52414031128626,-0.5258596887137514,0.5158596887137605,-1.0193851161832879,-54.585968871375144,stop,-2.060824814563017
2024-03-06,1,2024-03-06 10:05:00-05:00,2024-03-06 10:05:00-05:00,508.84999999999997,508.42007039868327,-0.4299296013167009,0.41992960131671,-1.023813515333607,-44.99296013167009,stop,-2.1433781965634884
2024-03-08,1,2024-03-08 13:00:00-05:00,2024-03-08 14:40:00-05:00,512.56,514.1937079075519,1.6337079075519796,3.0101298699530616,0.5427366851708145,161.37079075519796,target,-2.007383436557366
2024-03-11,1,2024-03-11 10:05:00-04:00,2024-03-11 10:30:00-04:00,509.08,509.60542018792347,0.525420187923487,0.7862569357232587,0.6682550754737263,50.5420187923487,target,-2.0547583563533287
2024-03-14,1,2024-03-14 15:10:00-04:00,2024-03-14 15:50:00-04:00,512.6899999999999,513.9521321973485,1.262132197348592,1.3379791171641955,0.9433123291368264,124.2132197348592,target,-2.063660507855859
2024-03-21,1,2024-03-21 13:55:00-04:00,2024-03-21 14:35:00-04:00,522.86,522.4598248654917,-0.40017513450834485,0.39017513450835395,-1.0256295163775404,-42.017513450834485,stop,-2.1230017675408726
2024-03-22,1,2024-03-22 10:45:00-04:00,2024-03-22 11:10:00-04:00,521.21,521.620388966295,0.4103889662949314,0.3263626580945811,1.2574629974241696,39.03889662949314,target,-2.0827979409643755
2024-03-26,1,2024-03-26 13:00:00-04:00,2024-03-26 13:45:00-04:00,520.88,520.5779046146348,-0.30209538536519176,0.29209538536520085,-1.0342353919336593,-32.209538536519176,stop,-2.0301206690579554
2024-04-01,1,2024-04-01 10:40:00-04:00,2024-04-01 11:15:00-04:00,522.34,521.5197743285001,-0.8202256714998839,0.810225671499893,-1.0123422403803608,-84.02256714998839,stop,-2.2255394912257556
2024-04-04,1,2024-04-04 14:00:00-04:00,2024-04-04 14:05:00-04:00,521.88,521.3992545445356,-0.4807454554644437,0.4707454554644528,-1.0212429028977552,-50.07454554644437,stop,-2.5737552520557703
2024-04-05,-1,2024-04-05 10:50:00-04:00,2024-04-05 10:55:00-04:00,516.99,517.9032997849201,-0.9132997849201274,0.9032997849201365,-1.0110705218432827,-93.32997849201274,stop,2.0255434798350747
2024-04-11,-1,2024-04-11 13:10:00-04:00,2024-04-11 14:00:00-04:00,516.54,518.423305332717,-1.8833053327169864,1.8733053327169955,-1.0053381580809826,-190.33053327169864,stop,2.103008663014133
2024-04-30,1,2024-04-30 11:10:00-04:00,2024-04-30 11:10:00-04:00,507.37,506.8568802004532,-0.5131197995468142,0.5031197995468233,-1.019875981841697,-53.31197995468142,stop,-2.4308348496867787
2024-05-02,-1,2024-05-02 13:30:00-04:00,2024-05-02 14:50:00-04:00,504.11,505.4944939282736,-1.3844939282735709,1.37449392827358,-1.0072754050012802,-140.4493928273571,stop,2.1310410361092615
2024-05-10,1,2024-05-10 10:30:00-04:00,2024-05-10 10:55:00-04:00,520.78,520.0190696869481,-0.7609303130518583,0.7509303130518674,-1.0133168149243432,-78.09303130518583,stop,-2.083844139029467
2024-05-13,1,2024-05-13 11:35:00-04:00,2024-05-13 12:05:00-04:00,520.92,521.3154356958373,0.3954356958373637,0.7428081247159071,0.5323524106425213,37.54356958373637,target,-2.1369472432321897
2024-05-20,1,2024-05-20 14:10:00-04:00,2024-05-20 15:55:00-04:00,529.78,530.02,0.2400000000000091,0.9213849054084449,0.2604774601702623,22.00000000000091,time,-2.28045401123335
2024-05-23,1,2024-05-23 13:40:00-04:00,2024-05-23 13:55:00-04:00,528.02,526.7786531029589,-1.2413468970411259,1.231346897041135,-1.0081211882890357,-126.13468970411259,stop,-2.3194159517537454
2024-05-28,1,2024-05-28 13:55:00-04:00,2024-05-28 14:25:00-04:00,528.73,528.3411933682904,-0.38880663170959906,0.37880663170960815,-1.0263986930610467,-40.880663170959906,stop,-2.7014297626047967
2024-05-30,1,2024-05-30 10:15:00-04:00,2024-05-30 10:20:00-04:00,523.64,524.2319723343431,0.5919723343431542,0.253601928089779,2.334258019259171,57.19723343431542,target,-2.187344259302788
2024-06-03,1,2024-06-03 10:40:00-04:00,2024-06-03 10:45:00-04:00,527.37,526.6606202389069,-0.709379761093146,0.6993797610931551,-1.0142983834481578,-72.9379761093146,stop,-2.1435405735034294
2024-06-04,1,2024-06-04 11:35:00-04:00,2024-06-04 12:25:00-04:00,525.4,526.0925273036979,0.6925273036979434,0.5926270157668796,1.1685719436900617,67.25273036979434,target,-2.248168903406001
2024-06-06,1,2024-06-06 11:35:00-04:00,2024-06-06 12:15:00-04:00,534.34,533.8854416185022,-0.4545583814978045,0.44455838149781357,-1.0224942334149651,-47.45583814978045,stop,-2.0969357741271764
2024-06-12,1,2024-06-12 15:35:00-04:00,2024-06-12 15:50:00-04:00,540.99,542.2003352063301,1.2103352063301145,1.2779716652075876,0.9470751498496748,119.03352063301145,target,-2.2404396222925618
2024-06-13,1,2024-06-13 10:05:00-04:00,2024-06-13 10:10:00-04:00,541.77,541.3531195861494,-0.4168804138505493,0.4068804138505584,-1.024577245941516,-43.68804138505493,stop,-2.0510326898826152
2024-06-14,1,2024-06-14 10:40:00-04:00,2024-06-14 10:45:00-04:00,539.95,540.7740305881443,0.8240305881442964,0.6538415530673092,1.2602909440040855,80.40305881442964,target,-2.011164272293286
2024-06-18,1,2024-06-18 10:25:00-04:00,2024-06-18 10:30:00-04:00,547.3,547.6590001521371,0.35900015213712777,0.16631546200198954,2.1585494686767803,33.90001521371278,target,-2.178681145004713
2024-06-20,1,2024-06-20 12:25:00-04:00,2024-06-20 12:30:00-04:00,547.43,546.8402982721373,-0.589701727862689,0.5797017278626981,-1.0172502504639065,-60.970172786268904,stop,-2.384076839240877
2024-06-27,1,2024-06-27 11:35:00-04:00,2024-06-27 12:15:00-04:00,544.88,545.7430530400135,0.863053040013483,0.6306338175065775,1.3685486189526799,84.3053040013483,target,-2.4487181726951404
2024-07-08,1,2024-07-08 10:25:00-04:00,2024-07-08 10:35:00-04:00,555.47,555.0666543327072,-0.40334566729279686,0.39334566729280596,-1.0254229316133459,-42.334566729279686,stop,-2.1621727979899057
2024-07-09,1,2024-07-09 10:30:00-04:00,2024-07-09 10:35:00-04:00,556.02,556.31558268078,0.29558268078005767,0.4444844005147388,0.6650012473728115,27.558268078005767,target,-2.1615060963885693
2024-07-16,1,2024-07-16 10:05:00-04:00,2024-07-16 10:05:00-04:00,562.52,562.372356033484,-0.14764396651594325,0.13764396651595234,-1.072651204793869,-16.764396651594325,stop,-2.1632520170344534
2024-07-17,1,2024-07-17 10:10:00-04:00,2024-07-17 10:15:00-04:00,558.13,559.2247806378189,1.0947806378188716,0.6635139284450133,1.6499738602090221,107.47806378188716,target,-2.001906339841426
2024-07-18,1,2024-07-18 10:40:00-04:00,2024-07-18 10:40:00-04:00,556.79,555.7620728664634,-1.0279271335365365,1.0179271335365456,-1.0098238858858672,-104.79271335365365,stop,-2.2397801726968787
2024-07-19,1,2024-07-19 10:30:00-04:00,2024-07-19 10:40:00-04:00,551.14,550.7336239678314,-0.40637603216862317,0.39637603216863226,-1.025228568804424,-42.63760321686232,stop,-2.403189100643794
2024-07-25,-1,2024-07-25 11:15:00-04:00,2024-07-25 12:20:00-04:00,543.84,546.2388779398535,-2.3988779398534916,2.3888779398535007,-1.0041860656976909,-241.88779398534916,stop,2.07269455559835
2024-07-26,-1,2024-07-26 10:30:00-04:00,2024-07-26 10:30:00-04:00,543.62,542.8201068129192,0.7998931870807837,1.2677394655247554,0.6309602318404468,77.98931870807837,target,2.2992515661393047
2024-07-29,-1,2024-07-29 10:05:00-04:00,2024-07-29 10:10:00-04:00,546.94,545.9211111966523,1.0188888033477497,0.6605392286239749,1.5425106627963385,99.88888033477497,target,2.3344118101216607
2024-07-31,-1,2024-07-31 10:05:00-04:00,2024-07-31 10:05:00-04:00,548.94,549.1906229002334,-0.25062290023333844,0.24062290023334754,-1.0415588042131205,-27.062290023333844,stop,2.739201831401206
2024-08-05,-1,2024-08-05 12:25:00-04:00,2024-08-05 14:00:00-04:00,522.66,518.279039242633,4.380960757367006,4.902130653418112,0.8936850253699972,436.09607573670064,target,2.0543691440339176
2024-08-06,-1,2024-08-06 10:10:00-04:00,2024-08-06 10:45:00-04:00,523.79,526.0937699705804,-2.303769970580447,2.293769970580456,-1.004359635067269,-232.3769970580447,stop,2.00786219742445
2024-08-09,-1,2024-08-09 10:15:00-04:00,2024-08-09 10:30:00-04:00,531.4300000000001,530.2110986646298,1.2189013353702194,0.863312831611438,1.4118883569644722,119.89013353702194,target,2.057387178002234
2024-08-13,-1,2024-08-13 10:50:00-04:00,2024-08-13 11:05:00-04:00,538.4,538.7753608051615,-0.3753608051615629,0.365360805161572,-1.027370204627091,-39.53608051615629,stop,2.1967314332584205
2024-08-19,1,2024-08-19 10:20:00-04:00,2024-08-19 10:20:00-04:00,554.03,553.9813306197957,-0.04866938020427369,0.03866938020428279,-1.2586025415241429,-6.866938020427369,stop,-2.3689694767908946
2024-08-22,1,2024-08-22 10:10:00-04:00,2024-08-22 10:10:00-04:00,561.05,560.6485542562406,-0.4014457437593819,0.391445743759391,-1.0255463245147394,-42.14457437593819,stop,-2.2934614406661153
2024-08-23,1,2024-08-23 12:45:00-04:00,2024-08-23 13:25:00-04:00,557.86,560.1892658505301,2.329265850530078,2.175794352934986,1.0705358470059774,230.92658505300778,target,-2.007903780337522
2024-08-26,1,2024-08-26 10:10:00-04:00,2024-08-26 10:15:00-04:00,562.2,561.8525826755973,-0.347417324402727,0.3374173244027361,-1.0296368896223451,-36.7417324402727,stop,-2.2781190067952655
2024-08-28,1,2024-08-28 10:45:00-04:00,2024-08-28 10:45:00-04:00,560.25,560.1608180324184,-0.08918196758156682,0.07918196758157592,-1.126291380543033,-10.918196758156682,stop,-2.611051483428329
2024-08-30,1,2024-08-30 11:00:00-04:00,2024-08-30 11:00:00-04:00,560.01,559.915508649853,-0.0944913501469955,0.0844913501470046,-1.118355310722247,-11.44913501469955,stop,-2.667085071382606
2024-09-09,-1,2024-09-09 10:05:00-04:00,2024-09-09 10:10:00-04:00,545.34,545.7748160215926,-0.43481602159261,0.4248160215926191,-1.0235396018316383,-45.481602159261,stop,2.1300908215562773
2024-09-11,-1,2024-09-11 13:50:00-04:00,2024-09-11 15:55:00-04:00,550.61,554.37,-3.759999999999991,5.08033248407969,-0.7401090404580322,-377.9999999999991,time,2.071653116307037
2024-09-12,-1,2024-09-12 13:00:00-04:00,2024-09-12 13:35:00-04:00,557.12,558.2167481406836,-1.0967481406836441,1.0867481406836532,-1.0092017640754372,-111.67481406836441,stop,2.3910903059378583
2024-09-18,1,2024-09-18 11:25:00-04:00,2024-09-18 11:40:00-04:00,562.37,562.0576333122426,-0.3123666877573896,0.3023666877573987,-1.0330724263117712,-33.23666877573896,stop,-2.1678742649782197
2024-09-20,1,2024-09-20 10:15:00-04:00,2024-09-20 10:20:00-04:00,566.59,567.5044676432568,0.9144676432567849,0.7222490505916994,1.266138934357354,89.44676432567849,target,-2.0294018316999742
2024-09-25,1,2024-09-25 10:50:00-04:00,2024-09-25 10:50:00-04:00,570.81,570.620378194886,-0.1896218051139158,0.1796218051139249,-1.055672528141271,-20.96218051139158,stop,-2.464801802340729
2024-09-26,1,2024-09-26 10:10:00-04:00,2024-09-26 10:20:00-04:00,572.97,572.5861739584338,-0.3838260415661807,0.3738260415661898,-1.026750410319449,-40.38260415661807,stop,-2.4408479546959914
2024-09-30,1,2024-09-30 10:25:00-04:00,2024-09-30 10:25:00-04:00,570.42,570.8770379142843,0.45703791428434215,0.2774152780935992,1.647486459380001,43.703791428434215,target,-2.0219198337914275
2024-10-03,1,2024-10-03 13:05:00-04:00,2024-10-03 13:25:00-04:00,565.75,567.2880303407711,1.5380303407711153,1.5407311320254848,0.9982470716673201,151.80303407711153,target,-2.0672355089121575
2024-10-15,1,2024-10-15 10:15:00-04:00,2024-10-15 10:25:00-04:00,583.88,583.6034699669981,-0.2765300330019045,0.2665300330019136,-1.0375192239589717,-29.65300330019045,stop,-2.469735945145945
2024-10-17,1,2024-10-17 14:25:00-04:00,2024-10-17 15:55:00-04:00,582.6899999999999,582.28,-0.40999999999996817,1.3983739835193774,-0.2931976744648058,-42.99999999999682,time,-2.027229729672895
2024-10-21,1,2024-10-21 10:40:00-04:00,2024-10-21 10:40:00-04:00,583.28,582.7757315607491,-0.5042684392508363,0.4942684392508454,-1.0202319209681843,-52.42684392508363,stop,-2.0993907090285813
2024-10-23,1,2024-10-23 10:05:00-04:00,2024-10-23 10:05:00-04:00,580.8199999999999,580.7531441646229,-0.06685583537705497,0.05685583537706407,-1.1758834415794188,-8.685583537705497,stop,-2.457170722492589
2024-10-24,1,2024-10-24 10:55:00-04:00,2024-10-24 11:05:00-04:00,578.77,578.3781440612803,-0.3918559387196865,0.3818559387196956,-1.0261878865456942,-41.18559387196865,stop,-2.1621184364737647
2024-10-25,1,2024-10-25 13:20:00-04:00,2024-10-25 13:40:00-04:00,580.84,579.4507767537734,-1.3892232462266065,1.3792232462266156,-1.0072504578409258,-140.92232462266065,stop,-2.1968704883612076
2024-10-28,1,2024-10-28 11:35:00-04:00,2024-10-28 11:40:00-04:00,581.23,580.8477277459075,-0.38227225409252696,0.37227225409253606,-1.0268620610052372,-40.227225409252696,stop,-2.329577082381067
2024-11-01,-1,2024-11-01 10:15:00-04:00,2024-11-01 10:40:00-04:00,574.36,573.6968712950088,0.6631287049912089,1.2219708353431997,0.5426714662997372,64.31287049912089,target,2.037057043081982
2024-11-06,-1,2024-11-06 13:15:00-05:00,2024-11-06 15:45:00-05:00,589.89,591.7231872685031,-1.8331872685031385,1.8231872685031476,-1.0054849000828099,-185.31872685031385,stop,2.0355790966044345
2024-11-11,1,2024-11-11 12:45:00-05:00,2024-11-11 13:00:00-05:00,598.64,598.0111865676064,-0.6288134323935992,0.6188134323936083,-1.016159959491038,-64.88134323935992,stop,-2.0269746620595233
2024-11-12,1,2024-11-12 11:00:00-05:00,2024-11-12 11:35:00-05:00,597.24,596.4389052879106,-0.8010947120893661,0.7910947120893752,-1.0126407114687692,-82.10947120893661,stop,-2.1508824942876137
2024-11-14,1,2024-11-14 12:20:00-05:00,2024-11-14 12:45:00-05:00,595.03,593.7639744347116,-1.2660255652883734,1.2560255652883825,-1.00796162138443,-128.60255652883734,stop,-2.0631681874847803
2024-11-15,1,2024-11-15 10:05:00-05:00,2024-11-15 10:10:00-05:00,587.98,587.3258543265055,-0.6541456734945541,0.6441456734945632,-1.0155244386657754,-67.41456734945541,stop,-2.151119193427335
2024-11-25,1,2024-11-25 12:20:00-05:00,2024-11-25 15:55:00-05:00,596.53,597.7281115791,1.1981115790999866,1.9650434101549763,0.6097125248777561,117.81115790999866,target,-2.1318806921646773
2024-11-26,1,2024-11-26 10:10:00-05:00,2024-11-26 10:10:00-05:00,598.52,598.3295055415142,-0.19049445848577307,0.18049445848578216,-1.0554033629834603,-21.049445848577307,stop,-2.1556251716631794
2024-11-27,1,2024-11-27 10:15:00-05:00,2024-11-27 10:20:00-05:00,599.83,599.5817038627159,-0.2482961372841146,0.2382961372841237,-1.0419645912601083,-26.82961372841146,stop,-2.001957034968639
2024-12-02,1,2024-12-02 11:05:00-05:00,2024-12-02 11:05:00-05:00,602.6,603.0517113560725,0.45171135607245105,0.3252651238129829,1.3887482026267615,43.171135607245105,target,-2.333612087602039
2024-12-03,1,2024-12-03 10:30:00-05:00,2024-12-03 11:00:00-05:00,602.49,602.9585353593355,0.46853535933553303,0.28271644808103247,1.6572624709873298,44.8535359335533,target,-2.488158138351079
2024-12-04,1,2024-12-04 10:20:00-05:00,2024-12-04 10:20:00-05:00,605.58,605.6631079879755,0.08310798797549523,0.5042905755866514,0.16480178690393738,6.310798797549523,target,-2.206346212253957
2024-12-05,1,2024-12-05 10:30:00-05:00,2024-12-05 11:15:00-05:00,607.11,607.354792355844,0.24479235584396974,0.3243598597438222,0.754693740579693,22.479235584396974,target,-2.1950073487774824
2024-12-06,1,2024-12-06 12:05:00-05:00,2024-12-06 13:05:00-05:00,607.39,608.0424590535952,0.6524590535951802,0.6292408106837684,1.036898819207517,63.24590535951802,target,-2.0317131979901566
2024-12-09,1,2024-12-09 10:15:00-05:00,2024-12-09 10:15:00-05:00,607.24,607.037760384812,-0.2022396151879775,0.1922396151879866,-1.0520184145718985,-22.22396151879775,stop,-2.2564515520235533
2024-12-10,1,2024-12-10 14:15:00-05:00,2024-12-10 15:15:00-05:00,603.77,602.9277588102576,-0.8422411897423672,0.8322411897423763,-1.0120157475059441,-86.22411897423672,stop,-2.141075386915361
2024-12-12,1,2024-12-12 10:10:00-05:00,2024-12-12 10:10:00-05:00,605.52,605.3127830813643,-0.20721691863570868,0.19721691863571778,-1.0507055888975836,-22.721691863570868,stop,-2.480171159847534
2024-12-13,1,2024-12-13 10:10:00-05:00,2024-12-13 10:40:00-05:00,605.6,604.6914142543183,-0.9085857456817621,0.8985857456817712,-1.0111285985205605,-92.85857456817621,stop,-2.0085678966241227
2024-12-20,-1,2024-12-20 10:20:00-05:00,2024-12-20 10:25:00-05:00,584.5,585.784557960375,-1.2845579603749684,1.2745579603749775,-1.0078458573959626,-130.45579603749684,stop,2.2594043884330244
2024-12-23,-1,2024-12-23 11:55:00-05:00,2024-12-23 13:35:00-05:00,592.14,593.9156724920477,-1.775672492047761,1.76567249204777,-1.005663564474742,-179.5672492047761,stop,2.009220706260761
2024-12-26,-1,2024-12-26 11:05:00-05:00,2024-12-26 11:40:00-05:00,600.95,601.7837351731589,-0.8337351731588569,0.823735173158866,-1.012139823969933,-85.37351731588569,stop,2.0203692694189415
2024-12-30,-1,2024-12-30 11:20:00-05:00,2024-12-30 11:40:00-05:00,588.24,589.2888554249672,-1.0488554249672006,1.0388554249672097,-1.0096259785141004,-106.88554249672006,stop,2.335136548134544
2025-01-03,-1,2025-01-03 11:35:00-05:00,2025-01-03 13:25:00-05:00,590.23,591.0944953083912,-0.864495308391156,0.854495308391165,-1.0117028144002556,-88.4495308391156,stop,2.394375763679408
2025-01-13,-1,2025-01-13 10:45:00-05:00,2025-01-13 11:05:00-05:00,578.66,577.2505656147894,1.4094343852106022,1.1335824205232257,1.2433453092542244,138.94343852106022,target,2.142502687929746
2025-01-15,-1,2025-01-15 14:40:00-05:00,2025-01-15 15:55:00-05:00,593.6,592.77,0.8300000000000409,1.633688949974271,0.5080526498101812,81.00000000000409,time,2.1310209443822545
2025-01-16,1,2025-01-16 13:50:00-05:00,2025-01-16 14:25:00-05:00,591.47,592.6206420784137,1.1506420784136253,1.2163703192136381,0.9459636265685067,113.06420784136253,target,-2.280166885157698
2025-01-21,1,2025-01-21 10:15:00-05:00,2025-01-21 10:20:00-05:00,598.97,600.1716904858421,1.2016904858420503,0.37943162493479576,3.1670804615945163,118.16904858420503,target,-2.35330614912244
2025-01-24,1,2025-01-24 13:00:00-05:00,2025-01-24 13:10:00-05:00,608.6899999999999,608.0983424458661,-0.5916575541338034,0.5816575541338125,-1.017192246415303,-61.16575541338034,stop,-2.3624592789139904
2025-01-29,1,2025-01-29 13:00:00-05:00,2025-01-29 13:00:00-05:00,602.11,601.3686040254844,-0.7413959745156262,0.7313959745156353,-1.0136724843291807,-76.13959745156262,stop,-2.109870464412688
2025-01-30,1,2025-01-30 11:00:00-05:00,2025-01-30 11:30:00-05:00,601.46,603.1476588168956,1.6876588168955777,1.3884486302744108,1.2154996447812632,166.76588168955777,target,-2.244363822347775
2025-02-03,1,2025-02-03 10:20:00-05:00,2025-02-03 10:20:00-05:00,590.56,592.3386069176119,1.77860691761191,1.5101828299550561,1.177742775465698,175.860691761191,target,-2.0233806015903766
2025-02-06,1,2025-02-06 10:05:00-05:00,2025-02-06 10:05:00-05:00,605.06,605.4806569840654,0.42065698406543106,0.3823115755174058,1.100298842628895,40.065698406543106,target,-2.027732979964529
2025-02-18,1,2025-02-18 14:10:00-05:00,2025-02-18 14:20:00-05:00,608.77,608.372945699212,-0.39705430078799964,0.38705430078800873,-1.0258361681542663,-41.705430078799964,stop,-2.5906721330352225
2025-02-21,1,2025-02-21 10:45:00-05:00,2025-02-21 12:55:00-05:00,605.79,604.1440196492624,-1.6459803507375455,1.6359803507375545,-1.0061125428526587,-166.59803507375455,stop,-2.029143791386593
2025-02-28,-1,2025-02-28 10:15:00-05:00,2025-02-28 10:55:00-05:00,587.47,588.8589458580676,-1.3889458580675864,1.3789458580675955,-1.007251916339924,-140.89458580675864,stop,2.077459351482988
2025-03-06,-1,2025-03-06 10:10:00-05:00,2025-03-06 10:35:00-05:00,577.27,578.8032991482241,-1.5332991482241596,1.5232991482241687,-1.006564698740657,-155.32991482241596,stop,2.071440554153609
2025-03-14,-1,2025-03-14 11:00:00-04:00,2025-03-14 11:20:00-04:00,560.26,561.4464945474717,-1.1864945474717388,1.1764945474717479,-1.008499826898034,-120.64945474717388,stop,2.1710132653493717
2025-03-17,-1,2025-03-17 13:40:00-04:00,2025-03-17 14:10:00-04:00,566.73,568.0642014193234,-1.3342014193233354,1.3242014193233445,-1.0075517212518175,-135.42014193233354,stop,2.1632173556924776
2025-03-19,-1,2025-03-19 14:50:00-04:00,2025-03-19 15:00:00-04:00,566.6,568.8359562599455,-2.2359562599455103,2.2259562599455194,-1.0044924512578857,-225.59562599455103,stop,2.0442831520709843
2025-03-26,1,2025-03-26 11:50:00-04:00,2025-03-26 12:55:00-04:00,571.77,569.8814763831457,-1.888523616854286,1.8785236168542951,-1.005323329400956,-190.8523616854286,stop,-2.018199263874742
2025-03-31,-1,2025-03-31 11:25:00-04:00,2025-03-31 14:05:00-04:00,553.15,555.6692890150985,-2.5192890150984795,2.5092890150984886,-1.0039851925943248,-253.92890150984795,stop,2.0356480322531403
2025-04-03,1,2025-04-03 10:05:00-04:00,2025-04-03 10:10:00-04:00,543.26,541.9929229819354,-1.2670770180645832,1.2570770180645923,-1.0079549620717647,-128.70770180645832,stop,-2.2481720996300916
2025-04-08,-1,2025-04-08 10:05:00-04:00,2025-04-08 10:40:00-04:00,523.2,522.0537174108964,1.1462825891036346,2.15105964129566,0.532892053338506,112.62825891036346,target,2.048673606073397
2025-04-11,-1,2025-04-11 12:35:00-04:00,2025-04-11 13:05:00-04:00,529.75,532.8892165428712,-3.139216542871168,3.129216542871177,-1.003195688078146,-315.9216542871168,stop,2.154619879660411
2025-04-16,-1,2025-04-16 11:30:00-04:00,2025-04-16 11:50:00-04:00,534.65,532.4655142138462,2.1844857861538003,1.8474101108120067,1.1824584987215623,216.44857861538003,target,2.3958889848377596
2025-04-23,-1,2025-04-23 10:35:00-04:00,2025-04-23 10:50:00-04:00,544.7,542.9796668150815,1.7203331849185588,1.5419574005230743,1.1156813958251859,170.03331849185588,target,2.0033595837975127
2025-04-28,1,2025-04-28 11:20:00-04:00,2025-04-28 11:25:00-04:00,549.14,547.7657514997723,-1.3742485002277363,1.3642485002277454,-1.0073300428758554,-139.42485002277363,stop,-2.165813738659148
2025-05-07,1,2025-05-07 14:10:00-04:00,2025-05-07 14:30:00-04:00,556.59,559.3603185891651,2.770318589165072,0.8965004941509278,3.0901473086067064,275.0318589165072,target,-2.405571957756767
2025-05-08,1,2025-05-08 10:15:00-04:00,2025-05-08 10:20:00-04:00,562.88,563.9789658854834,1.0989658854833806,1.1925347494941434,0.9215378301970207,107.89658854833806,target,-2.1034901384171976
2025-05-09,1,2025-05-09 10:20:00-04:00,2025-05-09 10:20:00-04:00,565.76,565.4139728073575,-0.34602719264250936,0.33602719264251846,-1.029759496311447,-36.602719264250936,stop,-2.033659937292482
2025-05-12,1,2025-05-12 10:35:00-04:00,2025-05-12 10:40:00-04:00,577.81,579.0297445777967,1.219744577796746,1.1849145009407493,1.0293945907728732,119.9744577796746,target,-2.3458837489403033
2025-05-14,1,2025-05-14 13:25:00-04:00,2025-05-14 13:50:00-04:00,585.86,587.2128278779571,1.352827877957111,0.8736370536304321,1.5485010306458307,133.2827877957111,target,-2.293435330652087
2025-05-16,1,2025-05-16 10:45:00-04:00,2025-05-16 10:50:00-04:00,589.4399999999999,590.5453959952723,1.1053959952723744,0.2509222865950278,4.405332066244125,108.53959952723744,target,-2.6402384048867207
2025-05-28,1,2025-05-28 15:55:00-04:00,2025-05-28 15:55:00-04:00,587.46,587.7,0.2400000000000091,1.6389141075001135,0.1464384246262231,22.00000000000091,time,-2.1448767253949144
2025-05-29,1,2025-05-29 12:00:00-04:00,2025-05-29 12:35:00-04:00,587.1899999999999,589.4623965578904,2.272396557890488,1.9009450756367414,1.1954035847823352,225.2396557890488,target,-2.0636901440970012
2025-05-30,1,2025-05-30 12:30:00-04:00,2025-05-30 12:30:00-04:00,585.08,583.5630540054842,-1.5169459945158223,1.5069459945158314,-1.0066359378746044,-153.69459945158223,stop,-2.1709189178848574
2025-06-04,1,2025-06-04 12:15:00-04:00,2025-06-04 13:00:00-04:00,595.87,596.8662234612935,0.996223461293539,0.5666978955625837,1.757944522282985,97.6223461293539,target,-2.2947712195506322
2025-06-06,1,2025-06-06 11:25:00-04:00,2025-06-06 11:50:00-04:00,598.34,599.1853778236865,0.8453778236864764,1.6785400421575787,0.5036387589537847,82.53778236864764,target,-2.099003737054926
2025-06-13,1,2025-06-13 10:30:00-04:00,2025-06-13 10:40:00-04:00,596.78,598.4012839882038,1.6212839882037997,1.355726613832985,1.1958782631108908,160.12839882037997,target,-2.054113293348746
2025-06-18,1,2025-06-18 15:00:00-04:00,2025-06-18 15:55:00-04:00,597.27,597.45,0.18000000000006366,1.546169189735565,0.11641675516173514,16.000000000006366,time,-2.0750768735964713
2025-06-25,1,2025-06-25 11:10:00-04:00,2025-06-25 11:30:00-04:00,607.0699999999999,606.7117292400543,-0.35827075994563984,0.34827075994564893,-1.0287132919270958,-37.827075994563984,stop,-2.4235789199178637
2025-06-27,1,2025-06-27 14:30:00-04:00,2025-06-27 15:45:00-04:00,612.35,613.4224620660785,1.072462066078515,1.5924066930861045,0.6734850278731683,105.24620660785149,target,-2.105572287966508
2025-06-30,1,2025-06-30 10:40:00-04:00,2025-06-30 11:05:00-04:00,615.9,616.3493333628833,0.4493333628832943,0.2641411732395227,1.7011106499320334,42.93333628832943,target,-2.216095305901942
2025-07-01,1,2025-07-01 11:15:00-04:00,2025-07-01 11:20:00-04:00,615.74,616.7341596424404,0.9941596424404224,0.7552327706891901,1.316361896654986,97.41596424404224,target,-2.2136412375239725
2025-07-07,1,2025-07-07 10:15:00-04:00,2025-07-07 10:25:00-04:00,622.76,623.25447709405,0.49447709405001206,0.27246887665035047,1.814802116590207,47.447709405001206,target,-2.019434914763069
2025-07-18,1,2025-07-18 10:10:00-04:00,2025-07-18 10:10:00-04:00,628.4399999999999,628.1557145073662,-0.284285492633785,0.2742854926337941,-1.0364583627955204,-30.4285492633785,stop,-2.2190354070342355
2025-07-21,1,2025-07-21 15:50:00-04:00,2025-07-21 15:55:00-04:00,628.78,628.72,-0.05999999999994543,1.6580346224585583,-0.036187422860311895,-7.999999999994543,time,-2.0613782871117063
2025-07-29,1,2025-07-29 10:50:00-04:00,2025-07-29 10:50:00-04:00,637.16,636.5748817635244,-0.5851182364755232,0.5751182364755323,-1.0173877289325295,-60.51182364755232,stop,-2.098177849597545
2025-07-31,1,2025-07-31 10:55:00-04:00,2025-07-31 10:55:00-04:00,637.27,636.7334108756219,-0.5365891243781107,0.5265891243781198,-1.0189901377317667,-55.65891243781107,stop,-2.518035431699678
2025-08-06,-1,2025-08-06 10:10:00-04:00,2025-08-06 10:15:00-04:00,630.55,629.453612075963,1.0963879240370034,0.6298437065439657,1.7407301408995994,107.63879240370034,target,2.4101797239898217
2025-08-07,1,2025-08-07 10:15:00-04:00,2025-08-07 10:20:00-04:00,634.6899999999999,633.5067855692553,-1.1832144307446697,1.1732144307446788,-1.0085235910315589,-120.32144307446697,stop,-2.0583853589668095
2025-08-11,1,2025-08-11 10:50:00-04:00,2025-08-11 11:15:00-04:00,636.79,637.2169005876285,0.4269005876285519,0.2902685544056567,1.470709042192524,40.69005876285519,target,-2.1588869701152413
2025-08-13,1,2025-08-13 10:30:00-04:00,2025-08-13 11:05:00-04:00,644.26,643.5300871597362,-0.7299128402637507,0.7199128402637598,-1.0138905704145063,-74.99128402637507,stop,-2.257113004982323
2025-08-18,1,2025-08-18 10:50:00-04:00,2025-08-18 10:50:00-04:00,642.85,643.1421329863566,0.2921329863565916,0.5232521585045333,0.5583024964321491,27.213298635659157,target,-2.053440629382423
2025-09-03,-1,2025-09-03 10:45:00-04:00,2025-09-03 11:05:00-04:00,643.67,644.1963006684304,-0.5263006684303946,0.5163006684304037,-1.0193685590808776,-54.63006684303946,stop,2.427962050866616
2025-09-04,1,2025-09-04 10:05:00-04:00,2025-09-04 10:05:00-04:00,644.09,643.9934098210712,-0.09659017892886368,0.08659017892887277,-1.115486538123511,-11.659017892886368,stop,-2.1561977591078336
2025-09-05,1,2025-09-05 10:05:00-04:00,2025-09-05 10:10:00-04:00,650.51,649.5718905592906,-0.9381094407093542,0.9281094407093633,-1.0107745914020094,-95.81094407093542,stop,-2.0880970940742194
2025-09-08,1,2025-09-08 10:05:00-04:00,2025-09-08 10:05:00-04:00,648.31,648.4553223990738,0.14532239907384792,0.26571311905911443,0.5469146558831269,12.532239907384792,target,-2.579382630668996
2025-09-15,1,2025-09-15 14:45:00-04:00,2025-09-15 15:40:00-04:00,659.56,660.1682349816313,0.6082349816313126,0.6171869854805436,0.9854954753424346,58.82349816313126,target,-2.1022060951337966
2025-09-17,1,2025-09-17 10:05:00-04:00,2025-09-17 10:15:00-04:00,659.56,659.2442172509981,-0.315782749001869,0.3057827490018781,-1.0327029566992658,-33.5782749001869,stop,-2.0996404700267495
2025-09-19,1,2025-09-19 10:50:00-04:00,2025-09-19 10:50:00-04:00,661.3,661.8184665300034,0.5184665300034794,0.5746872987812139,0.9021715480802056,49.84665300034794,target,-2.245830257429095
2025-09-23,1,2025-09-23 10:25:00-04:00,2025-09-23 10:25:00-04:00,666.47,666.4020284278625,-0.06797157213748051,0.0579715721374896,-1.1724983406741873,-8.79715721374805,stop,-2.501324217097269
2025-09-24,1,2025-09-24 11:45:00-04:00,2025-09-24 11:50:00-04:00,662.16,661.2108390941851,-0.9491609058148924,0.9391609058149015,-1.0106478026694627,-96.91609058148924,stop,-2.0529975639647264
2025-09-26,1,2025-09-26 10:25:00-04:00,2025-09-26 11:25:00-04:00,658.83,659.7377726740305,0.9077726740304115,1.2206746183996984,0.7436647410761268,88.77726740304115,target,-2.0837523825556983
2025-09-30,1,2025-09-30 10:40:00-04:00,2025-09-30 10:45:00-04:00,661.78,662.6059639947339,0.825963994733911,0.19113914834053958,4.321270665402084,80.5963994733911,target,-2.1615623471289025
2025-10-02,1,2025-10-02 10:55:00-04:00,2025-10-02 12:50:00-04:00,667.64,668.3640004224156,0.7240004224156564,1.120646669561097,0.6460559265296458,70.40004224156564,target,-2.0988107968928666
2025-10-07,1,2025-10-07 10:05:00-04:00,2025-10-07 10:25:00-04:00,671.83,671.5314992131053,-0.2985007868946923,0.2885007868947014,-1.0346619505188412,-31.85007868946923,stop,-2.2200510430260856
2025-10-13,-1,2025-10-13 12:20:00-04:00,2025-10-13 14:50:00-04:00,663.6800000000001,662.4898863778192,1.1901136221808883,1.6721690256007378,0.7117184949370368,117.01136221808883,target,2.1391655585796294
2025-10-14,-1,2025-10-14 12:50:00-04:00,2025-10-14 15:35:00-04:00,665.07,661.6381248489556,3.431875151044437,5.936479151308731,0.5780994194661427,341.1875151044437,target,2.0151899765022154
2025-10-15,-1,2025-10-15 10:05:00-04:00,2025-10-15 10:05:00-04:00,668.94,669.7761515767974,-0.836151576797306,0.8261515767973151,-1.012104316303259,-85.6151576797306,stop,2.434609314100549
2025-10-16,1,2025-10-16 10:15:00-04:00,2025-10-16 10:15:00-04:00,665.83,666.5898476497375,0.7598476497374804,0.5666121039334939,1.3410367418248226,73.98476497374804,target,-2.2190975766790135
2025-10-17,-1,2025-10-17 10:15:00-04:00,2025-10-17 10:35:00-04:00,663.12,661.0581657325538,2.0618342674462156,0.902630296276925,2.284251122470245,204.18342674462156,target,2.1444436473866055
2025-10-20,-1,2025-10-20 10:30:00-04:00,2025-10-20 10:45:00-04:00,670.25,671.1760007620135,-0.9260007620134729,0.916000762013482,-1.010917021485888,-94.60007620134729,stop,2.0607636152745323
2025-10-22,1,2025-10-22 10:25:00-04:00,2025-10-22 10:25:00-04:00,670.45,670.1587018060807,-0.29129819391937417,0.28129819391938327,-1.035549463935971,-31.129819391937417,stop,-2.189953704957803
2025-10-29,1,2025-10-29 10:50:00-04:00,2025-10-29 11:20:00-04:00,688.13,688.6489306162005,0.5189306162004641,0.4228049200105488,1.2273523595409368,49.89306162004641,target,-2.1323858649908134
2025-10-30,1,2025-10-30 15:15:00-04:00,2025-10-30 15:55:00-04:00,681.71,679.9030743981461,-1.8069256018538908,1.7969256018539,-1.005565060673449,-182.69256018538908,stop,-2.0459652474593693
2025-10-31,1,2025-10-31 12:00:00-04:00,2025-10-31 12:10:00-04:00,682.2,681.1602108801001,-1.0397891198999787,1.0297891198999878,-1.0097107260183154,-105.97891198999787,stop,-2.130462053951885
2025-11-11,1,2025-11-11 10:20:00-05:00,2025-11-11 10:25:00-05:00,678.92,679.8336935244946,0.9136935244946471,0.3646153651966415,2.5059106436775673,89.36935244946471,target,-2.513420242029358
2025-11-12,1,2025-11-12 11:15:00-05:00,2025-11-12 11:35:00-05:00,681.47,682.9795305499852,1.5095305499851293,1.5104202250215621,0.999410975156652,148.95305499851293,target,-2.178400258607802
2025-11-13,1,2025-11-13 10:50:00-05:00,2025-11-13 11:40:00-05:00,676.22,674.4377912345252,-1.7822087654748202,1.7722087654748293,-1.0056426760745152,-180.22087654748202,stop,-2.1000667455964543
2025-11-20,-1,2025-11-20 10:05:00-05:00,2025-11-20 10:05:00-05:00,674.94,673.9489392246422,0.9910607753578233,1.2107424677361678,0.8185562179964639,97.10607753578233,target,2.0571450844082757
2025-11-24,-1,2025-11-24 10:45:00-05:00,2025-11-24 12:35:00-05:00,666.78,668.5807952413244,-1.8007952413244084,1.7907952413244175,-1.0055841113317876,-182.07952413244084,stop,2.0643165233282477
2025-11-25,-1,2025-11-25 12:05:00-05:00,2025-11-25 15:35:00-05:00,672.22,675.2274887551703,-3.007488755170243,2.9974887551702523,-1.0033361259430056,-302.7488755170243,stop,2.055684767394364
2025-12-02,1,2025-12-02 11:25:00-05:00,2025-12-02 12:15:00-05:00,680.09,681.5919349036833,1.5019349036832637,0.8230113833812993,1.82492603870513,148.19349036832637,target,-2.1995191636648994
2025-12-04,1,2025-12-04 14:25:00-05:00,2025-12-04 14:35:00-05:00,681.88,683.4373095635414,1.5573095635413665,0.7500945637143559,2.0761509799908464,153.73095635413665,target,-2.7022822765863954
2025-12-08,1,2025-12-08 10:15:00-05:00,2025-12-08 10:25:00-05:00,684.9399999999999,684.3424876568814,-0.5975123431185239,0.587512343118533,-1.0170209189936514,-61.751234311852386,stop,-2.1573255843122405
2025-12-16,1,2025-12-16 10:25:00-05:00,2025-12-16 10:25:00-05:00,677.3199999999999,676.5156774206215,-0.8043225793784359,0.794322579378445,-1.0125893437497595,-82.43225793784359,stop,-2.4114689893241854
2025-12-17,1,2025-12-17 10:40:00-05:00,2025-12-17 10:40:00-05:00,676.96,676.0742362640182,-0.8857637359818682,0.8757637359818773,-1.0114186048007334,-90.57637359818682,stop,-2.22106899637138
2025-12-18,-1,2025-12-18 10:35:00-05:00,2025-12-18 12:00:00-05:00,679.55,678.9732772412815,0.5767227587184607,1.3034171912811416,0.44246981133614954,55.67227587184607,target,2.089321688846439
2025-12-26,1,2025-12-26 12:15:00-05:00,2025-12-26 13:50:00-05:00,689.49,690.2166294079631,0.7266294079630597,0.8092804346205185,0.8978709689228866,70.66294079630597,target,-2.2033384593775263
2025-12-29,1,2025-12-29 12:30:00-05:00,2025-12-29 13:20:00-05:00,686.28,687.2850247440317,1.0050247440317435,0.9375030759999845,1.0720228762553523,98.50247440317435,target,-2.2757209761598567
2025-12-31,1,2025-12-31 15:05:00-05:00,2025-12-31 15:55:00-05:00,683.64,682.4078085463557,-1.2321914536443046,1.2221914536443137,-1.008182024158468,-125.21914536443046,stop,-2.112054842467325
2026-01-05,-1,2026-01-05 10:10:00-05:00,2026-01-05 10:20:00-05:00,687.6800000000001,687.9518221036576,-0.27182210365754145,0.26182210365755054,-1.0381938723289397,-29.182210365754145,stop,2.3437279111777287
2026-01-09,1,2026-01-09 10:10:00-05:00,2026-01-09 10:10:00-05:00,689.63,690.8777661615738,1.2477661615738498,0.9762988945167308,1.2780575380979977,122.77661615738498,target,-2.033501384116135
2026-01-14,1,2026-01-14 10:50:00-05:00,2026-01-14 11:20:00-05:00,686.68,688.7191709478873,2.039170947887328,1.799982019632921,1.132884065310378,201.9170947887328,target,-2.0483813143586564
2026-01-20,1,2026-01-20 10:05:00-05:00,2026-01-20 10:05:00-05:00,681.9,681.3484007684925,-0.5515992315074527,0.5415992315074618,-1.0184638371294534,-57.15992315074527,stop,-2.2894676621308343
2026-01-21,-1,2026-01-21 14:40:00-05:00,2026-01-21 15:55:00-05:00,686.38,685.33,1.0499999999999545,3.6056245505748166,0.2912116847641725,102.99999999999545,time,2.1025945039531826
2026-01-28,1,2026-01-28 10:05:00-05:00,2026-01-28 10:05:00-05:00,697.04,696.786125812901,-0.25387418709897247,0.24387418709898157,-1.0410047496987953,-27.387418709897247,stop,-2.0851707930148784
2026-01-30,1,2026-01-30 11:20:00-05:00,2026-01-30 11:40:00-05:00,691.09,692.1684617470886,1.0784617470885678,0.9657711066723778,1.11668462603367,105.84617470885678,target,-2.018255982354184
2026-02-06,-1,2026-02-06 11:15:00-05:00,2026-02-06 12:50:00-05:00,687.34,689.4112478130539,-2.071247813053901,2.0612478130539102,-1.0048514302533935,-209.12478130539012,stop,2.017579665197529
2026-02-10,1,2026-02-10 13:30:00-05:00,2026-02-10 15:50:00-05:00,693.45,692.491690697032,-0.9583093029680185,0.9483093029680276,-1.0105450826736517,-97.83093029680185,stop,-2.164042738519311
2026-02-11,1,2026-02-11 10:10:00-05:00,2026-02-11 10:10:00-05:00,692.68,690.9582835124103,-1.7217164875896742,1.7117164875896833,-1.005842088963034,-174.17164875896742,stop,-2.0008177382114543
2026-02-12,1,2026-02-12 10:40:00-05:00,2026-02-12 10:50:00-05:00,691.15,689.5829270726608,-1.5670729273391544,1.5570729273391635,-1.0064223067683025,-158.70729273391544,stop,-2.065626750442618
2026-02-13,-1,2026-02-13 10:35:00-05:00,2026-02-13 10:40:00-05:00,684.09,681.6081065980358,2.481893401964271,1.3091173554585112,1.8958524929913572,246.1893401964271,target,2.4960912648160214
2026-02-25,-1,2026-02-25 11:45:00-05:00,2026-02-25 12:50:00-05:00,691.9,692.5407531914219,-0.6407531914219362,0.6307531914219453,-1.0158540616773533,-66.07531914219362,stop,2.156660020296763
2026-03-03,-1,2026-03-03 11:50:00-05:00,2026-03-03 13:40:00-05:00,677.59,681.4653292300903,-3.8753292300903013,3.8653292300903104,-1.0025871017459895,-389.5329230090301,stop,2.061392046008193
2026-03-06,-1,2026-03-06 10:25:00-05:00,2026-03-06 10:35:00-05:00,674.01,675.5968694426144,-1.586869442614443,1.576869442614452,-1.006341679107822,-160.6869442614443,stop,2.117445722524494
2026-03-09,-1,2026-03-09 10:50:00-04:00,2026-03-09 11:25:00-04:00,667.6,669.5293714853514,-1.9293714853513393,1.9193714853513484,-1.0052100388467324,-194.93714853513393,stop,2.171193532384936
2026-03-10,-1,2026-03-10 10:40:00-04:00,2026-03-10 10:55:00-04:00,679.5600000000001,681.0747472153533,-1.5147472153532817,1.5047472153532908,-1.0066456344945907,-153.47472153532817,stop,2.228304011349752
2026-03-19,-1,2026-03-19 15:05:00-04:00,2026-03-19 15:05:00-04:00,660.36,661.3270099795951,-0.9670099795951046,0.9570099795951137,-1.0104492118297677,-98.70099795951046,stop,2.4180191622952583
2026-03-24,-1,2026-03-24 11:20:00-04:00,2026-03-24 12:40:00-04:00,655.67,654.0472004399805,1.6227995600194163,2.591347492898308,0.6262377255334393,160.27995600194163,target,2.0066641353482035
2026-03-31,-1,2026-03-31 12:40:00-04:00,2026-03-31 12:40:00-04:00,644.88,645.9860049198127,-1.1060049198126762,1.0960049198126853,-1.0091240466344804,-112.60049198126762,stop,2.2704207920712207
2026-04-01,-1,2026-04-01 10:50:00-04:00,2026-04-01 10:50:00-04:00,656.1800000000001,656.8494409826247,-0.6694409826246783,0.6594409826246874,-1.0151643593035258,-68.94409826246783,stop,2.188505978843135
2026-04-06,-1,2026-04-06 10:25:00-04:00,2026-04-06 10:35:00-04:00,658.66,657.5328787220832,1.1271212779167854,0.8867799595428778,1.271027007080539,110.71212779167854,target,2.384188614618903
2026-04-08,1,2026-04-08 10:40:00-04:00,2026-04-08 10:55:00-04:00,673.33,671.9600848485308,-1.3699151514692858,1.3599151514692949,-1.0073533999449793,-138.99151514692858,stop,-2.052287351184524
2026-04-09,1,2026-04-09 10:20:00-04:00,2026-04-09 10:30:00-04:00,674.43,673.8838797909227,-0.5461202090772304,0.5361202090772395,-1.0186525332018406,-56.612020907723036,stop,-2.086345159601174
2026-04-20,1,2026-04-20 10:45:00-04:00,2026-04-20 10:50:00-04:00,708.12,707.5858550762829,-0.5341449237171219,0.524144923717131,-1.0190786928337927,-55.414492371712186,stop,-2.283964605513454
2026-04-21,1,2026-04-21 11:00:00-04:00,2026-04-21 11:00:00-04:00,707.6,706.579828027248,-1.0201719727519958,1.0101719727520049,-1.0098993045439064,-104.01719727519958,stop,-2.230752635379496
2026-04-27,1,2026-04-27 11:25:00-04:00,2026-04-27 11:55:00-04:00,712.5699999999999,713.4168587416962,0.8468587416962237,0.55027713553784,1.538967707368952,82.68587416962237,target,-2.49469677824905
2026-04-28,1,2026-04-28 10:40:00-04:00,2026-04-28 11:00:00-04:00,710.09,711.0191294890625,0.9291294890624613,0.8913795020226871,1.0423500730655273,90.91294890624613,target,-2.25305957177928
2026-05-01,1,2026-05-01 14:50:00-04:00,2026-05-01 15:25:00-04:00,721.13,722.4886433962243,1.3586433962243518,1.721381942445987,0.7892748045757909,133.86433962243518,target,-2.041388471036549
2026-05-12,1,2026-05-12 11:25:00-04:00,2026-05-12 13:15:00-04:00,732.14,733.6338300412833,1.4938300412833314,2.1477125889772424,0.6955446687560299,147.38300412833314,target,-2.014686255501595
2026-05-18,1,2026-05-18 11:30:00-04:00,2026-05-18 12:20:00-04:00,735.63,737.9291718219719,2.2991718219718678,1.996182988758619,1.151784097409662,227.91718219718678,target,-2.0987465758734216
2026-05-19,1,2026-05-19 10:15:00-04:00,2026-05-19 10:20:00-04:00,732.91,731.9171529651645,-0.9928470348354494,0.9828470348354585,-1.0101745232427395,-101.28470348354494,stop,-2.00114924086841
2026-05-22,1,2026-05-22 10:10:00-04:00,2026-05-22 10:20:00-04:00,746.14,744.8200984349378,-1.319901565062196,1.309901565062205,-1.0076341614261037,-133.9901565062196,stop,-2.0776761804651667
2026-05-26,1,2026-05-26 11:55:00-04:00,2026-05-26 14:15:00-04:00,748.55,749.7635163886702,1.2135163886702003,1.3966579380384019,0.8688715795183015,119.35163886702003,target,-2.127446367830037
2026-05-27,1,2026-05-27 11:45:00-04:00,2026-05-27 12:30:00-04:00,748.64,749.8620312574902,1.2220312574902437,0.6680601535506412,1.8292233880367326,120.20312574902437,target,-2.354399959043019
2026-05-29,1,2026-05-29 10:45:00-04:00,2026-05-29 10:50:00-04:00,755.13,756.5221584616421,1.3921584616421114,1.1536068684360998,1.2067875978663396,137.21584616421114,target,-2.0078122459775516
2026-06-03,1,2026-06-03 12:30:00-04:00,2026-06-03 13:50:00-04:00,754.3199999999999,755.4578782474208,1.137878247420872,1.9686008042872345,0.5780137064572928,111.7878247420872,target,-2.0285115923356645
2026-06-05,1,2026-06-05 11:40:00-04:00,2026-06-05 12:15:00-04:00,746.81,744.8739562211157,-1.9360437788842546,1.9260437788842637,-1.0051919899794717,-195.60437788842546,stop,-2.114083368739217
2026-06-08,-1,2026-06-08 10:55:00-04:00,2026-06-08 11:00:00-04:00,744.12,745.1340441184651,-1.0140441184651081,1.0040441184651172,-1.009959721705534,-103.40441184651081,stop,2.1802612161791406
2026-06-12,-1,2026-06-12 11:15:00-04:00,2026-06-12 11:45:00-04:00,743.14,740.366187622872,2.7738123771280243,3.4946870873124,0.7937226732540548,275.38123771280243,target,2.0200311084166036
2026-06-15,-1,2026-06-15 11:05:00-04:00,2026-06-15 11:30:00-04:00,754.61,755.3602932456012,-0.7502932456011422,0.7402932456011513,-1.0135081605288327,-77.02932456011422,stop,2.428725443814681
2026-06-16,1,2026-06-16 10:20:00-04:00,2026-06-16 10:20:00-04:00,754.0,753.7805545837289,-0.21944541627112812,0.20944541627113722,-1.0477451365516894,-23.944541627112812,stop,-2.0243689243024225
2026-06-17,1,2026-06-17 14:05:00-04:00,2026-06-17 14:05:00-04:00,745.22,744.6691217738671,-0.5508782261329088,0.5408782261329179,-1.018488449926127,-57.08782261329088,stop,-2.1868981527517763
2026-06-18,-1,2026-06-18 13:10:00-04:00,2026-06-18 14:35:00-04:00,747.44,746.3008256534825,1.1391743465175068,1.583826413818315,0.7192545449290535,111.91743465175068,target,2.0038937403275043
2026-06-24,-1,2026-06-24 10:50:00-04:00,2026-06-24 10:55:00-04:00,738.3100000000001,739.1001450168814,-0.7901450168812971,0.7801450168813062,-1.0128181296856407,-81.01450168812971,stop,2.8420241577053162
2026-06-26,-1,2026-06-26 10:05:00-04:00,2026-06-26 10:20:00-04:00,732.19,734.2115217550282,-2.021521755028175,2.011521755028184,-1.0049713606004975,-204.1521755028175,stop,2.0005891242930187
2026-07-02,1,2026-07-02 11:10:00-04:00,2026-07-02 12:55:00-04:00,745.39,742.0997149557044,-3.290285044295615,3.280285044295624,-1.0030485155603721,-331.0285044295615,stop,-2.0377241931844607
2026-07-07,1,2026-07-07 10:15:00-04:00,2026-07-07 10:40:00-04:00,747.02,745.7911622420398,-1.2288377579601502,1.2188377579601593,-1.008204537424839,-124.88377579601502,stop,-2.0605465840959596
2026-07-08,1,2026-07-08 10:40:00-04:00,2026-07-08 10:40:00-04:00,742.28,741.9512043881234,-0.3287956118765578,0.3187956118765669,-1.0313680603729978,-34.87956118765578,stop,-2.4704339022299417
2026-07-13,1,2026-07-13 12:00:00-04:00,2026-07-13 12:25:00-04:00,751.24,750.1559580635127,-1.0840419364873242,1.0740419364873333,-1.0093106234126166,-110.40419364873242,stop,-2.019225668481522
2026-07-15,1,2026-07-15 10:45:00-04:00,2026-07-15 11:05:00-04:00,753.52,754.1457564925512,0.6257564925512042,1.0459022212762648,0.5982934922804001,60.575649255120425,target,-2.0227001328933265
2026-07-16,1,2026-07-16 15:15:00-04:00,2026-07-16 15:55:00-04:00,749.75,750.9392206773275,1.189220677327512,2.3964820845791337,0.49623599733121354,116.9220677327512,target,-2.0518131667579
2026-07-21,-1,2026-07-21 10:30:00-04:00,2026-07-21 11:00:00-04:00,746.84,745.9091252100122,0.9308747899877972,0.6140707236776279,1.5159081097578648,91.08747899877972,target,2.2968443459269654
2026-07-23,1,2026-07-23 10:55:00-04:00,2026-07-23 11:05:00-04:00,738.17,737.0180121635966,-1.1519878364033502,1.1419878364033593,-1.00875666069394,-117.19878364033502,stop,-2.2499316438233445
2026-07-24,-1,2026-07-24 11:00:00-04:00,2026-07-24 11:10:00-04:00,740.58,741.1883880214633,-0.60838802146327,0.5983880214632791,-1.0167115644720581,-62.838802146327,stop,2.209200191390942
2026-07-28,-1,2026-07-28 10:55:00-04:00,2026-07-28 11:20:00-04:00,739.42,740.7736805359455,-1.3536805359455002,1.3436805359455093,-1.0074422451858724,-137.36805359455002,stop,2.264744262950239
2026-07-29,-1,2026-07-29 14:50:00-04:00,2026-07-29 15:15:00-04:00,741.91,737.4477405684478,4.462259431552184,3.4266103320766206,1.3022371962696824,444.2259431552184,target,2.2975429547756585
2026-07-30,-1,2026-07-30 13:10:00-04:00,2026-07-30 15:15:00-04:00,739.78,742.4066302297172,-2.6266302297171933,2.6166302297172024,-1.003821709268058,-264.66302297171933,stop,2.0199388553778315
2026-08-05,1,2026-08-05 10:30:00-04:00,2026-08-05 10:30:00-04:00,774.79,774.553119010482,-0.2368809895179993,0.2268809895180084,-1.0440759713770429,-25.68809895179993,stop,-2.0149808561195215
2026-08-06,1,2026-08-06 11:25:00-04:00,2026-08-06 12:00:00-04:00,768.9399999999999,767.8030896252442,-1.1369103747557574,1.1269103747557665,-1.0088738201581986,-115.69103747557574,stop,-2.25969497158673
2026-08-07,1,2026-08-07 10:15:00-04:00,2026-08-07 10:15:00-04:00,769.88,771.0154168519739,1.1354168519739005,0.82717685855539,1.372640977839771,111.54168519739005,target,-2.030966267317357
2026-08-10,1,2026-08-10 12:45:00-04:00,2026-08-10 14:55:00-04:00,772.17,773.2195134223927,1.0495134223926925,1.0115119258507548,1.0375690049427502,102.95134223926925,target,-2.21578710836603
2026-08-11,1,2026-08-11 11:15:00-04:00,2026-08-11 11:30:00-04:00,772.67,772.0733134928937,-0.5966865071062557,0.5866865071062648,-1.0170448781058803,-61.66865071062557,stop,-2.1492241934347036
2026-08-17,1,2026-08-17 12:55:00-04:00,2026-08-17 13:10:00-04:00,774.88,774.3246559860976,-0.5553440139024133,0.5453440139024224,-1.018337049174579,-57.53440139024133,stop,-2.030981352192346
2026-08-18,1,2026-08-18 10:15:00-04:00,2026-08-18 10:15:00-04:00,768.12,768.570529784828,0.4505297848279497,0.48915515631767903,0.9210365647977667,43.05297848279497,target,-2.1410451953591485
2026-08-20,1,2026-08-20 10:05:00-04:00,2026-08-20 10:15:00-04:00,766.0,765.7074540418464,-0.2925459581535961,0.28254595815360517,-1.0353924723090693,-31.254595815359608,stop,-2.074333616082685
2026-08-21,1,2026-08-21 10:40:00-04:00,2026-08-21 10:40:00-04:00,764.38,764.8702435350397,0.4902435350396672,0.4569348235116877,1.072895979500953,47.02435350396672,target,-2.0457687071739787
2026-08-26,1,2026-08-26 12:40:00-04:00,2026-08-26 13:15:00-04:00,764.16,765.3495132877626,1.1895132877626793,0.7108802949531992,1.6732961881310706,116.95132877626793,target,-2.2939751623481386
2026-08-27,-1,2026-08-27 10:30:00-04:00,2026-08-27 11:00:00-04:00,769.69,770.6007608292056,-0.9107608292055147,0.9007608292055238,-1.0111017260917206,-93.07608292055147,stop,2.099192325462007
2026-08-31,1,2026-08-31 10:25:00-04:00,2026-08-31 10:40:00-04:00,765.02,765.8606582638188,0.8406582638187956,0.4939956619332406,1.7017523201092473,82.06582638187956,target,-2.0630361972010234
2026-09-01,-1,2026-09-01 10:10:00-04:00,2026-09-01 10:10:00-04:00,762.91,762.9587722554298,-0.04877225542986707,0.03877225542987617,-1.2579163860631475,-6.877225542986707,stop,2.899961180397356
2026-09-02,-1,2026-09-02 10:05:00-04:00,2026-09-02 10:10:00-04:00,763.73,764.1626656493039,-0.4326656493038854,0.4226656493038945,-1.0236593629419857,-45.26656493038854,stop,2.2654627525128634
2026-09-03,-1,2026-09-03 11:10:00-04:00,2026-09-03 11:15:00-04:00,770.72,772.0116147403958,-1.2916147403957439,1.281614740395753,-1.0078026568240803,-131.1614740395744,stop,2.247624036481793
2026-09-04,1,2026-09-04 10:10:00-04:00,2026-09-04 10:10:00-04:00,771.54,771.4271053199669,-0.11289468003303682,0.10289468003304592,-1.0971867544248088,-13.289468003303682,stop,-2.567193164974541
2026-09-14,-1,2026-09-14 11:45:00-04:00,2026-09-14 12:45:00-04:00,762.09,763.2638227886385,-1.1738227886385175,1.1638227886385266,-1.0085923734245565,-119.38227886385175,stop,2.4162063289515547
2026-09-16,-1,2026-09-16 11:10:00-04:00,2026-09-16 12:20:00-04:00,760.9,760.0703808567185,0.8296191432814339,0.7833751590954989,1.0590317214542893,80.9619143281434,target,2.1680613295335416
2026-09-18,-1,2026-09-18 14:55:00-04:00,2026-09-18 15:55:00-04:00,761.48,761.65,-0.16999999999995907,1.540982462258171,-0.11031923085668308,-18.999999999995907,time,2.0596226004329194
2026-09-21,-1,2026-09-21 10:25:00-04:00,2026-09-21 11:35:00-04:00,769.02,770.326091815692,-1.3060918156920707,1.2960918156920798,-1.0077155027745093,-132.60918156920707,stop,2.060425804795474
